"customer_id","monetary","frequency","basket_items_mean","basket_items_p95","aov","recency_days","category_diversity","hhi_rev","entropy_rev","returns_abs","returns_cnt","returns_net","returns_ratio","monetary_log","aov_log","frequency_log","returns_abs_log"
12346,497.66,12,15.8333333333333,64.4499999999999,41.4716666666667,325.117361111111,26,0.235016060510616,2.15707368200874,330.87,5,-77621.14,0.00426262742340553,6.21192450079299,3.74883718694267,2.56494935746154,5.80474332596934
12347,5508.52,8,395.75,662.7,688.565,1.87361111111111,126,0.0193263808488308,4.41182057080795,0,0,0,0,8.61423278401472,6.53606096400113,2.19722457733622,0
12348,1779.64,5,514,1065.8,355.928,75.0256944444444,28,0.0690117095262629,2.96180759424039,0,0,0,0,7.48472812922511,5.87753408076709,1.79175946922805,0
12349,3642.94,4,406,614.2,910.735,18.1243055555556,145,0.0106124458526438,4.76946238736448,24.15,1,-24.15,1,8.20082079282168,6.8153493776752,1.6094379124341,3.22485789654575
12350,312.4,1,197,197,312.4,309.867361111111,17,0.0630038231952535,2.79586703551404,0,0,0,0,5.74748032992192,5.74748032992192,0.693147180559945,0
12351,300.93,1,261,261,300.93,374.89375,21,0.0511787101695441,3.00821500854963,0,0,0,0,5.71019520242839,5.71019520242839,0.693147180559945,0
12352,1909.54,10,72.4,119.8,190.954,35.9256944444444,70,0.0208819652341453,4.07227426225262,174.33,3,-960.63,0.181474657256176,7.55514120359529,5.25725575998978,2.39789527279837,5.16666991248204
12353,406.76,2,106,183.4,203.38,203.835416666667,23,0.0562177680820837,3.00053957201265,0,0,0,0,6.01067876603179,5.31998100618406,1.09861228866811,0
12354,1079.4,1,530,530,1079.4,232.027083333333,58,0.0209271105980584,3.97473593635214,0,0,0,0,6.98508662191846,6.98508662191846,0.693147180559945,0
12355,947.61,2,271.5,299.85,473.805,214.000694444444,35,0.0470818279719792,3.3133116180805,0,0,0,0,6.85499775523907,6.16290419342985,1.09861228866811,0
12356,6333.68,6,569.5,1122,1055.61333333333,22.1736111111111,104,0.0362371094444341,3.93328669521643,0,0,0,0,8.75379457845652,6.96282410374328,1.94591014905531,0
12357,17448.66,3,2195.66666666667,3761,5816.22,32.8631944444444,264,0.00813679974439096,5.13522813725897,0,0,0,0,9.76707544320007,8.66857776337782,1.38629436111989,0
12358,3645.07,5,215.8,303.4,729.014,1.1,56,0.105359198178907,2.87011522043307,0,0,0,0,8.20140515417663,6.59306371204073,1.79175946922805,0
12359,7699.79,10,259.2,570.6,769.979,57.04375,310,0.00889843362863778,5.43537342982333,169.35,4,-221.05,0.766116263288849,8.94907819998162,6.6476611358383,2.39789527279837,5.13785514410698
12360,3911.69,8,307.375,613,488.96125,51.9361111111111,163,0.0152164955408715,4.7184159994497,18,1,-40,0.45,8.27198039596962,6.1943263063449,2.19722457733622,2.94443897916644
12361,511.25,4,58.75,86.5,127.8125,286.957638888889,19,0.0657679951698041,2.83129586627292,0,0,0,0,6.23881278711901,4.85835785865068,1.6094379124341,0
12362,5222.49,11,202.727272727273,307.5,474.771818181818,2.88194444444444,201,0.0156109940969792,4.92299908578368,71.65,3,-71.65,1,8.56092103985054,6.16493836572757,2.484906649788,4.28565339001629
12363,552,2,204,274.2,276,109.147222222222,23,0.0613914933837429,2.9758996673157,0,0,0,0,6.31535800152233,5.62401750618734,1.09861228866811,0
12364,1291.5,4,361.5,547.05,322.875,7.10277777777778,70,0.022498874786436,4.05358803015049,0,0,0,0,7.16433360638258,5.78035763888227,1.6094379124341,0
12365,338.69,2,87,164.4,169.345,290.948611111111,22,0.0474506636775085,3.06521242427863,18,1,-320.69,0.0561289719043313,5.82803343699406,5.13782579234073,1.09861228866811,2.94443897916644
12366,500.24,1,296,296,500.24,633.098611111111,3,0.33382030679328,1.09788814934931,0,0,0,0,6.21708502829708,6.21708502829708,0.693147180559945,0
12367,168.9,1,173,173,168.9,3.83472222222222,11,0.102095157570614,2.33884328907127,0,0,0,0,5.13521002867789,5.13521002867789,0.693147180559945,0
12368,917.7,1,330,330,917.7,627.870833333333,18,0.0728515980363139,2.73411296717842,0,0,0,0,6.82295962727742,6.82295962727742,0.693147180559945,0
12369,1637.15,3,413.666666666667,872.3,545.716666666667,413.025694444444,90,0.0248625188057656,4.20372065811402,0,0,0,0,7.40132283531185,6.30393069138225,1.38629436111989,0
12370,4051.75,7,324.142857142857,842.6,578.821428571429,50.9576388888889,170,0.0134209682897593,4.75054636396508,0,0,0,0,8.30715094202168,6.36272017436174,2.07944154167984,0
12371,3671.38,5,287.2,590.8,734.276,44.1486111111111,136,0.0173381652872447,4.58205424704835,0,0,0,0,8.20859523222487,6.60024593893061,1.79175946922805,0
12372,1298.04,3,264.666666666667,353.6,432.68,71.0680555555556,34,0.056271844464778,3.12097272622599,0,0,0,0,7.16938080911414,6.07230693495208,1.38629436111989,0
12373,1017.65,3,172,206.9,339.216666666667,310.986111111111,38,0.0419839597719424,3.39870644754797,0,0,0,0,6.92623350022791,5.82958266955148,1.38629436111989,0
12374,2813.22,4,340.5,729.6,703.305,24.8840277777778,80,0.0198609399273729,4.14439583449635,0,0,0,0,7.94244041514434,6.55721150097365,1.6094379124341,0
12375,413.5,2,89,90.8,206.75,10.0930555555556,14,0.101259809132235,2.4478597292712,2.08,1,-2.08,1,6.02707297457535,5.33633543373556,1.09861228866811,1.12492959698548
12376,437.15,2,120,194.7,218.575,389.024305555556,11,0.138787836203506,2.14904419859768,0,0,0,0,6.08256131750186,5.39169385980318,1.09861228866811,0
12377,3338.32,4,526.25,800.35,834.58,314.878472222222,129,0.0118082288123883,4.6306023731604,0,0,0,0,8.11352247242854,6.72812609449889,1.6094379124341,0
12378,5325.19,2,1574,2282.3,2662.595,129.136111111111,295,0.00409398296731858,5.59861851506857,0,0,0,0,8.58039143978939,7.88743199307597,1.09861228866811,0
12379,1620.22,4,203.75,239.9,405.055,81.1534722222222,64,0.0268016950367992,3.91674567017878,1.95,1,-1.95,1,7.39093423121889,6.00648861840707,1.6094379124341,1.08180517035173
12380,7751.55,11,305,715.5,704.686363636364,21.0576388888889,178,0.0164562502152331,4.69881061542578,297.65,4,-1788.3,0.166442990549684,8.95577710048621,6.55917089464645,2.484906649788,5.69927231917831
12381,1647.31,5,161.6,483.6,329.462,4.00416666666667,70,0.0269031052679167,4.00509866600033,41.35,1,-41.35,1,7.40750579957567,5.80049167537423,1.79175946922805,3.74596842109806
12383,1850.92,5,301.6,716.4,370.184,184.241666666667,84,0.0280009516028454,4.09030402862045,11.25,1,-11.25,1,7.52397821772885,5.91669789653479,1.79175946922805,2.50552593699074
12384,497.27,2,63,63.9,248.635,28.1743055555556,26,0.0519579013344002,3.1398013375358,19.11,1,-19.11,1,6.21114209877902,5.51999985102373,1.09861228866811,3.00121720378456
12385,1938.4,1,612,612,1938.4,378.9,65,0.0356830505444709,3.83087016622477,15,1,-15,1,7.57013392587045,7.57013392587045,0.693147180559945,2.77258872223978
12386,660.8,2,284,413.6,330.4,337.009027777778,10,0.120486613921639,2.21251845682544,0,0,0,0,6.49496339548751,5.80332610499246,1.09861228866811,0
12387,143.94,1,134,134,143.94,414.890972222222,9,0.1342085185209,2.10608076897485,0,0,0,0,4.97631986368114,4.97631986368114,0.693147180559945,0
12388,3903.03,8,250.125,460.85,487.87875,15.0138888888889,84,0.0199980101333844,4.16167959690182,0,0,0,0,8.26976463192969,6.19211450371872,2.19722457733622,0
12389,1433.33,3,204.666666666667,344.3,477.776666666667,402.040277777778,42,0.0528780669988358,3.33730570261984,0,0,0,0,7.26845312020776,6.17123423955286,1.38629436111989,0
12390,549.84,1,353,353,549.84,79.1784722222222,32,0.0365245672357176,3.39172137704435,0,0,0,0,6.31144438585893,6.31144438585893,0.693147180559945,0
12391,2617.72,6,203.333333333333,365.25,436.286666666667,21.0298611111111,245,0.0106573834114783,5.01036358872951,25.6,1,-25.6,1,7.87044092775757,6.08058896782522,1.94591014905531,3.28091121578765
12392,234.75,1,73,73,234.75,590.990277777778,7,0.214806679210317,1.71998377424968,0,0,0,0,5.46277192151357,5.46277192151357,0.693147180559945,0
12393,2399.45,6,218.5,336.75,399.908333333333,71.9229166666667,65,0.0288663178553953,3.84992912643446,22.7,1,-22.7,1,7.78341149876011,5.99373280599599,1.94591014905531,3.16547504814109
12394,1033.12,2,273.5,355.85,516.56,63.2375,26,0.091319081031138,2.75784597370234,0,0,0,0,6.94130610249322,6.24912546044775,1.09861228866811,0
12395,5046.28,15,248.866666666667,830.6,336.418666666667,18.8951388888889,151,0.0207932391505226,4.52114869367663,20.35,3,-20.35,1,8.52660476330347,5.82132449361607,2.77258872223978,3.06105173967463
12396,931.43,1,591,591,931.43,673.977777777778,65,0.016299142456674,4.14267410115283,0,0,0,0,6.83779408167617,6.83779408167617,0.693147180559945,0
12397,2409.9,2,631.5,696.75,1204.95,35.1236111111111,110,0.0198769803043572,4.4030280906487,0,0,0,0,7.78775540075525,7.09502291705785,1.09861228866811,0
12398,1525.66,1,1394,1394,1525.66,45.1409722222222,85,0.0179736882499175,4.25961780121457,0,0,0,0,7.33083762161836,7.33083762161836,0.693147180559945,0
12399,1963.98,7,314,519.2,280.568571428571,119.024305555556,70,0.0252951529198421,3.95592188232673,0,0,0,0,7.58323734613452,5.64037601091249,2.07944154167984,0
12400,205.25,1,91,91,205.25,414.003472222222,11,0.0972333137005019,2.36341930384289,0,0,0,0,5.32908902521479,5.32908902521479,0.693147180559945,0
12401,84.3,1,11,11,84.3,302.958333333333,5,0.216530945656717,1.56986660722418,0,0,0,0,4.44617445449763,4.44617445449763,0.693147180559945,0
12402,1256.9,6,97.3333333333333,149.5,209.483333333333,322.959027777778,43,0.0427425225690777,3.44428549135609,12.75,1,-12.75,1,7.13719894284483,5.34940647342407,1.94591014905531,2.62103882411258
12403,1019.36,2,130,160.6,509.68,49.1243055555556,8,0.174256661785947,1.86180646245609,18,1,-18,1,6.9279107851857,6.23574317095215,1.09861228866811,2.94443897916644
12404,18,1,1,1,18,681.850694444444,1,1,0,0,0,0,0,2.94443897916644,2.94443897916644,0.693147180559945,0
12405,1534.39,1,857,857,1534.39,148.206944444444,54,0.0295019952291369,3.77760537707144,0,0,0,0,7.3365396994118,7.3365396994118,0.693147180559945,0
12406,6216.76,5,651.2,978.6,1243.352,21.7277777777778,124,0.0145317540016012,4.48225931555092,318.15,2,-318.15,1,8.73516499225398,7.12637019147336,1.79175946922805,5.76566121170207
12407,1661.64,5,252.8,460.6,332.328,49.1520833333333,57,0.039310418458512,3.66351670220823,0,0,0,0,7.41616197951082,5.80912699018603,1.79175946922805,0
12408,4277.29,8,278.625,444.3,534.66125,32.0159722222222,104,0.033962543725435,4.00849490890726,61.13,6,-61.13,1,8.3613086760311,6.28350196500832,2.19722457733622,4.1292289640756
12409,23263.15,7,1846.71428571429,3889.6,3323.30714285714,78.1333333333333,185,0.00896940804052438,4.94449688625396,328.82,6,-328.82,1,10.0546688280429,8.10901655328815,2.07944154167984,5.79854705110062
12410,881.71,3,113.666666666667,195.7,293.903333333333,308.090972222222,37,0.0389503605374191,3.46884595560898,12.25,1,-12.25,1,6.78299672083932,5.68664761902399,1.38629436111989,2.58399755243223
12411,346.9,1,138,138,346.9,409.184027777778,22,0.0654503533790744,2.94124475963289,0,0,0,0,5.8519150821579,5.8519150821579,0.693147180559945,0
12412,2597.65,6,332.833333333333,574.25,432.941666666667,74.1486111111111,84,0.0233323055356492,4.10960280161553,15.9,2,-15.9,1,7.86274735839337,6.07291011646461,1.94591014905531,2.82731362192903
12413,967.5,4,79.75,165.15,241.875,66.2013888888889,41,0.0397996007184397,3.48646198322864,63.95,2,-63.95,1,6.87574848284705,5.4925469076976,1.6094379124341,4.17361774311661
12414,640.41,6,82.5,181,106.735,216.957638888889,22,0.065859796405797,2.8943753597331,126,2,-260,0.484615384615385,6.46366887803244,4.6796745081562,1.94591014905531,4.84418708645859
12415,116195.58,28,2309.53571428571,8402.6,4149.84214285714,23.9361111111111,520,0.00485861469257122,5.73958726417775,944.35,5,-1189.08,0.794185420661352,11.663038690953,8.33106651862772,3.36729582998647,6.85155522929394
12416,202.56,1,132,132,202.56,656.104861111111,11,0.102469901844074,2.32396287905953,0,0,0,0,5.31596080172063,5.31596080172063,0.693147180559945,0
12417,6740.74,20,145,270.85,337.037,2.91527777777778,279,0.0177986650980762,5.14244615567352,106.75,7,-108.7,0.982060717571297,8.81607333082612,5.82315535694752,3.04452243772342,4.67981372898386
12418,2021.7,4,272,395.75,505.425,112.1125,92,0.0226215332157737,4.14001088386352,4.25,1,-4.25,1,7.61218853155905,6.22737623769987,1.6094379124341,1.65822807660353
12419,463.49,2,115.5,198.75,231.745,385.115277777778,23,0.0734909463254392,2.8642137622988,0,0,0,0,6.14094002949686,5.44994343364931,1.09861228866811,0
12420,609.03,1,345,345,609.03,63.2048611111111,29,0.0406411917414931,3.2818341875786,0,0,0,0,6.41350813628591,6.41350813628591,0.693147180559945,0
12421,1018.6,6,108.666666666667,154.75,169.766666666667,15.1548611111111,44,0.0483757785534628,3.43837575781278,5.77,2,-5.77,1,6.92716567250196,5.14029810227705,1.94591014905531,1.91250108692418
12422,3910.07,17,142.823529411765,437.4,230.004117647059,95.1680555555556,141,0.0162600320562253,4.59255570910675,90,4,-1112.45,0.0809025124724707,8.27156627283109,5.44243553567487,2.89037175789616,4.51085950651685
12423,2622.39,10,179.3,316.2,262.239,0.111111111111111,127,0.0235343600253727,4.48259464453407,10.2,1,-10.2,1,7.87222265352656,5.57306236476593,2.39789527279837,2.41591377830105
12424,3314.59,4,500.25,813.35,828.6475,162.072222222222,79,0.0321933704812918,3.87757361615621,50.25,3,-50.25,1,8.10639086566746,6.72100091178539,1.6094379124341,3.93671561801852
12425,1743.09,2,573.5,643.25,871.545,77.8465277777778,89,0.0156133782016862,4.3370900470274,60.6,1,-60.6,1,7.46398820864199,6.77141422867782,1.09861228866811,4.12066187053947
12426,1347.96,2,292,322.6,673.98,194.058333333333,74,0.0241035428283097,4.11140906924852,33.8,1,-33.8,1,7.20708920417437,6.51468306080393,1.09861228866811,3.54961738678043
12427,1094.02,3,148,170.6,364.673333333333,21.1625,26,0.0893093289206229,2.82696365101447,82.15,2,-117.43,0.699565698714128,6.99852790692398,5.90174040298149,1.38629436111989,4.42064620563894
12428,6896.06,9,392.888888888889,1104.6,766.228888888889,25.1861111111111,259,0.00985825065257177,5.19498318933055,57.26,3,-79.26,0.722432500630835,8.83885051282799,6.64278517782496,2.30258509299405,4.06491575153129
12429,7465.91,8,418,790.05,933.23875,8.81111111111111,125,0.0229853021814208,4.24019075328414,50.4,1,-50.4,1,8.91823653792972,6.83973202654838,2.19722457733622,3.93963817246112
12430,234.4,1,117,117,234.4,42.9451388888889,11,0.121393551468276,2.24436225132528,0,0,0,0,5.46128619482618,5.46128619482618,0.693147180559945,0
12431,10125.85,27,158.259259259259,306.3,375.031481481481,35.0381944444444,259,0.0214395727418536,4.83404441080618,138.56,6,-138.56,1,9.22294559133358,5.92967286722932,3.3322045101752,4.93849461631857
12432,4215.52,5,360.2,945.2,843.104,42.0881944444444,107,0.0186137338350273,4.30686383800324,0,0,0,0,8.34676542227393,6.73827570975347,1.79175946922805,0
12433,20447.06,10,1668.4,3594.2,2044.706,0.116666666666667,291,0.00749616480063789,5.2164950716298,18,1,-152.4,0.118110236220472,9.92564329144526,7.62349824117179,2.39789527279837,2.94443897916644
12434,1103.43,3,177.333333333333,299.1,367.81,84.05,62,0.0250810960928068,3.93523586688636,40.95,2,-40.95,1,7.00708464375805,5.9102816062823,1.38629436111989,3.73647843291322
12435,12896.09,6,730.333333333333,1052.75,2149.34833333333,79.1972222222222,88,0.0257964011650668,3.97159979548281,0,0,0,0,9.4647569835071,7.67338512350249,1.94591014905531,0
12436,465.01,1,211,211,465.01,99.0701388888889,16,0.0759201120840125,2.65797472219852,0,0,0,0,6.14420709312287,6.14420709312287,0.693147180559945,0
12437,12683.61,39,205.153846153846,379.8,325.220769230769,1.05208333333333,296,0.0197564225900769,4.94551962851588,288.55,8,-288.55,1,9.44814472658637,5.78757435839539,3.68887945411394,5.6683279936718
12438,2672.05,2,590,593.6,1336.025,13.9736111111111,85,0.0253835554775345,4.07328463465735,0,0,0,0,7.89097542153823,7.19820227550604,1.09861228866811,0
12439,1158.18,2,242,431,579.09,682.027083333333,69,0.0166569359929413,4.17198496552211,53.7,1,-53.7,1,7.05546813757951,6.36318326391626,1.09861228866811,4.00186370942794
12440,793.2,2,165.5,246.05,396.6,462.027083333333,22,0.0584487661003553,2.95099224897913,91.05,1,-91.05,1,6.67733531869715,5.98544647478242,1.09861228866811,4.52233190767909
12441,347.1,1,242,242,347.1,366.086805555556,11,0.096232096688527,2.36801002880811,0,0,0,0,5.85248979481739,5.85248979481739,0.693147180559945,0
12442,162.06,1,182,182,162.06,2.93611111111111,12,0.103307138291644,2.37346977227401,0,0,0,0,5.09411823123476,5.09411823123476,0.693147180559945,0
12443,419.31,1,182,182,419.31,731.880555555556,21,0.0634762978524369,2.90235587683393,0,0,0,0,6.04099253425718,6.04099253425718,0.693147180559945,0
12444,4458.18,5,231,514,891.636,20.9770833333333,138,0.0218375480783763,4.44678291082822,0,0,0,0,8.40272017160819,6.79417888299738,1.79175946922805,0
12445,414.98,2,103,139.9,207.49,21.7548611111111,24,0.0493399751711531,3.08811482799154,8.5,1,-8.5,1,6.03063718218245,5.33989107845797,1.09861228866811,2.2512917986065
12446,1002.52,1,352,352,1002.52,57.0416666666667,58,0.0196230147914579,3.985954099143,0,0,0,0,6.91126909828193,6.91126909828193,0.693147180559945,0
12447,476.49,1,190,190,476.49,243.017361111111,26,0.0441318853808077,3.19321438086996,0,0,0,0,6.16854321729311,6.16854321729311,0.693147180559945,0
12448,372.93,1,243,243,372.93,44.0027777777778,22,0.0634554523700382,2.92029049959506,0,0,0,0,5.92406861412143,5.92406861412143,0.693147180559945,0
12449,4811.17,6,376.333333333333,656,801.861666666667,21.9611111111111,126,0.0250929630064885,4.34405844161037,0,0,0,0,8.47890340481634,6.68818242845475,1.94591014905531,0
12450,688.2,5,88.4,130.8,137.64,155.964583333333,31,0.0468219952382002,3.26121135396511,21.25,2,-21.25,1,6.53553150465377,4.93188064540735,1.79175946922805,3.10234200861225
12451,12659.02,8,1166.875,2142.2,1582.3775,10.1736111111111,371,0.0058146819703568,5.55208648771093,123.35,2,-123.35,1,9.44620427547575,7.36731550270837,2.19722457733622,4.82310017024941
12452,386.57,2,92.5,173.95,193.285,16.0986111111111,21,0.059278305557873,2.9371675261652,2,1,-2,1,5.95989647764032,5.26932615319744,1.09861228866811,1.09861228866811
12453,707.09,1,473,473,707.09,133.9875,43,0.0253877211977214,3.71688818548719,0,0,0,0,6.5625712042589,6.5625712042589,0.693147180559945,0
12454,9358.04,5,679.8,880,1871.608,55.8590277777778,24,0.0705678111003514,2.85490688028829,7340.84,4,-12387.07,0.592621176759314,9.14409800010902,7.53508739063066,1.79175946922805,8.90134477139219
12455,5703.65,10,313.4,977.349999999999,570.365,72.9298611111111,198,0.0156864457036503,4.81882538894618,0,0,0,0,8.64903691072096,6.34802823485797,2.39789527279837,0
12456,2851.52,3,544.333333333333,621.2,950.506666666667,43.9645833333333,105,0.0257200933072186,4.21712963057344,27.15,1,-27.15,1,7.95595809310517,6.85804669319265,1.38629436111989,3.3375473545857
12457,2754.12,8,136.875,332.25,344.265,66.0256944444444,63,0.0529822398022281,3.55732321858378,523.6,6,-523.6,1,7.92121627780721,5.84431223812332,2.19722457733622,6.26263606743277
12458,1628.97,4,246.5,281.9,407.2425,70.9340277777778,72,0.0273834144597119,3.96373653356762,0,0,0,0,7.39631688872346,6.01186136058568,1.6094379124341,0
12459,434.36,1,258,258,434.36,604.95625,23,0.0486218169490342,3.0808200117069,0,0,0,0,6.07617327503494,6.07617327503494,0.693147180559945,0
12460,326.65,1,170,170,326.65,455.999305555556,18,0.0594199557550126,2.85520716750025,0,0,0,0,5.79194596548551,5.79194596548551,0.693147180559945,0
12461,717.36,2,143.5,268.15,358.68,93.8701388888889,35,0.0472219056301118,3.31076062098569,0,0,0,0,6.57697083615054,5.88521474726527,1.09861228866811,0
12462,1099.59,2,268,285.1,549.795,18.1520833333333,52,0.0388988338092578,3.69354099387898,65.58,2,-65.58,1,7.00360167863126,6.31136268910814,1.09861228866811,4.19840423214688
12463,1344.78,4,194,216.85,336.195,53.0041666666667,65,0.0317535724643449,3.85597896853186,41.15,3,-41.15,1,7.2047290495946,5.82066139802251,1.6094379124341,3.74123468444786
12464,1212.05,8,14,21,151.50625,9.97013888888889,6,0.252520447607566,1.53468935491521,0,0,0,0,7.10089312820994,5.02720557881422,2.19722457733622,0
12465,742.19,2,239.5,288.55,371.095,16.8444444444444,46,0.0279147605843876,3.72331431492369,8.3,1,-8.3,1,6.6109517320808,5.91914919801424,1.09861228866811,2.23001440015921
12466,18,1,1,1,18,681.85,1,1,0,0,0,0,0,2.94443897916644,2.94443897916644,0.693147180559945,0
12467,132.8,1,129,129,132.8,422.922916666667,9,0.120728017491653,2.15489610594028,132.8,1,-132.8,1,4.89634614769413,4.89634614769413,0.693147180559945,4.89634614769413
12468,3670.74,5,440.2,931.8,734.148,187.093055555556,129,0.0300319302335201,4.28267224535041,46.19,5,-46.19,1,8.20842094313329,6.60007183948674,1.79175946922805,3.8541820057383
12469,2500.06,2,832,1109.2,1250.03,522.048611111111,76,0.0505274982669793,3.67902726199889,0,0,0,0,7.82446992099369,7.13172249099472,1.09861228866811,0
12470,211.95,1,95,95,211.95,689.075694444444,23,0.0552745457053798,2.99712903677732,0,0,0,0,5.36105739636922,5.36105739636922,0.693147180559945,0
12471,39464.03,79,213.810126582278,581.699999999999,499.544683544304,1.87986111111111,271,0.0505615993178686,4.31324387536136,2015.18,50,-2015.18,1,10.5831702423094,6.21569687258105,4.38202663467388,7.60895991091981
12472,17872.96,19,597.368421052632,1322.1,940.682105263158,31.9506944444444,434,0.012600278536226,5.36078728922568,923.9,18,-923.9,1,9.7911001840514,6.84766774974776,2.99573227355399,6.82968562356021
12473,2961.05,5,487.8,1357,592.21,28.9611111111111,140,0.0177576948834398,4.61989270904108,130.46,4,-1090.32,0.119652945924132,7.99363687517143,6.38554846784252,1.79175946922805,4.87870262283543
12474,12383.1,31,256.58064516129,552,399.454838709677,16.9243055555556,389,0.0130972806122261,5.32907482458146,458,23,-458,1,9.42416867073231,5.99260099787731,3.46573590279973,6.12905021006055
12475,1166.64,2,385.5,520.05,583.32,53.1527777777778,55,0.0254607363958721,3.85081587794062,0,0,0,0,7.0627398967008,6.37044877796655,1.09861228866811,0
12476,14097.66,23,245.434782608696,643.3,612.941739130435,15.0069444444444,369,0.0203272908876162,5.22825426262807,389.94,15,-399.79,0.975362065084169,9.55383503638911,6.41990003623533,3.17805383034795,5.96855409552488
12477,20278.05,9,679.888888888889,1027,2253.11666666667,22.1243055555556,341,0.00840445963236408,5.23438999428833,102.73,3,-102.73,1,9.91734361242644,7.7205134530946,2.30258509299405,4.64179136944374
12478,599.99,1,236,236,599.99,3.12083333333333,36,0.0353734688280239,3.46841079487142,0,0,0,0,6.39857829546167,6.39857829546167,0.693147180559945,0
12479,527.68,1,385,385,527.68,10.975,31,0.0410741569570896,3.32073714503343,49.9,2,-49.9,1,6.27038333388961,6.27038333388961,0.693147180559945,3.92986292355648
12480,5158,7,385.714285714286,513.8,736.857142857143,27.9152777777778,179,0.0243626572093839,4.64233248736764,29.75,1,-29.75,1,8.54849804124465,6.60375023249843,2.07944154167984,3.42588999425253
12481,12075.31,15,483.533333333333,1398.9,805.020666666667,22.18125,260,0.012684450057024,5.01704097475889,144.36,3,-144.36,1,9.39900096124915,6.69210938320354,2.77258872223978,4.97921342408792
12482,18508.6,29,580.206896551724,1168,638.227586206897,575.874305555556,42,0.0330827341183478,3.56078097158329,54,3,-1797.87,0.0300355420581021,9.82604479539347,6.46026055091583,3.40119738166216,4.00733318523247
12483,4615.54,19,114.315789473684,228.2,242.923157894737,16.825,71,0.048190672940845,3.55567976685653,151.25,8,-273.71,0.552592159584962,8.43740078574787,5.49685324903247,2.99573227355399,5.02552390659001
12484,6084.95,12,271.583333333333,706.5,507.079166666667,32.0506944444444,337,0.012590401190682,5.27739053170579,66.3,4,-66.3,1,8.71373811484644,6.23063727533172,2.56494935746154,4.20916023665068
12485,708.1,1,414,414,708.1,528.936111111111,34,0.0444273649032367,3.32230684157335,0,0,0,0,6.56399656030995,6.56399656030995,0.693147180559945,0
12486,971.28,1,523,523,971.28,431.066666666667,49,0.0245266195280842,3.79917222436571,0,0,0,0,6.87964382882106,6.87964382882106,0.693147180559945,0
12487,250.5,1,150,150,250.5,730.051388888889,2,0.575746710172469,0.61536166009772,25.5,1,-25.5,1,5.52744298953979,5.52744298953979,0.693147180559945,3.27714473299218
12488,1299.14,3,176.333333333333,259.9,433.046666666667,9.16666666666667,46,0.0351779599413074,3.57856843908293,0,0,0,0,7.17022722995892,6.07315205520152,1.38629436111989,0
12489,334.93,1,105,105,334.93,335.984027777778,15,0.0760548050584869,2.63504889436349,0,0,0,0,5.81690280492547,5.81690280492547,0.693147180559945,0
12490,9714.56,21,272.095238095238,548,462.598095238095,4.86319444444444,224,0.0199975271139708,4.79352299651258,5,1,-5,1,9.18148400297064,6.13901800282492,3.09104245335832,1.79175946922805
12491,460.4,1,260,260,460.4,38.0222222222222,25,0.055699544686334,3.06537656128074,0,0,0,0,6.13426534573965,6.13426534573965,0.693147180559945,0
12492,715.21,3,148,239.1,238.403333333333,62.9409722222222,38,0.0469149069089107,3.39005302258325,0,0,0,0,6.57397342004714,5.47814971672507,1.38629436111989,0
12493,433.74,2,103.5,117.45,216.87,165.147916666667,20,0.0549674145252226,2.94853206092834,16.95,1,-16.95,1,6.07474815124472,5.38389855463824,1.09861228866811,2.88759011493429
12494,1872.87,9,109.777777777778,207,208.096666666667,15.1361111111111,88,0.0341483096165251,4.06468560549213,129.35,8,-129.35,1,7.53576109006129,5.34279666497164,2.30258509299405,4.87022314037951
12495,313.4,1,130,130,313.4,640.08125,17,0.0642488624465433,2.79248019143299,34,1,-34,1,5.75066606055505,5.75066606055505,0.693147180559945,3.55534806148941
12496,54.09,2,16.5,30.45,27.045,619.988888888889,10,0.144796127842502,2.06015734841228,0,0,0,0,4.00896821148462,3.3338103629603,1.09861228866811,0
12497,5077.16,3,1432,2201.9,1692.38666666667,81.05625,43,0.0352337590984067,3.52003802883218,18,1,-36.75,0.489795918367347,8.53270427023614,7.43448574747142,1.38629436111989,2.94443897916644
12498,403.7,3,53,79.8,134.566666666667,20.9979166666667,21,0.0618159286937664,2.92028452954685,0,0,0,0,6.00314605188182,4.90946352424507,1.38629436111989,0
12499,393.72,1,302,302,393.72,559.943055555556,27,0.04582752320236,3.18807544524581,0,0,0,0,5.97817665278105,5.97817665278105,0.693147180559945,0
12500,5497.66,19,155,481,289.350526315789,22.8541666666667,94,0.0520027980256085,3.44172207527527,82.9,6,-82.9,1,8.61225970517277,5.67108890451071,2.99573227355399,4.42962561347316
12501,2172.27,1,1783,1783,2172.27,336.015277777778,149,0.0109528275806273,4.8560886328043,79.71,1,-79.71,1,7.68398822472368,7.68398822472368,0.693147180559945,4.39086248333628
12502,3462.92,5,164,222.2,692.584,95.0819444444444,102,0.0464346193480793,3.970954850549,0,0,0,0,8.15015617472742,6.54187235714951,1.79175946922805,0
12503,210,1,121,121,210,583.99375,2,0.843265306122449,0.292508468472397,18,1,-1126,0.0159857904085258,5.35185813347607,5.35185813347607,0.693147180559945,2.94443897916644
12504,779.05,4,114.5,228.1,194.7625,17.8666666666667,13,0.112062002385895,2.3458245668446,368.05,2,-368.05,1,6.65935802019326,5.27690218979255,1.6094379124341,5.91093213621606
12505,895.2,1,324,324,895.2,408.188888888889,42,0.0363133152905257,3.5713563546176,47.2,2,-47.2,1,6.79816360235204,6.79816360235204,0.693147180559945,3.87535902105655
12506,73.5,1,23,23,73.5,232.205555555556,23,0.061208755611088,2.94397597107106,0,0,0,0,4.31079912538551,4.31079912538551,0.693147180559945,0
12507,1665.97,4,302.75,580.45,416.4925,133.861805555556,46,0.0543575198009903,3.34750729672887,46.75,1,-46.75,1,7.41876288618814,6.0342665800577,1.6094379124341,3.86597906692674
12508,398.47,2,136,196.3,199.235,25.8840277777778,57,0.0307036984538739,3.76202608845998,0,0,0,0,5.99013866851931,5.2994916767758,1.09861228866811,0
12509,176.5,1,55,55,176.5,283.920138888889,7,0.211774430418349,1.70142325067293,0,0,0,0,5.17897060891547,5.17897060891547,0.693147180559945,0
12510,3576.87,9,222.333333333333,484.2,397.43,142.149305555556,97,0.035423053496394,3.99275692896218,139.7,7,-1488.69,0.0938408936716173,8.18252293026159,5.98753182408027,2.30258509299405,4.94662996412034
12511,3084.71,1,1753,1753,3084.71,428.132638888889,190,0.00642988444126071,5.16655399380271,18.25,1,-18.25,1,8.03453705572709,8.03453705572709,0.693147180559945,2.95751106073379
12512,138.03,2,49.5,90.45,69.015,65.9548611111111,31,0.0450582953561219,3.24320908759741,0,0,0,0,4.93468973718145,4.24870950480774,1.09861228866811,0
12513,612.29,1,462,462,612.29,112.124305555556,35,0.0376168793224192,3.42040796286407,25.5,1,-25.5,1,6.41883790726503,6.41883790726503,0.693147180559945,3.27714473299218
12514,1597.76,2,420,438,798.88,266.841666666667,77,0.0198174290215996,4.15047034125721,0,0,0,0,7.37698360776012,6.6844617164168,1.09861228866811,0
12515,332.7,1,131,131,332.7,352.879861111111,16,0.0761286841753163,2.68393001373272,0,0,0,0,5.81024238575733,5.81024238575733,0.693147180559945,0
12516,2631.34,4,482,557.05,657.835,77.1923611111111,55,0.0474825902429112,3.51008118743235,0,0,0,0,7.87562846343358,6.49047312378969,1.6094379124341,0
12517,2502.84,5,274.2,420.8,500.568,27.9486111111111,233,0.0111429090906664,5.08592525135164,37.95,1,-37.95,1,7.82558083241486,6.2177391914304,1.79175946922805,3.66227877231676
12518,2056.89,5,263.6,324,411.378,0.109027777777778,84,0.0248626948598613,4.12793145822631,0,0,0,0,7.62943646501409,6.02194040445408,1.79175946922805,0
12519,726.54,2,197.5,210.55,363.27,63.1833333333333,34,0.0428183694326032,3.36522834935492,31.35,1,-31.35,1,6.58966898035202,5.89789535091182,1.09861228866811,3.47661402094691
12520,2634.26,5,287.8,562.4,526.852,78.9354166666667,121,0.0226289010937856,4.40360801640626,51.75,1,-51.75,1,7.87673712783448,6.26881594138372,1.79175946922805,3.96556377235618
12521,599.68,1,309,309,599.68,142.124305555556,38,0.0345041079005922,3.51639589421301,0,0,0,0,6.39806234681208,6.39806234681208,0.693147180559945,0
12522,209.72,2,97,125.8,104.86,38.8888888888889,11,0.0993745864034802,2.35801219342412,0,0,0,0,5.35053023799497,4.66211746642984,1.09861228866811,0
12523,4365.15,23,98.9130434782609,237.1,189.789130434783,18.9965277777778,184,0.0125665973848509,4.93819578403008,144.3,7,-151.3,0.953734302709848,8.38163689291001,5.25116878902027,3.17805383034795,4.97880057057624
12524,10819.35,17,379.882352941176,710.2,636.432352941176,8.88819444444444,163,0.0408299378278299,4.04561884663869,34.75,1,-34.75,1,9.28918389938192,6.45744815836875,2.89037175789616,3.57655026914002
12525,973.73,3,169.666666666667,269.7,324.576666666667,497.904166666667,56,0.0272926391590582,3.85962745524704,138.55,5,-138.55,1,6.88216050957065,5.78559796898884,1.38629436111989,4.93842295998233
12526,1316.66,3,210.666666666667,308.8,438.886666666667,0.0284722222222222,64,0.0266624957451474,3.96710401941817,0,0,0,0,7.18361271516726,6.0865171179764,1.38629436111989,0
12527,735.51,5,105.2,248.2,147.102,81.0798611111111,26,0.0798173617721942,2.86827629267465,0,0,0,0,6.60192281354303,4.9979012255715,1.79175946922805,0
12528,1933.48,6,126,248.5,322.246666666667,8.92361111111111,51,0.0443087094342711,3.55719363475805,11.2,2,-11.2,1,7.56759383549834,5.77841570566273,1.94591014905531,2.50143595173921
12529,316.48,1,192,192,316.48,528.027777777778,21,0.0507902775928285,3.01080823748765,4.7,1,-4.7,1,5.76041482422267,5.76041482422267,0.693147180559945,1.7404661748405
12530,3658.1,9,282.777777777778,462.8,406.455555555556,59.0527777777778,103,0.0332615586523568,4.06041580032832,69.4,3,-69.4,1,8.2049724945173,6.00993186061144,2.30258509299405,4.254193263164
12531,1921.25,2,559.5,1022.55,960.625,14.0680555555556,126,0.0152020565525538,4.61606815780558,34.15,1,-34.15,1,7.56125165391229,6.8686245617791,1.09861228866811,3.55962461825667
12532,349.83,1,153,153,349.83,29.9604166666667,16,0.073654717410208,2.68723409955001,0,0,0,0,5.86030177565564,5.86030177565564,0.693147180559945,0
12533,1367.89,2,352,470.8,683.945,627.079166666667,63,0.0268030116157853,3.93614684051456,217.9,4,-217.9,1,7.22175547143927,6.52933854306785,1.09861228866811,5.38861500452882
12534,1088.23,1,651,651,1088.23,130.141666666667,63,0.0248664854950921,3.98091830571701,0,0,0,0,6.99322630357124,6.99322630357124,0.693147180559945,0
12535,716.35,2,109.5,114.45,358.175,91.2097222222222,28,0.0498456640458443,3.16789961512892,0,0,0,0,6.5755638665444,5.88380973489678,1.09861228866811,0
12536,4317.63,3,934.333333333333,2521,1439.21,42.9791666666667,260,0.00466210322728035,5.47124930837991,208.89,2,-8495.01,0.0245897297354565,8.37069350131229,7.27254421527073,1.38629436111989,5.34658358395752
12537,666.94,1,449,449,666.94,408.218055555556,43,0.0290188783416864,3.66769266515402,0,0,0,0,6.50419834914327,6.50419834914327,0.693147180559945,0
12538,640.45,2,168,188.7,320.225,28.8152777777778,33,0.0409000127207526,3.35711568884539,0,0,0,0,6.46373123869535,5.77214181216954,1.09861228866811,0
12539,11204.75,7,647.857142857143,1066.4,1600.67857142857,21.9722222222222,277,0.00679846980486517,5.36037306972749,18,1,-1715.85,0.01049042748492,9.3241823183993,7.37880746544242,2.07944154167984,2.94443897916644
12540,21066.54,33,331.484848484848,733.2,638.38,19.0548611111111,362,0.0210248880545453,4.92287456892836,127.2,3,-147.2,0.864130434782609,9.95548874630378,6.46049895681217,3.52636052461616,4.85359154448657
12541,931.18,3,226.666666666667,285.3,310.393333333333,29.0902777777778,47,0.0315767697286454,3.67046767775931,0,0,0,0,6.83752592908502,5.7410568504788,1.38629436111989,0
12542,481.88,2,261,343.8,240.94,483.776388888889,39,0.0305356860610598,3.56108320254241,58.5,2,-58.5,1,6.17976817557948,5.4886897615317,1.09861228866811,4.08597631255158
12543,930.25,1,688,688,930.25,447.915972222222,43,0.0355070291504864,3.57029252541926,0,0,0,0,6.83652776969377,6.83652776969377,0.693147180559945,0
12544,352.7,1,136,136,352.7,35.8576388888889,19,0.0593112374071815,2.88722180131304,17,1,-17,1,5.86844909621144,5.86844909621144,0.693147180559945,2.89037175789616
12545,940.39,2,261.5,337.55,470.195,75.0076388888889,42,0.0379314644419369,3.53749527662229,0,0,0,0,6.84735750643346,6.15527202107564,1.09861228866811,0
12546,1120.14,2,316.5,459.15,560.07,46.0701388888889,59,0.0240576972533566,3.93138175951423,20,1,-20,1,7.02210130376666,6.32984567492227,1.09861228866811,3.04452243772342
12547,353.58,3,103,168.4,117.86,197.05,14,0.0987763022846855,2.45271426369742,0,0,0,0,5.87093399047023,4.77794632993851,1.38629436111989,0
12548,85.2,1,49,49,85.2,165.927083333333,5,0.200753818686769,1.60749921055624,0,0,0,0,4.45667017766965,4.45667017766965,0.693147180559945,0
12549,1399.28,6,199.666666666667,395,233.213333333333,575.072916666667,40,0.0624996233882377,3.29025161536144,0,0,0,0,7.24442749560602,5.45623238094075,1.94591014905531,0
12550,915.31,1,569,569,915.31,78.96875,57,0.0266903123065955,3.8676473308566,0,0,0,0,6.82035473536791,6.82035473536791,0.693147180559945,0
12551,168,1,100,100,168,357.060416666667,10,0.103263180272109,2.2856239369954,0,0,0,0,5.12989871492307,5.12989871492307,0.693147180559945,0
12552,371.82,2,44,80.9,185.91,38.1166666666667,20,0.063861072130311,2.88656757555278,0,0,0,0,5.9210957294411,5.23062721757809,1.09861228866811,0
12553,4584.85,12,193.75,345.9,382.070833333333,7.84166666666667,117,0.0265265819016092,4.25137998441967,59.93,5,-59.93,1,8.43073075464045,5.94821991550979,2.56494935746154,4.1097256642604
12554,438.5,1,240,240,438.5,448.05625,26,0.0498019676803241,3.13988615022248,0,0,0,0,6.08563771712523,6.08563771712523,0.693147180559945,0
12555,18,1,1,1,18,681.85,1,1,0,0,0,0,0,2.94443897916644,2.94443897916644,0.693147180559945,0
12556,603.71,2,179,190.7,301.855,50.0305555555556,101,0.0162259243048612,4.34562931374873,0,0,0,0,6.40474900426828,5.71325414311402,1.09861228866811,0
12557,11234.36,8,571.5,946.9,1404.295,15.8270833333333,23,0.0608677461509965,2.89860115608337,0,0,0,0,9.3268212268297,7.24800252414122,2.19722457733622,0
12558,269.96,1,196,196,269.96,7.08958333333333,11,0.157400093143645,2.05634020869356,269.96,1,-269.96,1,5.60197120850952,5.60197120850952,0.693147180559945,5.60197120850952
12559,561.71,2,141.5,236.45,280.855,310.125694444444,21,0.0857921686027164,2.74053622961727,25.5,1,-25.5,1,6.33276439774036,5.64139275430282,1.09861228866811,3.27714473299218
12560,2134.01,3,370,759.8,711.336666666667,4.95555555555556,91,0.0232776881915285,4.20283074082581,32.62,1,-32.62,1,7.66622660949251,6.56855064609727,1.38629436111989,3.51512112798047
12561,238.85,1,177,177,238.85,302.049305555556,16,0.0682662357646754,2.72801363315177,0,0,0,0,5.48001372794807,5.48001372794807,0.693147180559945,0
12562,4949.64,9,255.888888888889,323,549.96,7.8125,115,0.028172037469256,4.19939404650569,0,0,0,0,8.50727214013442,6.31166221123644,2.30258509299405,0
12563,239.24,1,113,113,239.24,408.165277777778,13,0.11172453783523,2.36911333903001,0,0,0,0,5.48163842367507,5.48163842367507,0.693147180559945,0
12564,456.9,1,133,133,456.9,260.913194444444,21,0.0543349533461319,2.98973273212322,0,0,0,0,6.12665081966305,6.12665081966305,0.693147180559945,0
12565,145.92,1,80,80,145.92,288.094444444444,9,0.120450598381233,2.14520897868892,14.75,1,-14.75,1,4.98988822095147,4.98988822095147,0.693147180559945,2.75684036527164
12566,351.65,1,265,265,351.65,85.9722222222222,19,0.0667806840773733,2.84049076638126,4.95,1,-4.95,1,5.86547606365419,5.86547606365419,0.693147180559945,1.78339121955754
12567,13465.58,15,405.733333333333,907,897.705333333333,22.075,376,0.0123747815728546,5.41856315505469,316.52,2,-316.04,1.00151879508923,9.50796633961686,6.8009552091447,2.77258872223978,5.76054080847481
12568,70,1,48,48,70,644.149305555556,5,0.22285306122449,1.55448383964813,0,0,0,0,4.26267987704132,4.26267987704132,0.693147180559945,0
12569,4124.69,32,56.28125,141.6,128.8965625,1.85138888888889,92,0.0667126265906437,3.77087665079862,59.7,3,-59.7,1,8.32498855750753,4.86673846066282,3.49650756146648,4.10594369806545
12570,18,1,1,1,18,681.806944444444,1,1,0,0,0,0,0,2.94443897916644,2.94443897916644,0.693147180559945,0
12571,520.33,2,261.5,319.55,260.165,39.1048611111111,31,0.0359991142148592,3.37820366876886,0,0,0,0,6.25638323855481,5.56515239148667,1.09861228866811,0
12572,1023.17,2,226,286.3,511.585,8.14583333333333,53,0.0370765813961635,3.65670900549528,15.7,1,-15.7,1,6.93163780744538,6.2394665509189,1.09861228866811,2.81540871942271
12573,717.41,5,95.8,135.4,143.482,226.915277777778,107,0.0288395253381195,4.04065826874443,0,0,0,0,6.57704043671294,4.97315493231927,1.79175946922805,0
12574,218.45,1,61,61,218.45,315.145833333333,11,0.0991014797077623,2.35787099303606,0,0,0,0,5.39112441613424,5.39112441613424,0.693147180559945,0
12575,622.82,2,157.5,157.95,311.41,457.028472222222,34,0.0365910237298758,3.43079115145209,0,0,0,0,6.43586186521793,5.74431642769649,1.09861228866811,0
12576,2087.82,8,186.75,287.65,260.9775,35.1104166666667,116,0.0110966072636875,4.63933633543966,58.85,3,-58.85,1,7.64435459221461,5.56825862221079,2.19722457733622,4.09184143200398
12577,1654.29,8,149.625,320.9,206.78625,34.9763888888889,260,0.00930893669809484,5.072476608543,62.4,1,-62.4,1,7.41173149904688,5.33650990708219,2.19722457733622,4.14946386144318
12578,4292.85,4,550,739,1073.2125,20.9722222222222,151,0.0165411514590699,4.69027719447731,70,3,-70,1,8.36493904536467,6.9793431139704,1.6094379124341,4.26267987704132
12579,440.42,1,285,285,440.42,77.8576388888889,29,0.0449909030260655,3.25616611142048,29.7,2,-29.7,1,6.08999680317223,6.08999680317223,0.693147180559945,3.42426265459315
12580,1052.9,2,284.5,326.35,526.45,246.143055555556,52,0.0262634419618192,3.81999733788922,0,0,0,0,6.96025284793989,6.26805407412782,1.09861228866811,0
12581,197.71,1,161,161,197.71,39.1625,15,0.0717722781444116,2.66959097417099,0,0,0,0,5.29184647541773,5.29184647541773,0.693147180559945,0
12582,1892.4,4,246.25,361.75,473.1,238.211805555556,100,0.0175889648661283,4.39483125377665,0,0,0,0,7.54612943369479,6.16141826990807,1.6094379124341,0
12583,14406.96,27,314.962962962963,520.9,533.591111111111,2.19652777777778,164,0.0195717141163371,4.45383007043122,102.54,4,-102.54,1,9.57553611061651,6.28150217638946,3.3322045101752,4.63995801147376
12584,2308.15,9,46.2222222222222,75.6,256.461111111111,3.13541666666667,45,0.0398638823238103,3.4782479964734,444.2,9,-444.2,1,7.74463477043201,5.55086868388718,2.30258509299405,6.09852361940139
12585,1988.26,2,603.5,845.15,994.13,234.007638888889,77,0.0301906150456322,3.968582255417,57.29,2,-57.29,1,7.59551798926524,6.90287338189053,1.09861228866811,4.06543055205746
12586,2064.83,4,171.75,244.75,516.2075,16.8513888888889,84,0.0217100643396519,4.18448446367378,34,1,-34,1,7.63328736168608,6.24844414795265,1.6094379124341,3.55534806148941
12587,122,1,51,51,122,7.00208333333333,4,0.283375436710562,1.317696063731,0,0,0,0,4.81218435537242,4.81218435537242,0.693147180559945,0
12588,826.78,4,109.5,206,206.695,38.9090277777778,32,0.0486608050522195,3.25838383153496,19.8,1,-19.8,1,6.71874741859754,5.33607065740983,1.6094379124341,3.03495298670727
12589,3657.91,8,220.5,389,457.23875,28.1048611111111,124,0.0195640769015092,4.47852295156186,563.74,3,-1601.49,0.352009690975279,8.2049205678323,6.12739033650029,2.19722457733622,6.33636544824136
12590,9047.26,2,1901.5,3611.95,4523.63,210.956944444444,68,0.0194288656499972,4.06505398540475,10.78,3,-10.78,1,9.11032775301528,8.41729108483504,1.09861228866811,2.46640317822344
12591,1272.15,3,225.666666666667,392.7,424.05,316.927083333333,64,0.0307122178134379,3.90537394614617,0,0,0,0,7.14924942350894,6.05220680906337,1.38629436111989,0
12592,1885.64,5,375,792,377.128,91.9486111111111,52,0.0657726145952034,3.43929938178246,54,3,-1430.04,0.0377611815054124,7.54255274815361,5.93523276263793,1.79175946922805,4.00733318523247
12593,418.1,3,68.6666666666667,95.4,139.366666666667,108.046527777778,14,0.0859113055776004,2.53006828825283,0,0,0,0,6.03810955493103,4.94425804649977,1.38629436111989,0
12594,5016.11,15,184.533333333333,426.5,334.407333333333,37.0208333333333,82,0.0200704134550337,4.09593269150945,45.6,2,-45.6,1,8.52060934969735,5.81534571359055,2.77258872223978,3.8416005411316
12595,299.02,1,271,271,299.02,504.194444444444,19,0.0608579268112456,2.85853491801693,0,0,0,0,5.70384913910074,5.70384913910074,0.693147180559945,0
12596,559.95,2,237,309.9,279.975,51.0333333333333,25,0.0743614188569912,2.94088568425777,0,0,0,0,6.32963177499097,5.63826569740433,1.09861228866811,0
12597,3596.5,4,559,1328.15,899.125,18.9701388888889,185,0.0176767322308834,4.88678731091247,128.09,1,-128.09,1,8.18799443876152,6.80253364256903,1.6094379124341,4.86050983551862
12598,4537.69,11,264.181818181818,466,412.517272727273,9.02222222222222,135,0.016322727102055,4.54857869632846,119.42,4,-119.42,1,8.42039370314241,6.02469928560407,2.484906649788,4.7909856320363
12599,2296.72,13,168.384615384615,328.8,176.670769230769,28.9694444444444,54,0.0392543199367732,3.60807044820804,0,0,0,0,7.73967260590231,5.17993222658631,2.63905732961526,0
12600,5045.6,21,67.3333333333333,134,240.266666666667,28.0979166666667,54,0.121051988236083,2.67762135977616,83.18,5,-88.13,0.943832974015659,8.52647002819645,5.48590282246153,3.09104245335832,4.43295736334242
12601,659.31,6,48.3333333333333,78,109.885,189.147916666667,24,0.0884791648264315,2.79665014304158,7.5,1,-7.5,1,6.49270942171708,4.70849362821999,1.94591014905531,2.14006616349627
12602,153.12,1,162,162,153.12,58.1027777777778,12,0.0938847110713666,2.42602008120933,0,0,0,0,5.03773151975796,5.03773151975796,0.693147180559945,0
12603,739.41,1,64,64,739.41,21.0888888888889,3,0.716793167235077,0.459079879707258,0,0,0,0,6.60720408682099,6.60720408682099,0.693147180559945,0
12604,254.18,2,100.5,133.35,127.09,78.9875,15,0.0793312137064814,2.61690527588268,0,0,0,0,5.5419691784936,4.85273314184304,1.09861228866811,0
12605,1232.95,4,232.25,400.05,308.2375,375.938888888889,63,0.0276868633667914,3.87945481171809,15,1,-15,1,7.11797568500586,5.73410959008381,1.6094379124341,2.77258872223978
12606,18,1,1,1,18,681.852083333333,1,1,0,0,0,0,0,2.94443897916644,2.94443897916644,0.693147180559945,0
12607,1579.51,1,1228,1228,1579.51,59.9055555555556,101,0.0113340716452591,4.54564223988813,1579.51,1,-1579.51,1,7.36550285874733,7.36550285874733,0.693147180559945,7.36550285874733
12608,415.79,1,323,323,415.79,404.084027777778,16,0.201151456243387,2.05373981241842,0,0,0,0,6.03258249782888,6.03258249782888,0.693147180559945,0
12609,3436.34,9,172.555555555556,266.2,381.815555555556,77.8861111111111,133,0.0240500891799832,4.47506535702326,18,1,-18,1,8.14245319543701,5.9475532950007,2.30258509299405,2.94443897916644
12610,1927.54,5,209.8,415.8,385.508,22.1361111111111,85,0.0215631044385686,4.20958535661116,41.55,2,-41.55,1,7.56451851894213,5.95715256639024,1.79175946922805,3.75067985501938
12611,1135.72,1,766,766,1135.72,52.0263888888889,65,0.0209631881836759,4.05282616682141,0,0,0,0,7.03590220132982,7.03590220132982,0.693147180559945,0
12612,704.04,1,262,262,704.04,73.9270833333333,19,0.062913320435845,2.84438655043736,60.45,1,-60.45,1,6.55825453879141,6.55825453879141,0.693147180559945,4.11822383601204
12613,6729.23,10,365.9,817.5,672.923,56.9520833333333,232,0.0138472322013816,5.00456167086565,243.55,3,-243.55,1,8.81436459738913,6.5131158610626,2.39789527279837,5.49941978698537
12614,315.6,1,76,76,315.6,277.102777777778,20,0.0515393255809844,2.9805306556014,0,0,0,0,5.75763914744691,5.75763914744691,0.693147180559945,0
12615,5740.98,8,414.625,650.15,717.6225,1.90833333333333,205,0.0116065623045231,5.00254185054906,176.1,3,-176.1,1,8.65555937756801,6.57733618507151,2.19722457733622,5.17671454478879
12616,1131.1,3,166,211.2,377.033333333333,94.9395833333333,32,0.0514619885874895,3.21065766870696,85.75,4,-85.75,1,7.03182959408406,5.93498237515317,1.38629436111989,4.46303041882697
12617,355.53,1,213,213,355.53,28.9243055555556,39,0.0429865897349706,3.34110394879474,0,0,0,0,5.87641838778646,5.87641838778646,0.693147180559945,0
12618,155.31,1,96,96,155.31,21.0694444444444,11,0.095290013416872,2.37315839730949,0,0,0,0,5.05184121490738,5.05184121490738,0.693147180559945,0
12619,3295.78,10,327.8,643.25,329.578,15.9152777777778,57,0.0420893485944073,3.49481037169428,54.75,4,-426.43,0.128391529676617,8.10070151351749,5.80084263749813,2.39789527279837,4.02087741034023
12620,1339.89,3,393.666666666667,440.3,446.63,14.1041666666667,89,0.0144711733274648,4.35285724313955,0,0,0,0,7.20108885158011,6.10396699832044,1.38629436111989,0
12621,23952.73,35,363.457142857143,623.4,684.363714285714,1.05902777777778,355,0.0211885172926256,4.85488797342986,196.5,9,-196.5,1,10.08387933184,6.52994966710783,3.58351893845611,5.28573858434118
12622,180.1,1,69,69,180.1,231.882638888889,11,0.0974988908931771,2.36190179532619,0,0,0,0,5.19904936488937,5.19904936488937,0.693147180559945,0
12623,3748.05,7,281.714285714286,644.9,535.435714285714,275.958333333333,122,0.0245187738406957,4.36684465525314,108,2,-108,1,8.22925775353681,6.2849467306335,2.07944154167984,4.69134788222914
12624,641.13,2,177.5,204.95,320.565,105.948611111111,36,0.0381025603115384,3.45265057611197,0,0,0,0,6.46479077540302,5.77319970053653,1.09861228866811,0
12625,5164.88,4,827.25,1133.4,1291.22,211.163888888889,151,0.0185968248405251,4.57226762525571,69.5,1,-69.5,1,8.54983074458228,7.16411694848456,1.6094379124341,4.25561270981822
12626,6620.48,9,383.666666666667,746.8,735.608888888889,22.8638888888889,233,0.0165286043529501,4.96455691262995,232.13,4,-232.13,1,8.79807418889882,6.60205707139524,2.30258509299405,5.45159623788926
12627,4512.73,7,381.714285714286,719.3,644.675714285714,10.0298611111111,162,0.0170268020713105,4.68439412356833,0,0,0,0,8.41487914167628,6.47029738747351,2.07944154167984,0
12628,786.46,3,149.333333333333,190.2,262.153333333333,3.98263888888889,34,0.0447742270696071,3.3362219107811,16.85,1,-16.85,1,6.66881257575895,5.57273687876624,1.38629436111989,2.88200350822565
12629,1360.22,2,361,371.8,680.11,385.147222222222,40,0.0805733653754371,3.00817407822264,0,0,0,0,7.21613663543682,6.52372382027134,1.09861228866811,0
12630,1138.88,2,274,283,569.44,9.08472222222222,60,0.0253034559591275,3.93959942086146,0,0,0,0,7.03867827269009,6.34640799286857,1.09861228866811,0
12631,3393.57,6,267.833333333333,450.75,565.595,56.9979166666667,137,0.0114243621949394,4.69455978447732,29.3,1,-29.3,1,8.12993237512283,6.33964476278988,1.94591014905531,3.41114771251532
12632,813.88,2,347,383,406.94,520.174305555556,32,0.0580112059744366,3.13605579926043,66,2,-66,1,6.70304086313629,6.01112010476642,1.09861228866811,4.20469261939097
12633,5581.41,7,451.142857142857,1181.7,797.344285714286,58.0902777777778,229,0.0159119395032896,4.9637648490803,71,3,-82.95,0.855937311633514,8.62737586177513,6.68253994014036,2.07944154167984,4.27666611901606
12634,378,2,168.5,319.25,189,535.15625,20,0.0561073318216175,2.93935347803733,0,0,0,0,5.93753620508243,5.24702407216049,1.09861228866811,0
12635,2952.21,4,487.25,738.05,738.0525,89.1152777777778,160,0.0171154070341078,4.78054969202842,0,0,0,0,7.99064799333667,6.60536896037342,1.6094379124341,0
12636,18,1,1,1,18,738.121527777778,1,1,0,0,0,0,0,2.94443897916644,2.94443897916644,0.693147180559945,0
12637,8280.56,12,357,719,690.046666666667,67.0027777777778,308,0.00778253034618632,5.22185835001404,68.65,2,-68.65,1,9.02178663543026,6.53820735646076,2.56494935746154,4.24348270022581
12638,789.49,2,331.5,552.45,394.745,32.9854166666667,47,0.0428648537895131,3.57244979605032,0,0,0,0,6.67265300634813,5.98077006444252,1.09861228866811,0
12639,1180.37,3,210.333333333333,276.6,393.456666666667,238.043055555556,61,0.0245092794038381,3.95342573798972,0,0,0,0,7.0744300609499,5.97750929056868,1.38629436111989,0
12640,1174.58,3,103.666666666667,225.4,391.526666666667,23.0402777777778,47,0.0482656037931309,3.50186833647632,0,0,0,0,7.06951692181073,5.97260447546663,1.38629436111989,0
12641,163.9,1,72,72,163.9,115.016666666667,10,0.104005999283034,2.28249021822015,0,0,0,0,5.10533922956555,5.10533922956555,0.693147180559945,0
12642,1013.26,3,184,266,337.753333333333,24.9076388888889,39,0.0713573872908958,3.15859901842495,0,0,0,0,6.92191456154005,5.8252722122439,1.38629436111989,0
12643,6550.86,12,315.75,873.35,545.905,128.0375,17,0.0770081156952013,2.67643807720845,378.32,2,-469.52,0.805759073095928,8.78750425778325,6.30427511275014,2.56494935746154,5.93838017601553
12644,1918.49,4,258,336.9,479.6225,129.136805555556,109,0.0117727391242175,4.5837209409453,102.95,2,-102.95,1,7.55981480473726,6.17508213868591,1.6094379124341,4.64391001430402
12645,3539.3,8,265.625,332.15,442.4125,33.0083333333333,114,0.0247067283379094,4.25701816146076,40.2,2,-40.2,1,8.17196674829981,6.09450048803428,2.19722457733622,3.71843825635548
12646,1346.97,2,448.5,484.95,673.485,4.10833333333333,43,0.0376565880523936,3.55340399573027,0,0,0,0,7.20635503603172,6.5139494367052,1.09861228866811,0
12647,17258.24,36,185.833333333333,378.25,479.395555555556,21.9958333333333,271,0.0324932004535677,4.66697615338564,241.56,9,-241.56,1,9.756102931223,6.1746098386134,3.61091791264422,5.49124910245401
12648,1112,4,129.5,184.65,278,154.079861111111,47,0.0329834430477201,3.62092537315037,15,1,-15,1,7.01481435127554,5.63121178182137,1.6094379124341,2.77258872223978
12649,2320.21,8,244.875,504.05,290.02625,106.964583333333,97,0.035763032220618,4.03618580129466,55.95,2,-55.95,1,7.74984388042366,5.67341346928873,2.19722457733622,4.04217368989319
12650,314.44,1,254,254,314.44,2.84444444444444,20,0.160156365236779,2.33365723564663,0,0,0,0,5.75396848956937,5.75396848956937,0.693147180559945,0
12651,377.75,4,66.25,78,94.4375,334.002777777778,30,0.0355881094344102,3.36779191746369,12.45,1,-12.45,1,5.93687635682358,4.55847158297885,1.6094379124341,2.59897910604785
12652,1017.03,2,268,481.3,508.515,330.909722222222,51,0.0338435999349048,3.7268443921451,5.45,1,-5.45,1,6.92562466622438,6.23345929285748,1.09861228866811,1.86408013080768
12653,4160.83,3,560.333333333333,749.1,1386.94333333333,148.13125,77,0.0454609668967812,3.76928862514367,0,0,0,0,8.33371016037213,7.23557831410462,1.38629436111989,0
12654,601.98,5,52.8,74.4,120.396,10.1111111111111,31,0.0440646666690973,3.30060439445724,0,0,0,0,6.40188402868128,4.79905792915341,1.79175946922805,0
12655,261.35,1,80,80,261.35,423.189583333333,16,0.0639072945002456,2.76064992314097,0,0,0,0,5.56967949013272,5.56967949013272,0.693147180559945,0
12656,6407.83,8,357.5,587.75,800.97875,16.9638888888889,179,0.0266143268532801,4.44339087203796,87.05,4,-87.05,1,8.76543200595349,6.68708211125613,2.19722457733622,4.47790483494222
12657,1533.98,4,196,260,383.495,10.8770833333333,35,0.0763302807784509,3.02951383641326,436.52,1,-491.12,0.888825541619156,7.33627263062045,5.95193078495998,1.6094379124341,6.08112241903852
12658,686.05,1,320,320,686.05,18.1027777777778,36,0.0334163959143284,3.50187189147901,0,0,0,0,6.53240706977778,6.53240706977778,0.693147180559945,0
12659,91.68,1,105,105,91.68,29.0395833333333,5,0.214848140127738,1.57574272634853,0,0,0,0,4.52915269956418,4.52915269956418,0.693147180559945,0
12660,245.1,1,127,127,245.1,10.975,13,0.0785518562852721,2.5547164773025,0,0,0,0,5.50573795739701,5.50573795739701,0.693147180559945,0
12661,162,1,216,216,162,435.877777777778,11,0.0926200274348423,2.38869286975537,0,0,0,0,5.09375020080676,5.09375020080676,0.693147180559945,0
12662,6964.12,20,179.05,297.85,348.206,0.0354166666666667,183,0.0197944299058775,4.6449582097565,38.85,2,-38.85,1,8.84867011506764,5.85566200594842,3.04452243772342,3.68512240523622
12663,239.4,2,90.5,99.05,119.7,624.131944444444,9,0.151124207762514,2.03061479236937,35.4,1,-35.4,1,5.48230420266105,4.79330812810349,1.09861228866811,3.5945687746427
12664,5762.04,11,135.909090909091,203,523.821818181818,7.82152777777778,16,0.17275317127649,2.05320165053389,18,1,-18,1,8.65922039224201,6.26305881104507,2.484906649788,2.94443897916644
12665,313.6,3,55,72.8,104.533333333333,324.177777777778,13,0.109511458441795,2.37754480146764,12.15,2,-12.15,1,5.75130199062418,4.6590268587788,1.38629436111989,2.57642175862377
12666,1248.42,1,370,370,1248.42,393.840277777778,31,0.0803126088400137,2.92302111800931,227.44,1,-227.44,1,7.13043472261504,7.13043472261504,0.693147180559945,5.43127359379666
12667,532.61,1,395,395,532.61,57.8680555555556,33,0.0460746765205917,3.31810955134491,0,0,0,0,6.2796652350555,6.2796652350555,0.693147180559945,0
12668,11321.87,10,507.6,982.6,1132.187,11.0791666666667,292,0.0202860749904947,5.01927273587278,63.97,2,-63.97,1,9.33457985319187,7.03278929595268,2.39789527279837,4.17392562489244
12669,1625.73,3,371.666666666667,789.8,541.91,150.163888888889,97,0.0214790605189027,4.35466240014393,18,1,-1136.3,0.015840887089677,7.39432714384739,6.29694356034022,1.38629436111989,2.94443897916644
12670,3760.29,7,232.428571428571,324,537.184285714286,9.89375,72,0.0273603917961013,3.92064036569841,9.9,1,-9.9,1,8.23251726265009,6.28820104001125,2.07944154167984,2.3887627892351
12671,2539.65,1,1356,1356,2539.65,605.888888888889,45,0.0356231929092243,3.53363002015578,0,0,0,0,7.84017523278616,7.84017523278616,0.693147180559945,0
12672,437.05,2,69,77.1,218.525,329.145833333333,22,0.0556526469751403,2.99680025454561,26.55,1,-26.55,1,6.08233305911237,5.39146612124606,1.09861228866811,3.31600253559892
12673,1230.02,3,233.333333333333,332.1,410.006666666667,4.95486111111111,68,0.0231530332880567,3.99828693248316,0,0,0,0,7.11559837300617,6.01860943496484,1.38629436111989,0
12674,1971.32,4,283.25,338.05,492.83,38.0263888888889,52,0.0375524139180008,3.53675289000905,51.29,3,-51.29,1,7.58696579380321,6.2021913284071,1.6094379124341,3.95680514820004
12675,928.5,2,168.5,319.25,464.25,553.167361111111,109,0.0171104071424574,4.38515555440512,23.7,2,-23.7,1,6.8346468071615,6.14257489552236,1.09861228866811,3.20680324363393
12676,2567.09,11,169.727272727273,497,233.371818181818,24.0173611111111,70,0.0296347563558322,3.87671877828795,36,1,-70,0.514285714285714,7.8509177109247,5.45690882087495,2.484906649788,3.61091791264422
12677,395.1,2,88,99.7,197.55,554.972222222222,13,0.107991524368913,2.38682565885016,5.8,1,-5.8,1,5.98166670462787,5.29104095757726,1.09861228866811,1.91692261218206
12678,29501.64,21,970.761904761905,4053,1404.84,42.0319444444444,217,0.00949652842535788,4.95025306152806,430.05,2,-430.05,1,10.2922350298492,7.24839026788659,3.09104245335832,6.06622409265593
12679,1113.02,4,138.5,294.15,278.255,58.0555555555556,43,0.0748132961691237,3.26125483975767,54.35,5,-54.35,1,7.01573037364744,5.63212534289197,1.6094379124341,4.01367665915465
12680,880.81,4,111,211.4,220.2025,0,33,0.0464988059070665,3.25397953511112,0,0,0,0,6.78197661329954,5.39907857157346,1.6094379124341,0
12681,30884.36,45,391.022222222222,833.999999999999,686.319111111111,14.0534722222222,503,0.0162399006757809,5.33378093548355,316.52,11,-316.52,1,10.3380375642058,6.53279868380981,3.8286413964891,5.76054080847481
12682,23862.07,52,210.038461538462,382,458.885961538462,3.11805555555556,370,0.0216327899042364,4.88077348862252,88.1,1,-88.1,1,10.0800873546005,6.13097854904945,3.97029191355212,4.48975933447676
12683,12696.78,21,365.857142857143,763,604.608571428571,3.84652777777778,261,0.018849954147225,4.86408681867306,278.18,6,-278.18,1,9.44918245401723,6.40623385563697,3.09104245335832,5.63185673508461
12684,2275.47,7,280.142857142857,454.3,325.067142857143,7.12291666666667,61,0.037390596198613,3.64063891272067,0,0,0,0,7.73038127656369,5.78710331984441,2.07944154167984,0
12685,2864.52,6,253.833333333333,553.75,477.42,27.9611111111111,117,0.0212271044638021,4.40068731372639,0,0,0,0,7.96050511355215,6.17048900778264,1.94591014905531,0
12686,178.28,1,214,214,178.28,371.124305555556,7,0.154648696297666,1.90537846930268,0,0,0,0,5.18894882949267,5.18894882949267,0.693147180559945,0
12687,1876.91,2,701.5,1331.95,938.455,480.068055555556,126,0.00874219850263056,4.79078921897219,0,0,0,0,7.53791473529717,6.84529991988839,1.09861228866811,0
12688,4672.26,1,3028,3028,4672.26,113.209027777778,170,0.0101495479662834,4.86220148150339,0,0,0,0,8.44961217992859,8.44961217992859,0.693147180559945,0
12689,1247.61,2,314,343.7,623.805,25.1798611111111,57,0.0282373132494775,3.81845601128322,0,0,0,0,7.12978621156562,6.43743960105428,1.09861228866811,0
12690,389.01,1,106,106,389.01,205.195138888889,16,0.0794632329161292,2.65275464472174,0,0,0,0,5.96617237982061,5.96617237982061,0.693147180559945,0
12691,1170.4,7,63.5714285714286,98.4,167.2,27.8340277777778,24,0.10378695215638,2.62449662321784,0,0,0,0,7.06595489365568,5.12515374753885,2.07944154167984,0
12692,110.95,1,36,36,110.95,636.95,13,0.13456666289599,2.27383616833339,0,0,0,0,4.71805234304476,4.71805234304476,0.693147180559945,0
12693,1703.02,7,76.5714285714286,168.1,243.288571428571,126.832638888889,65,0.0565626252905705,3.6432273210889,62.6,4,-62.6,1,7.44074544440958,5.49835019627943,2.07944154167984,4.15261347034608
12694,1843.83,3,451.666666666667,793.7,614.61,70.0305555555556,69,0.0284158042179937,3.91882383350867,3.9,1,-3.9,1,7.52014241130798,6.42261364614728,1.38629436111989,1.58923520511658
12695,1379.65,7,64.8571428571429,150.9,197.092857142857,6.97777777777778,48,0.0364512310039246,3.61252291125222,0,0,0,0,7.2303096817515,5.28873589622888,2.07944154167984,0
12696,785.91,2,282,352.2,392.955,434.129861111111,43,0.0303803959111621,3.63091175676287,18,1,-50.76,0.354609929078014,6.66811388355525,5.97623668957714,1.09861228866811,2.94443897916644
12697,847.59,3,169.333333333333,193.5,282.53,28.16875,37,0.0432293701717491,3.40680167083652,18.57,2,-18.57,1,6.74357614858378,5.64731793767507,1.38629436111989,2.97399778140798
12698,339.75,1,111,111,339.75,589.915972222222,16,0.0805824089370133,2.65536209122599,0,0,0,0,5.83114907057664,5.83114907057664,0.693147180559945,0
12699,638.11,1,373,373,638.11,417.071527777778,41,0.0350953481497823,3.56455315095649,0,0,0,0,6.46007658353742,6.46007658353742,0.693147180559945,0
12700,4942.15,4,741.75,873.35,1235.5375,7.08541666666667,194,0.0138061168658215,4.89776399627361,72,2,-72,1,8.50575805879029,7.120070414039,1.6094379124341,4.29045944114839
12701,2448.57,6,287.833333333333,434.25,408.095,79.1270833333333,120,0.016170346931146,4.53253364592846,0,0,0,0,7.80366777793097,6.01394740291004,1.94591014905531,0
12702,219,1,53,53,219,19.0930555555556,12,0.085060674297867,2.475014854437,0,0,0,0,5.39362754635236,5.39362754635236,0.693147180559945,0
12703,1006.53,4,148.75,315.3,251.6325,70.8319444444444,63,0.0271303794801903,3.9378322412726,114.35,3,-114.35,1,6.91525707005246,5.53193586355623,1.6094379124341,4.74797098461976
12704,2003.89,8,125.75,167.55,250.48625,6.98263888888889,64,0.0519771556586087,3.60349769715584,54,2,-120,0.45,7.60334447539276,5.52738831607704,2.19722457733622,4.00733318523247
12705,11783.24,14,513.428571428571,1050.05,841.66,14.98125,342,0.00914273676930457,5.33572453322311,208.1,8,-208.1,1,9.37451832453385,6.73656355517494,2.70805020110221,5.34281260643459
12707,603.42,1,256,256,603.42,291.175,33,0.0482385680531184,3.27232280239908,0,0,0,0,6.40426932051953,6.40426932051953,0.693147180559945,0
12708,5310.2,18,140.055555555556,191.3,295.011111111111,29.1236111111111,146,0.0259632486131563,4.41509012853241,195.94,12,-195.94,1,8.57757307740495,5.69039699115708,2.94443897916644,5.28289911381966
12709,30151.84,34,394.676470588235,1459,886.818823529412,14.8833333333333,222,0.0153009732241126,4.75470194615927,749.88,21,-780.73,0.960485699281442,10.3140343934074,6.78876769461875,3.55534806148941,6.62124585204611
12710,1149.02,3,283.666666666667,402.2,383.006666666667,96.0763888888889,75,0.0242916425198838,4.11407685868047,18.45,1,-18.45,1,7.04753461251042,5.95065991354814,1.38629436111989,2.96784707006446
12711,1339.05,2,385,454.3,669.525,611.077083333333,56,0.0295941814308165,3.78501515149548,0,0,0,0,7.20046220568166,6.5080609876344,1.09861228866811,0
12712,7197.46,21,111.857142857143,195,342.73619047619,28.1881944444444,128,0.0339445189801265,4.03294746865238,207,7,-214,0.967289719626168,8.88162239323777,5.83987447501364,3.09104245335832,5.33753807970132
12713,848.55,1,508,508,848.55,0.0236111111111111,38,0.036934657960907,3.46066222594678,0,0,0,0,6.74470679753177,6.74470679753177,0.693147180559945,0
12714,14096.35,12,731.166666666667,1173.15,1174.69583333333,8.87986111111111,480,0.0112366723891577,5.66775592290275,0,0,0,0,9.5537421154403,7.06961544987944,2.56494935746154,0
12715,309.86,1,197,197,309.86,105.936111111111,20,0.0603638918072486,2.89856337629557,0,0,0,0,5.73934265005475,5.73934265005475,0.693147180559945,0
12716,1054.93,2,354,488.1,527.465,3.16319444444444,60,0.0248572603450528,3.92312303195515,0,0,0,0,6.96217717419028,6.26997657795175,1.09861228866811,0
12717,1127.44,3,200,260.2,375.813333333333,150.960416666667,62,0.0232099383748212,3.98113301468465,18,1,-50,0.36,7.02859142692211,5.93174992778032,1.38629436111989,2.94443897916644
12718,238.73,1,203,203,238.73,70.8833333333333,19,0.0728334355777773,2.76691885437763,0,0,0,0,5.47951329005448,5.47951329005448,0.693147180559945,0
12719,644.95,2,187,209.5,322.475,4.96180555555556,34,0.0397120577572146,3.40177266074242,36.85,1,-36.85,1,6.47072210140631,5.77912183120202,1.09861228866811,3.63363097988346
12720,8253.71,30,209.766666666667,549.4,275.123666666667,2.19930555555556,296,0.0177284745185066,5.17409259307845,212.79,11,-212.79,1,9.01853922551304,5.62084883299767,3.43398720448515,5.36499422481232
12721,4020.28,8,331.875,448.95,502.535,31.0256944444444,187,0.0154955586608927,4.88077304959045,106.4,2,-106.4,1,8.29935553889221,6.22165322314883,2.19722457733622,4.67656018207476
12722,998.11,4,141.5,363.4,249.5275,84.9583333333333,50,0.0314096204670602,3.70076509049663,93.3,2,-93.3,1,6.90686488269699,5.52356869493861,1.6094379124341,4.54648118963941
12723,725.07,5,86.8,207.2,145.014,3.10486111111111,53,0.0453943734576202,3.49770977510447,0,0,0,0,6.58764642890959,4.9837025075221,1.79175946922805,0
12724,2317.52,7,197,428.9,331.074285714286,4.86666666666667,98,0.0212972041470788,4.31876553505992,0,0,0,0,7.74868433006129,5.80535869603917,2.07944154167984,0
12725,2423.52,4,326.5,648.45,605.88,370.878472222222,97,0.0163947910466971,4.3551397183753,0,0,0,0,7.79338884563491,6.40833107794059,1.6094379124341,0
12726,4003.32,11,413.272727272727,660.5,363.938181818182,27.96875,67,0.0319608715354068,3.78644973048108,0,0,0,0,8.29512905732159,5.89972797435695,2.484906649788,0
12727,5692.01,10,283.2,590.7,569.201,10.0444444444444,134,0.0404751338197141,4.14613644582481,33,2,-33,1,8.64699438549266,6.34598893024764,2.39789527279837,3.52636052461616
12728,1070.17,5,108.6,155.2,214.034,70.9298611111111,48,0.0392351800223698,3.59795938599734,0,0,0,0,6.97650678801018,5.37079615515981,1.79175946922805,0
12729,453.01,1,233,233,453.01,113.090277777778,26,0.0430599299871269,3.20078021849122,0,0,0,0,6.11811922423049,6.11811922423049,0.693147180559945,0
12730,828.3,1,234,234,828.3,521.063194444444,47,0.0395094228612023,3.65314150381001,0,0,0,0,6.72058197145716,6.72058197145716,0.693147180559945,0
12731,25236.05,17,659.941176470588,1155.4,1484.47352941176,23.0354166666667,151,0.0204088042893008,4.4077216369039,102.5,2,-102.5,1,10.1360684318529,7.30348887543172,2.89037175789616,4.63957161270542
12732,236.26,1,111,111,236.26,179.095138888889,12,0.111630894684642,2.31574009354671,0,0,0,0,5.46915658623296,5.46915658623296,0.693147180559945,0
12733,2424.87,4,224,367.45,606.2175,233.896527777778,121,0.0208314603947246,4.31343085505975,98.05,2,-98.05,1,7.79394550191816,6.40888704648297,1.6094379124341,4.59562477314456
12734,639.65,3,88.3333333333333,89.8,213.216666666667,352.002083333333,17,0.164817115179453,2.32992450751167,0,0,0,0,6.46248328595559,5.36698796388803,1.38629436111989,0
12735,779.57,2,184,255.1,389.785,314.967361111111,38,0.0435786759008829,3.40291724127921,0,0,0,0,6.66002442203258,5.96815753662749,1.09861228866811,0
12736,234,1,173,173,234,332.203472222222,4,0.274319526627219,1.34196601558304,0,0,0,0,5.45958551414416,5.45958551414416,0.693147180559945,0
12737,36,2,1,1,18,498.05625,2,0.5,0.693147180559945,0,0,0,0,3.61091791264422,2.94443897916644,1.09861228866811,0
12738,310.7,1,296,296,310.7,371.765972222222,11,0.0957934309281584,2.37118171452374,0,0,0,0,5.74204118677329,5.74204118677329,0.693147180559945,0
12739,2342.48,4,237.75,481.7,585.62,78.0347222222222,85,0.0269049768792423,4.06156331354071,0,0,0,0,7.75939228308269,6.37437725074563,1.6094379124341,0
12740,427.6,1,342,342,427.6,63.1291666666667,27,0.0427204376068137,3.22575216134363,0,0,0,0,6.06052408303948,6.06052408303948,0.693147180559945,0
12741,254.07,2,107,202.4,127.035,528.968055555556,16,0.0713249648886514,2.70966045380666,0,0,0,0,5.54153801729143,4.8523036640424,1.09861228866811,0
12742,1130.96,1,1023,1023,1130.96,625.004861111111,67,0.0177509067847163,4.11716845436189,16.5,1,-16.5,1,7.03170592244976,7.03170592244976,0.693147180559945,2.86220088092947
12743,546.45,2,159.5,200.45,273.225,133.895138888889,114,0.0152794338181661,4.42339517469311,0,0,0,0,6.30527113331943,5.6139489372974,1.09861228866811,0
12744,12934.56,11,620.545454545455,1688,1175.86909090909,51.1055555555556,253,0.0119566297140001,5.06611855218224,126,3,-12158.9,0.0103627795277533,9.46773538707303,7.07061287839751,2.484906649788,4.84418708645859
12745,741.85,3,156,261.1,247.283333333333,486.15,21,0.0896854012474411,2.73665611293369,0,0,0,0,6.61049414008336,5.51457056715749,1.38629436111989,0
12746,254.55,1,97,97,254.55,540.13125,17,0.0595305298217887,2.82717846442955,23.7,2,-23.7,1,5.54341808521429,5.54341808521429,0.693147180559945,3.20680324363393
12747,9272.64,26,106.076923076923,206.25,356.64,1.92777777777778,90,0.0734423543443474,3.44089044954605,111.95,6,-111.95,1,9.13493124599654,5.87952689386712,3.29583686600433,4.72694524291401
12748,51442.98,337,110.124629080119,420.8,152.649792284866,0.0208333333333333,2371,0.0016106104373226,7.03291213029844,2258.76,28,-6629.26,0.340725812534129,10.8482487276136,5.03467593670358,5.82304589548302,7.72301389193701
12749,6836.66,9,262.222222222222,650.4,759.628888888889,3.12083333333333,262,0.0065160348817309,5.35871752527088,561.92,7,-568.87,0.987782797475697,8.83020084682208,6.63414557648322,2.30258509299405,6.33313752212837
12750,275.88,1,137,137,275.88,128.192361111111,15,0.0777227688116758,2.63527896431622,0,0,0,0,5.62358419932709,5.62358419932709,0.693147180559945,0
12751,268.27,1,189,189,268.27,444.042361111111,60,0.028717965339113,3.7817166300686,0,0,0,0,5.59571459368639,5.59571459368639,0.693147180559945,0
12752,4366.78,1,2262,2262,4366.78,81.0125,53,0.0334785906068688,3.62905584806192,0,0,0,0,8.38201014985595,8.38201014985595,0.693147180559945,0
12753,21241.47,6,1875.5,2805.75,3540.245,22.0819444444444,133,0.014542090822599,4.53733090060966,405.38,5,-405.38,1,9.96375775861355,8.17223363921291,1.94591014905531,6.00728868245487
12754,1081.38,3,560.333333333333,1472.5,360.46,235.201388888889,49,0.115621637887464,2.5915743596951,34.05,2,-61.62,0.552580331061344,6.98691759922837,5.89015138540749,1.38629436111989,3.5567756134806
12755,2053.86,11,95,358,186.714545454545,280.005555555556,34,0.134817909489944,2.46874460396931,1319.91,11,-2624.31,0.502955062473564,7.62796299808894,5.2349224336883,2.484906649788,7.18607617199697
12756,112.08,1,144,144,112.08,86.1798611111111,4,0.372503886028181,1.16719640630561,0,0,0,0,4.72809553282539,4.72809553282539,0.693147180559945,0
12757,4239.32,13,184.769230769231,692.199999999999,326.101538461538,15.0138888888889,239,0.0121394691183158,4.81676527267956,102,6,-3629.4,0.0281038188130269,8.35239401707627,5.79027063787029,2.63905732961526,4.63472898822964
12758,9903.24,7,879.285714285714,1329.5,1414.74857142857,116.144444444444,203,0.0121434547782057,4.85203017653615,124.24,1,-124.24,1,9.20071822726405,7.25541369593713,2.07944154167984,4.8302318964582
12759,5020.74,8,400.25,651.6,627.5925,51.9590277777778,214,0.0140094059477635,4.96211561397804,0,0,0,0,8.52153176617499,6.44348319301644,2.19722457733622,0
12760,347.8,1,198,198,347.8,455.208333333333,21,0.0538712687091555,2.97930449774809,0,0,0,0,5.85449869203482,5.85449869203482,0.693147180559945,0
12761,775.95,2,140.5,266.05,387.975,457.064583333333,27,0.0491693755988665,3.15748903176679,0,0,0,0,6.65537599823274,5.96351507420103,1.09861228866811,0
12762,1828.52,2,613.5,990.15,914.26,7.10208333333333,62,0.0317033049118,3.74956453235187,0,0,0,0,7.51180891634813,6.81920817791717,1.09861228866811,0
12763,814.16,2,256,378.4,407.08,137.984722222222,16,0.120884844492051,2.36074999891092,0,0,0,0,6.70338441299121,6.01146323361467,1.09861228866811,0
12764,1693.88,1,386,386,1693.88,316.104861111111,45,0.0352240889082656,3.56834189771256,0,0,0,0,7.43536722084819,7.43536722084819,0.693147180559945,0
12765,1404.58,6,168.166666666667,274,234.096666666667,471.999305555556,49,0.0608824078104589,3.36399178726644,0,0,0,0,7.24820530797257,5.45999677708169,1.94591014905531,0
12766,9728.78,9,605.111111111111,934.4,1080.97555555556,3.16944444444444,255,0.0107004297334915,5.08356498198019,41.85,2,-41.85,1,9.18294656444139,6.98654386724324,2.30258509299405,3.75770564504379
12767,951.98,1,598,598,951.98,375.133333333333,43,0.035058562707485,3.58461452714316,0,0,0,0,6.85959391707512,6.85959391707512,0.693147180559945,0
12768,168.69,1,102,102,168.69,450.070833333333,10,0.102184699164204,2.29062749827175,168.69,1,-168.69,1,5.13397324298473,5.13397324298473,0.693147180559945,5.13397324298473
12769,1143.6,1,356,356,1143.6,238.142361111111,32,0.0569011620673215,3.174565141826,0,0,0,0,7.042810509975,7.042810509975,0.693147180559945,0
12770,3211.89,2,897.5,1036.55,1605.945,210.178472222222,20,0.0692837869389297,2.8344139457758,270.5,5,-270.5,1,8.07492612261321,7.38209013988735,1.09861228866811,5.60396213937399
12771,262.3,1,104,104,262.3,485.082638888889,15,0.0735223859901464,2.66393749929696,19.8,1,-19.8,1,5.57329406650226,5.57329406650226,0.693147180559945,3.03495298670727
12772,842.47,1,556,556,842.47,59.1881944444444,55,0.0288668933183908,3.8242082634084,0,0,0,0,6.73752433525988,6.73752433525988,0.693147180559945,0
12773,124.25,1,109,109,124.25,563.847222222222,6,0.512927039905429,1.04185667341156,124.25,1,-124.25,1,4.83031173996497,4.83031173996497,0.693147180559945,4.83031173996497
12774,98.7,1,53,53,98.7,535.133333333333,6,0.174545689710923,1.76692356387358,0,0,0,0,4.60216567696779,4.60216567696779,0.693147180559945,0
12775,1686.12,7,154.714285714286,281.3,240.874285714286,16.8451388888889,56,0.0352118331190209,3.67266918624677,34.8,1,-34.8,1,7.43077821220351,5.48841811066045,2.07944154167984,3.57794789340665
12776,45.5,1,46,46,45.5,667.027083333333,4,0.279555609225939,1.33205833426934,0,0,0,0,3.83945231259331,3.83945231259331,0.693147180559945,0
12777,519.45,1,458,458,519.45,457.09375,26,0.0423305020050667,3.21070689683797,0,0,0,0,6.25469382196148,6.25469382196148,0.693147180559945,0
12778,1775.68,9,192.777777777778,379.2,197.297777777778,19.0555555555556,78,0.0316088912899741,4.00639062452768,18,1,-18,1,7.48250173315405,5.28976982909774,2.30258509299405,2.94443897916644
12779,6723.23,14,260.071428571429,504.45,480.230714285714,37.0465277777778,145,0.0151206229707019,4.54198962388123,315.51,7,-315.51,1,8.81347269977336,6.1763468105875,2.70805020110221,5.75735483666172
12780,337.4,1,285,285,337.4,598.173611111111,20,0.0647639152077904,2.8585448354638,0,0,0,0,5.82422862773207,5.82422862773207,0.693147180559945,0
12781,804.74,2,335.5,344.95,402.37,63.1340277777778,25,0.0493554187598728,3.10559302259566,119.02,3,-119.02,1,6.69176110982114,5.99985425488161,1.09861228866811,4.78765839556137
12782,4348.24,11,183.363636363636,333,395.294545454545,4.14861111111111,149,0.0214370148324914,4.56407758136196,92.2,3,-92.2,1,8.37775639617502,5.98215773642401,2.484906649788,4.53474772169155
12783,1532.03,6,104,205.25,255.338333333333,1.87083333333333,76,0.0291516568443554,4.05586931596069,36,2,-622.04,0.0578740916982831,7.33500144815196,5.54649818649905,1.94591014905531,3.61091791264422
12784,1714.75,3,294,553.6,571.583333333333,8.88333333333333,122,0.0183080897730452,4.47411513289671,0,0,0,0,7.44760558178874,6.35015828524308,1.38629436111989,0
12785,1018.45,3,151,169.8,339.483333333333,363.959722222222,43,0.03965931369512,3.53153431981863,21.09,2,-21.09,1,6.92701854516298,5.83036617676555,1.38629436111989,3.09512501743203
12786,728.5,1,324,324,728.5,609.068055555556,18,0.0734933290120965,2.71911295608125,0,0,0,0,6.59235936796284,6.59235936796284,0.693147180559945,0
12787,862.18,4,127.5,233.4,215.545,9.17083333333333,31,0.0473563299741837,3.22850399978157,3,1,-3,1,6.76062324407402,5.37779837803826,1.6094379124341,1.38629436111989
12788,444.9,4,48.5,71.7,111.225,462.978472222222,20,0.0641975656678136,2.88093421881024,0,0,0,0,6.10009471163343,4.720505784668,1.6094379124341,0
12789,249.45,3,12,16,83.15,65.0111111111111,5,0.406451258312485,1.18800598723049,0,0,0,0,5.52325929980363,4.43260092063681,1.38629436111989,0
12790,591.85,2,153,164.7,295.925,191.983333333333,36,0.0366200459853679,3.4422587610238,28.4,1,-28.4,1,6.38494141590408,5.6934795816603,1.09861228866811,3.38099467434464
12791,942.43,6,75,162.75,157.071666666667,373.057638888889,17,0.261969146389792,1.97905686991342,36,2,-278.36,0.129328926569909,6.84952217021736,5.0630485166856,1.94591014905531,3.61091791264422
12792,787.01,2,197,215,393.505,256.093055555556,39,0.0339369912416736,3.53585781086353,13.13,1,-13.13,1,6.66951078013269,5.97763181447684,1.09861228866811,2.64830019669644
12793,957.33,3,175.333333333333,223.6,319.11,334.026388888889,34,0.0509000903444965,3.25298346502884,0,0,0,0,6.86519218629642,5.76866468672528,1.38629436111989,0
12794,862.57,2,296,358.1,431.285,52.9555555555556,43,0.0322592913186342,3.60765871119347,0,0,0,0,6.76107495973249,6.06908509294529,1.09861228866811,0
12795,390.48,1,68,68,390.48,18.0993055555556,14,0.0985869279405054,2.47473264680181,0,0,0,0,5.96993442855762,5.96993442855762,0.693147180559945,0
12796,381,1,182,182,381,627.875694444444,7,0.147653295306591,1.92635761085548,0,0,0,0,5.94542060860658,5.94542060860658,0.693147180559945,0
12797,766.11,2,166.5,229.05,383.055,365.079861111111,27,0.0581620825727962,3.0708805620649,80.65,4,-80.65,1,6.64263020699031,5.95078577149808,1.09861228866811,4.40244181941647
12798,1700.21,4,613.75,1395.55,425.0525,9.87361111111111,27,0.179057841627899,2.27939580088929,0,0,0,0,7.43909504156582,6.05456257811263,1.6094379124341,0
12799,219.35,1,137,137,219.35,528.911805555556,15,0.0704496141463612,2.68007673423216,0,0,0,0,5.395217191288,5.395217191288,0.693147180559945,0
12800,554.25,3,94.6666666666667,185.8,184.75,469.985416666667,31,0.0416836213545675,3.32227505127243,0,0,0,0,6.31941846277454,5.22440168359787,1.38629436111989,0
12801,917.92,1,505,505,917.92,500.175,50,0.0280024072108493,3.78434265011317,18,1,-39.95,0.450563204005006,6.82319906742397,6.82319906742397,0.693147180559945,2.94443897916644
12802,2379.64,7,266.857142857143,551.8,339.948571428571,186.176388888889,108,0.0193946757649249,4.38870397305596,66,2,-66,1,7.77512463807939,5.83173164898449,2.07944154167984,4.20469261939097
12803,1092.81,1,872,872,1092.81,392.911805555556,55,0.0267676678395476,3.8294849584994,0,0,0,0,6.99742229331008,6.99742229331008,0.693147180559945,0
12804,327.02,2,135.5,166.55,163.51,465.077777777778,60,0.0303102818635647,3.78099769825676,0,0,0,0,5.79307458213496,5.10297135863133,1.09861228866811,0
12805,1434.95,4,148.25,238.25,358.7375,381.015972222222,49,0.0465925765364404,3.51327356458581,0,0,0,0,7.26958193006047,5.88537459881218,1.6094379124341,0
12806,2202.92,4,425.75,1118.95,550.73,435.011111111111,58,0.026080896624795,3.82944641756219,0,0,0,0,7.69799287197338,6.313058796179,1.6094379124341,0
12807,286.35,1,145,145,286.35,382.936805555556,16,0.0682933371798473,2.73245506018259,38.4,2,-60.4,0.635761589403974,5.66070098495375,5.66070098495375,0.693147180559945,3.67376581630389
12808,886.1,5,75,103.8,177.22,36.1145833333333,46,0.0251600280656545,3.75627686968962,0,0,0,0,6.78795771552654,5.18301874218457,1.79175946922805,0
12809,1564.34,3,172.666666666667,217.1,521.446666666667,177.124305555556,76,0.0270696848854154,4.07860425007397,50.6,5,-50.6,1,7.35585833177454,6.25852290526389,1.38629436111989,3.94352167248752
12810,534.99,2,194.5,281.35,267.495,534.122916666667,32,0.0401472340689661,3.36164947719754,0,0,0,0,6.28411550418035,5.5928322918016,1.09861228866811,0
12811,984.9,5,87,121.4,196.98,260.130555555556,47,0.0294763601723212,3.71750280046504,0,0,0,0,6.893554929581,5.28816601549166,1.79175946922805,0
12812,229.64,1,164,164,229.64,44.1638888888889,15,0.0758427093279694,2.64411754826243,0,0,0,0,5.44085805333015,5.44085805333015,0.693147180559945,0
12813,1687.8,3,380.333333333333,533.6,562.6,501.166666666667,37,0.0546605199641247,3.2250851946812,0,0,0,0,7.43177349653411,6.33434478002453,1.38629436111989,0
12814,103.92,1,49,49,103.92,101.06875,2,0.713583196880884,0.460939996716869,0,0,0,0,4.65319815499867,4.65319815499867,0.693147180559945,0
12815,953.46,2,189.5,234.05,476.73,147.145138888889,38,0.0373618586812213,3.46897018198776,0,0,0,0,6.86114573553022,6.1690457193451,1.09861228866811,0
12816,484.25,2,64,75.7,242.125,95.0479166666667,27,0.0452284653737811,3.21021130410475,0,0,0,0,6.18466422204912,5.49357571437271,1.09861228866811,0
12817,624.98,3,73,116,208.326666666667,280.848611111111,16,0.0987810070673005,2.50556614622976,0,0,0,0,6.43931842170793,5.3438960301592,1.38629436111989,0
12818,1139.6,1,593,593,1139.6,261.030555555556,14,0.138771712525661,2.24072193420879,24.2,1,-24.2,1,7.03930971872244,7.03930971872244,0.693147180559945,3.22684399451738
12819,540.52,1,344,344,540.52,457.9375,19,0.0775733615374609,2.74927191701765,0,0,0,0,6.29438000020035,6.29438000020035,0.693147180559945,0
12820,2689.94,11,178.727272727273,338.5,244.54,2.90138888888889,132,0.0112768155381295,4.71605297799985,41.58,2,-41.58,1,7.8976458539343,5.50345986675269,2.484906649788,3.75138465946533
12821,220.8,2,81,90.9,110.4,213.915972222222,13,0.0841845036494434,2.51909809744553,0,0,0,0,5.40177607491627,4.71312732749318,1.09861228866811,0
12822,948.88,2,275,409.1,474.44,70.1569444444444,41,0.0441722672298872,3.46335069926659,29.9,1,-29.9,1,6.8563356608266,6.16424069105841,1.09861228866811,3.4307561839037
12823,6501.5,18,51.6666666666667,100,361.194444444444,74.2604166666667,2,0.546631850863586,0.645762011130075,0,0,0,0,8.77994199732281,5.89218120696736,2.94443897916644,0
12824,397.12,1,232,232,397.12,59.0423611111111,25,0.0521837609515344,3.09273863087512,0,0,0,0,5.98675346737786,5.98675346737786,0.693147180559945,0
12825,518.63,2,69.5,82.55,259.315,520.995833333333,20,0.0660238155038111,2.85472344503649,0,0,0,0,6.2531170198503,5.56189243615658,1.09861228866811,0
12826,2956.71,12,166.25,267.45,246.3925,2.10069444444444,98,0.0194951652800296,4.2288171218202,27.06,3,-27.06,1,7.9921705992489,5.51097614421997,2.56494935746154,3.33434507467431
12827,430.15,3,65.6666666666667,110,143.383333333333,5.02291666666667,19,0.097826008349582,2.64869162184583,0,0,0,0,6.06645605739833,4.97247179966804,1.38629436111989,0
12828,1018.71,6,82.3333333333333,143.5,169.785,2.17013888888889,46,0.03065548255874,3.65572399137614,0,0,0,0,6.92727355212802,5.14040545548384,1.94591014905531,0
12829,334.97,3,183.333333333333,243.3,111.656666666667,336.067361111111,17,0.0831221080825356,2.64286580710917,18,1,-39.95,0.450563204005006,5.81702187026271,4.72434484547929,1.38629436111989,2.94443897916644
12830,3857.12,6,689.333333333333,1323,642.853333333333,37.0388888888889,13,0.111967934492301,2.34227728739575,18,1,-66.24,0.271739130434783,8.25793529718102,6.4674709568957,1.94591014905531,2.94443897916644
12831,451.11,3,101,130.1,150.37,261.991666666667,16,0.0794312022801865,2.64900547142478,0,0,0,0,6.11392551305616,5.01972717077447,1.38629436111989,0
12832,383.03,2,97.5,128.55,191.515,31.9722222222222,27,0.0392110982668901,3.26058975679159,0,0,0,0,5.95072067453613,5.26017407276999,1.09861228866811,0
12833,417.38,1,156,156,417.38,145.002777777778,24,0.0450072735814586,3.13869989844581,0,0,0,0,6.03639011046097,6.03639011046097,0.693147180559945,0
12834,312.38,1,110,110,312.38,282.125694444444,18,0.0586041637722415,2.86423388813385,0,0,0,0,5.74741651167626,5.74741651167626,0.693147180559945,0
12835,6043.31,41,57.4878048780488,123,147.397804878049,427.11875,159,0.0281494791839233,4.11434636590768,24.64,8,-24.64,1,8.70687261261338,4.99989653869698,3.73766961828337,3.24415363205247
12836,6547.87,15,149.066666666667,328.9,436.524666666667,58.9444444444444,287,0.0128578371095891,4.97076040284704,39.15,2,-39.15,1,8.7870477946622,6.0811330851607,2.77258872223978,3.69262244039277
12837,684.51,2,104.5,176.95,342.255,172.904861111111,85,0.0199253040066368,4.14920046199151,0,0,0,0,6.53016308678802,5.83847361118438,1.09861228866811,0
12838,3398.48,10,184.5,375.9,339.848,33.0208333333333,230,0.0138065618446839,4.82634001742341,22.45,2,-22.45,1,8.13137775773109,5.83143663010785,2.39789527279837,3.15487049489229
12839,10027.83,26,263.423076923077,470.75,385.685769230769,2.01180555555556,163,0.0137289684843334,4.62162592517525,143.9,5,-143.9,1,9.21321922410198,5.95761239739503,3.29583686600433,4.97604384932664
12840,4041.97,7,322.571428571429,456.1,577.424285714286,143.18125,116,0.0171394543430204,4.37966846659037,28.1,4,-28.1,1,8.30473484938074,6.36030765771255,2.07944154167984,3.37073817417745
12841,7541.64,40,135.35,292.45,188.541,4.06736111111111,310,0.015214130514805,4.82249858764408,150.2,2,-150.2,1,8.92832753234587,5.24460535995933,3.71357206670431,5.01860346374543
12842,1870.99,4,221.75,357.3,467.7475,69.9284722222222,45,0.0817071282581015,3.16658129857706,0,0,0,0,7.53475731514293,6.15006424393706,1.6094379124341,0
12843,6344.58,30,98.2333333333333,372.9,211.486,65.0701388888889,139,0.0290613382612779,4.03952278893451,242.8,4,-242.8,1,8.75551378653029,5.35887610384119,3.43398720448515,5.49634821704717
12844,648.6,4,55.75,74.6,162.15,28.9715277777778,92,0.0197747424206163,4.16773660533428,0,0,0,0,6.47635678884747,5.09467002303933,1.6094379124341,0
12845,319.29,4,45,107.25,79.8225,266.969444444444,26,0.35633612898406,1.63449878595505,0,0,0,0,5.76922683539717,4.39225539210931,1.6094379124341,0
12846,15.58,1,1,1,15.58,681.847916666667,1,1,0,0,0,0,0,2.80819714970715,2.80819714970715,0.693147180559945,0
12847,1638.26,2,766.5,894.75,819.13,21.9819444444444,100,0.0223359220516417,4.07452439320651,0,0,0,0,7.40200019947589,6.70946286427807,1.09861228866811,0
12848,208,1,58,58,208,675.003472222222,16,0.082781180658284,2.58822340088248,0,0,0,0,5.34233425196481,5.34233425196481,0.693147180559945,0
12849,3088.61,6,313.666666666667,541,514.768333333333,30.9645833333333,123,0.0152175285252302,4.47031245616611,0,0,0,0,8.03580014833395,6.2456576982577,1.94591014905531,0
12850,330,1,200,200,330,445.058333333333,2,0.5,0.693147180559945,0,0,0,0,5.80211837537706,5.80211837537706,0.693147180559945,0
12851,284.55,2,80,106.1,142.275,96.0479166666667,71,0.028259503108624,3.90965377648428,0,0,0,0,5.65441714511087,4.9647658604378,1.09861228866811,0
12852,311.55,1,149,149,311.55,294.16875,17,0.0631301535097124,2.80162931597955,11.8,1,-11.8,1,5.74476445637782,5.74476445637782,0.693147180559945,2.54944517092557
12853,3907.5,11,151.636363636364,364,355.227272727273,134.097916666667,117,0.0207702391639026,4.40757702982779,179,5,-179,1,8.27090894766038,5.87556893369455,2.484906649788,5.19295685089021
12854,2994.02,7,233.571428571429,313.6,427.717142857143,78.0659722222222,188,0.0119673589646788,4.8298311073766,71.65,4,-71.65,1,8.00470618832358,6.06079736080803,2.07944154167984,4.28565339001629
12855,496.99,4,67.5,111.15,124.2475,372.134027777778,65,0.0330878089037716,3.76525157255587,0,0,0,0,6.21057999650176,4.83029177968593,1.6094379124341,0
12856,2182.09,6,179.833333333333,277.75,363.681666666667,7.08194444444444,155,0.0141603249098511,4.59736640079121,17.25,2,-17.25,1,7.68849658336845,5.89902482692307,1.94591014905531,2.9041650800285
12857,3688,6,236.666666666667,412,614.666666666667,210.145833333333,76,0.0286187368689447,3.96622616265701,3.75,1,-3.75,1,8.21311069759668,6.42270569153113,1.94591014905531,1.55814461804655
12858,175.97,1,63,63,175.97,382.996527777778,36,0.0477283338148755,3.2617313123526,18,1,-26.19,0.687285223367698,5.17598022668309,5.17598022668309,0.693147180559945,2.94443897916644
12859,575.1,1,292,292,575.1,458.0625,21,0.0631150280245804,2.86448222829998,0,0,0,0,6.35628125673834,6.35628125673834,0.693147180559945,0
12860,55.47,1,27,27,55.47,692.894444444444,16,0.125738981460329,2.37928001555783,0,0,0,0,4.03370952368475,4.03370952368475,0.693147180559945,0
12861,68.25,1,27,27,68.25,619.090972222222,4,0.257500301895906,1.37082575226885,0,0,0,0,4.23772314506745,4.23772314506745,0.693147180559945,0
12862,1004.66,2,306.5,355.55,502.33,425.085416666667,119,0.0164024145085082,4.4329571170897,0,0,0,0,6.91339932136722,6.22124601860238,1.09861228866811,0
12863,2792.55,6,149.166666666667,212,465.425,51.9826388888889,25,0.24435756154491,2.08648815175232,17,1,-17,1,7.93506846743242,6.14509723565806,1.94591014905531,2.89037175789616
12864,279.65,2,211.5,229.05,139.825,138.032638888889,5,0.512856755089861,0.91133146712009,0,0,0,0,5.63710834138821,4.94751798478078,1.09861228866811,0
12865,3327.79,4,493.25,668.15,831.9475,25.9298611111111,160,0.0100771620809943,4.86370675093107,20.16,1,-20.16,1,8.11036415357866,6.72497061497059,1.6094379124341,3.0521126069901
12866,1227.35,3,184.333333333333,216,409.116666666667,282.94375,58,0.0306412780841133,3.82198077792125,0,0,0,0,7.11342708438431,6.0164416720664,1.38629436111989,0
12867,7915.6,13,610.692307692308,878.4,608.892307692308,25.8888888888889,388,0.00653608818716881,5.47980019625235,50.6,3,-50.6,1,8.97671709970659,6.41328239681479,2.63905732961526,3.94352167248752
12868,2247.06,8,160.25,257.8,280.8825,185.130555555556,86,0.0184886055591975,4.19408435619162,0,0,0,0,7.71782290104886,5.64149031744177,2.19722457733622,0
12869,337.67,1,144,144,337.67,681.027777777778,35,0.0904842203191169,2.95311800627851,0,0,0,0,5.82502618194157,5.82502618194157,0.693147180559945,0
12870,1569.95,3,302,492.8,523.316666666667,374.963888888889,85,0.0179444970348384,4.26722841962486,29.8,1,-29.8,1,7.35943581088726,6.26209582748955,1.38629436111989,3.42751468997953
12871,744.02,3,161.333333333333,267.6,248.006666666667,83.9465277777778,13,0.325141134939313,1.72305995215103,0,0,0,0,6.61341106365681,5.51747966986801,1.38629436111989,0
12872,3685.49,12,154.583333333333,307.55,307.124166666667,326.081944444444,218,0.0232446678989244,4.55287512680361,7.15,1,-7.15,1,8.212430064826,5.73050284026321,2.56494935746154,2.09801792725277
12873,2027.3,3,262,393.8,675.766666666667,281.911111111111,33,0.0593124270031342,3.13339164836869,0,0,0,0,7.61495328276474,6.51732655570009,1.38629436111989,0
12874,948.42,2,311.5,365.95,474.21,384.89375,44,0.0322499870940594,3.62118621517199,15,1,-15,1,6.85585127183171,6.16375681159806,1.09861228866811,2.77258872223978
12875,385.2,5,192,240,77.04,142.930555555556,2,0.559786880950301,0.632107874449892,0,0,0,0,5.95635536999441,4.35722151575491,1.79175946922805,0
12876,4078.94,4,761.75,1200.6,1019.735,57.0583333333333,121,0.0209555470584742,4.33790960987452,13.2,1,-13.2,1,8.31383756140772,6.92827823501456,1.6094379124341,2.65324196460721
12877,2965.13,20,113.1,219.55,148.2565,3.09722222222222,153,0.0418533082337628,4.04464337924025,0,0,0,0,7.99501335181154,5.00566630241317,3.04452243772342,0
12878,854.99,2,273.5,328.85,427.495,236.029861111111,38,0.034103156062458,3.5028338990367,13.35,1,-13.35,1,6.75225869383051,6.06027906935832,1.09861228866811,2.66374994220563
12879,574.18,3,123.333333333333,165.6,191.393333333333,44.0597222222222,7,0.299947797923759,1.4224661525686,20.65,1,-20.65,1,6.35468303528773,5.25954188759663,1.38629436111989,3.0750054544485
12880,640.13,2,139.5,141.75,320.065,381.083333333333,34,0.0328459291559869,3.47373477148858,0,0,0,0,6.46323224447021,5.77164359484307,1.09861228866811,0
12881,121,1,21,21,121,275.045833333333,7,0.145111672699952,1.93762110798454,0,0,0,0,4.80402104473326,4.80402104473326,0.693147180559945,0
12882,1463.04,2,123,138.3,731.52,8.85555555555556,12,0.135772023714186,2.26138930625749,0,0,0,0,7.28895501655238,6.59649064427275,1.09861228866811,0
12883,703.47,4,49,67.55,175.8675,24.1375,39,0.0286353242847924,3.61143956854686,0,0,0,0,6.55744574703956,5.17540086467162,1.6094379124341,0
12884,175.05,1,43,43,175.05,88.0277777777778,7,0.151840813262559,1.91554217482657,0,0,0,0,5.17076804560106,5.17076804560106,0.693147180559945,0
12885,1175.22,3,218.333333333333,340.7,391.74,63.0069444444444,66,0.0177679266433374,4.109678909091,16.95,1,-16.95,1,7.07006118579219,5.97314781532208,1.38629436111989,2.88759011493429
12886,1378.4,2,385,412.9,689.2,67.1534722222222,75,0.0156807936578246,4.2345936948151,27.31,1,-27.31,1,7.22940390099719,6.5369814106639,1.09861228866811,3.34321509912381
12887,222.4,1,100,100,222.4,383.063888888889,13,0.0822710311966254,2.53278156789612,0,0,0,0,5.4089638866351,5.4089638866351,0.693147180559945,0
12888,354.12,2,38,50.6,177.06,213.908333333333,4,0.335078563791447,1.20685964846286,40.35,2,-40.35,1,5.87245576052578,5.18212057214553,1.09861228866811,3.7220724214697
12889,385.46,4,31,54.45,96.365,380.8625,25,0.0443545396299039,3.15319375078455,19.8,2,-19.8,1,5.95702836978685,4.57846680315354,1.6094379124341,3.03495298670727
12890,717.99,2,233,256.4,358.995,23.8083333333333,124,0.0207812550273975,4.29971583978323,0,0,0,0,6.57784744941848,5.88609014246482,1.09861228866811,0
12891,407,11,97.2727272727273,120,37,185.054861111111,4,0.279984062686765,1.31396662391869,21,1,-21,1,6.01126717440416,3.63758615972639,2.484906649788,3.09104245335832
12892,263.38,1,140,140,263.38,396.124305555556,18,0.0583594339839094,2.86295886044063,0,0,0,0,5.57738746215125,5.57738746215125,0.693147180559945,0
12893,188.14,1,96,96,188.14,30.0111111111111,27,0.0771893628064271,2.91574917879857,0,0,0,0,5.24248748158737,5.24248748158737,0.693147180559945,0
12894,155.4,1,33,33,155.4,574.960416666667,21,0.074421636197698,2.80173942461988,0,0,0,0,5.05241682811121,5.05241682811121,0.693147180559945,0
12895,372.8,2,105,138.3,186.4,41.9993055555556,22,0.0468489890332296,3.07639570953511,25.5,1,-25.5,1,5.92372089502146,5.23324536980432,1.09861228866811,3.27714473299218
12897,514.25,4,62.25,104.8,128.5625,204.067361111111,10,0.202975083716416,1.91716175970394,0,0,0,0,6.24465221977057,4.864163390196,1.6094379124341,0
12898,285.52,2,108,118.8,142.76,463.2375,27,0.224377698718009,2.26698705715086,0,0,0,0,5.65780834174625,4.9681452424753,1.09861228866811,0
12899,366.4,1,108,108,366.4,413.164583333333,17,0.0922900631781431,2.65391260229226,0,0,0,0,5.90645117278103,5.90645117278103,0.693147180559945,0
12900,340.33,1,139,139,340.33,421.939583333333,13,0.0955644794449891,2.45293212968645,0,0,0,0,5.83284975125866,5.83284975125866,0.693147180559945,0
12901,6661.32,28,214.571428571429,464.95,237.904285714286,8.11319444444444,30,0.0840544212565555,2.7638151590007,852.6,8,-1361.44,0.62624867787049,8.80422305122358,5.4760629935358,3.36729582998647,6.74946269998754
12902,138.68,1,66,66,138.68,264.030555555556,10,0.110632406715125,2.23704894552286,0,0,0,0,4.93935409209129,4.93935409209129,0.693147180559945,0
12903,833.53,1,493,493,833.53,428.049305555556,41,0.0273568344184882,3.66132977084296,0,0,0,0,6.72686869212618,6.72686869212618,0.693147180559945,0
12904,509.58,2,151,163.6,254.79,17.9277777777778,59,0.0382659622765226,3.67995744710045,0,0,0,0,6.23554733443585,5.54435679533915,1.09861228866811,0
12905,1018.42,2,266,316.4,509.21,576.15625,52,0.0242485885394116,3.83740858098628,6.6,1,-6.6,1,6.92698911709743,6.23482240567243,1.09861228866811,2.02814824729229
12906,2911.33,5,348.2,831.2,582.266,11.1215277777778,55,0.0466944931812558,3.48707015538532,0,0,0,0,7.9767087270717,6.36864334301563,1.79175946922805,0
12907,501.96,2,88.5,103.35,250.98,395.029166666667,23,0.0564325806024701,3.02084183356503,68.55,1,-68.55,1,6.22051064407481,5.52934971928248,1.09861228866811,4.24204591836945
12908,355.2,5,120,120,71.04,175.924305555556,1,1,0,103.2,2,-504,0.204761904761905,5.87549237085556,4.27722152030776,1.79175946922805,4.64631212931927
12909,2715.87,8,243.5,382.7,339.48375,39.0048611111111,132,0.0117875534930143,4.68608116291294,68.42,5,-68.42,1,7.9072357613917,5.83036740051535,2.19722457733622,4.24017501043364
12910,5747.56,13,268.923076923077,585.6,442.12,22.9319444444444,77,0.0396388062399848,3.7083764165463,49.5,1,-49.5,1,8.65670466764476,6.09384061372485,2.63905732961526,3.92197333628131
12911,1650.72,1,820,820,1650.72,551.067361111111,219,0.0151214162263009,4.91873007224882,0,0,0,0,7.40957244819019,7.40957244819019,0.693147180559945,0
12912,1662.3,5,134,216,332.46,2.16319444444444,17,0.106049293871112,2.52223862145716,0,0,0,0,7.41655885979649,5.80952291813231,1.79175946922805,0
12913,6223.02,13,232.615384615385,534.2,478.693846153846,4.02708333333333,54,0.0797858366379011,3.09603106056823,0,0,0,0,8.73617127922067,6.17314807989508,2.63905732961526,0
12914,205.98,1,312,312,205.98,400.015277777778,9,0.233744819582794,1.83366959835786,0,0,0,0,5.33262217024003,5.33262217024003,0.693147180559945,0
12915,1174.75,4,113,198.2,293.6875,148.094444444444,48,0.0350310917714604,3.63853348469005,89.9,4,-89.9,1,7.06966152082516,5.68591547282778,1.6094379124341,4.50976000118343
12916,4654.02,7,253.428571428571,339,664.86,138.135416666667,84,0.0421162772779189,3.78025000387116,23.8,1,-23.8,1,8.44570148615736,6.50107943823292,2.07944154167984,3.21084365317094
12917,4359.2,6,184,344.5,726.533333333333,127.880555555556,45,0.105975499340285,2.8336913202483,29.7,2,-29.7,1,8.38027320685065,6.58965981701088,1.94591014905531,3.42426265459315
12918,18,1,1,1,18,625.894444444444,1,1,0,36,2,-21907,0.00164331035742,2.94443897916644,2.94443897916644,0.693147180559945,3.61091791264422
12919,1335.19,6,112.166666666667,172.5,222.531666666667,7.96041666666667,34,0.0572736557431652,3.16409581420209,33.75,2,-33.75,1,7.19757755955378,5.40955308932668,1.94591014905531,3.5481795720108
12920,488.09,4,105.25,218.25,122.0225,16.90625,59,0.0323524220689618,3.74311113532437,0,0,0,0,6.19254652161967,4.81236726547261,1.6094379124341,0
12921,35921.04,74,293.351351351351,575.65,485.419459459459,8.85277777777778,376,0.0068641325925954,5.42831471681468,1281.59,29,-1281.59,1,10.4891063136765,6.18707133696407,4.31748811353631,7.15663675002134
12922,405.38,1,370,370,405.38,160.927083333333,28,0.0404212814676495,3.27543714320784,0,0,0,0,6.00728868245487,6.00728868245487,0.693147180559945,0
12923,789.87,3,79,107.7,263.29,63.8958333333333,54,0.0579944572687336,3.25872569210808,0,0,0,0,6.67313360533548,5.57704698510179,1.38629436111989,0
12924,2116.36,12,103.583333333333,197.35,176.363333333333,87.9965277777778,57,0.0600773636522396,3.24424900247258,46.25,2,-46.25,1,7.65792530863799,5.17820035929774,2.56494935746154,3.85545265393975
12925,729.33,3,216.333333333333,280.5,243.11,4.06875,46,0.0311842644941111,3.65873910777143,0,0,0,0,6.59349648679097,5.49761894337668,1.38629436111989,0
12926,1546.55,4,191.5,255.25,386.6375,410.911805555556,204,0.0102325669972558,4.88142249690344,0,0,0,0,7.34442831421449,5.96007062456271,1.6094379124341,0
12927,197.31,1,145,145,197.31,394.116666666667,11,0.101695083347225,2.33850890362629,0,0,0,0,5.28983146289774,5.28983146289774,0.693147180559945,0
12928,4295.53,12,227.583333333333,428.6,357.960833333333,34.9347222222222,99,0.019744295630277,4.26856847504578,0,0,0,0,8.36556299915646,5.88321328318647,2.56494935746154,0
12929,117.85,1,37,37,117.85,311.029166666667,8,0.129735868333955,2.05948452203727,12.75,1,-12.75,1,4.7778621938062,4.7778621938062,0.693147180559945,2.62103882411258
12930,415.8,2,126,142.2,207.9,77.9388888888889,20,0.0632775648095513,2.88078357440648,5.9,2,-5.9,1,6.03260649043916,5.34185566856252,1.09861228866811,1.93152141160321
12931,38786.7,57,387.473684210526,1440,680.468421052632,21.0076388888889,41,0.0409138946246316,3.40983071087206,10780.97,14,-21047.67,0.512216791692382,10.5658584650437,6.52424991264938,4.06044301054642,9.28563057359261
12932,1698.56,8,201.125,436.15,212.32,538.977777777778,69,0.0276091732393766,3.95716020055682,0,0,0,0,7.4381246730143,5.3627933857324,2.19722457733622,0
12933,1704.07,8,119.875,266.8,213.00875,23.8416666666667,227,0.00969068184066204,5.01432261248468,59.75,3,-59.75,1,7.44136144459333,5.36601690203643,2.19722457733622,4.10676708222066
12934,119.7,1,31,31,119.7,736.082638888889,2,0.744473966872067,0.423360639608413,0,0,0,0,4.79330812810349,4.79330812810349,0.693147180559945,0
12935,4243.86,15,213.4,332.2,282.924,1.80902777777778,122,0.0128298488432365,4.56870563178731,61.85,4,-61.85,1,8.35346411822515,5.64870659671463,2.77258872223978,4.14075093503626
12936,1063.9,4,139.75,376.85,265.975,16.8041666666667,56,0.0613577197597975,3.30027747301045,51,1,-51,1,6.97063617702134,5.58715502105761,1.6094379124341,3.95124371858143
12937,3097.61,9,220.333333333333,443.2,344.178888888889,14.90625,133,0.0286945384041623,4.26314757102399,0,0,0,0,8.03870890282091,5.8440628011656,2.30258509299405,0
12938,114.14,1,140,140,114.14,25.0618055555556,9,0.121446709808203,2.15134234497867,0,0,0,0,4.74614877924766,4.74614877924766,0.693147180559945,0
12939,19455.18,20,388.1,912,972.759,63.9701388888889,28,0.0787203987939413,2.84977170546705,0,0,0,0,9.87592003636783,6.88116383976099,3.04452243772342,0
12940,912.55,2,205.5,304.95,456.275,54.0701388888889,87,0.0209124082002275,4.17107190637305,37.25,2,-37.25,1,6.81733810885767,6.12528496046199,1.09861228866811,3.64414356027254
12941,377.49,1,381,381,377.49,723.984722222222,27,0.0572691392572219,3.0634229720657,0,0,0,0,5.93618965244923,5.93618965244923,0.693147180559945,0
12942,942.65,3,90.6666666666667,134.1,314.216666666667,130.965972222222,68,0.0312944738184631,3.75647895278464,0,0,0,0,6.84975533468415,5.75326023306635,1.38629436111989,0
12943,494.55,2,111,150.6,247.275,557.998611111111,22,0.078122028544049,2.83078866744401,7.5,2,-7.5,1,6.20566825685272,5.51453700278942,1.09861228866811,2.14006616349627
12944,604.51,2,144.5,144.95,302.255,35.0736111111111,29,0.0404754929351695,3.28725422239844,0,0,0,0,6.4060710781334,5.7145740357344,1.09861228866811,0
12945,900.11,2,223,275.2,450.055,287.940972222222,48,0.0252452104232952,3.7873184539937,0,0,0,0,6.80362733672686,6.11158928328674,1.09861228866811,0
12946,324.45,1,149,149,324.45,436.15,20,0.052055161881051,2.97594085686242,0,0,0,0,5.7852088400184,5.7852088400184,0.693147180559945,0
12947,1819.07,6,224.833333333333,450.5,303.178333333333,143.155555555556,83,0.0173169421673716,4.22763772419764,102.7,5,-196.7,0.522114895780376,7.50663024086968,5.71761415221734,1.94591014905531,4.64150211523548
12948,2317.43,9,144.888888888889,313.8,257.492222222222,15.8194444444444,89,0.0159424620379278,4.29407288148623,11.25,1,-11.25,1,7.74864551144129,5.55486560538063,2.30258509299405,2.50552593699074
12949,15526.7,22,374.227272727273,908.35,705.759090909091,30.0590277777778,351,0.00591689962572824,5.46448838898686,135.7,6,-135.7,1,9.65038080472404,6.56068985946811,3.13549421592915,4.9177887437299
12950,1785.4,3,433.333333333333,686.4,595.133333333333,1.98125,13,0.108723635415843,2.31684362598631,0,0,0,0,7.48795770052595,6.39046435569172,1.38629436111989,0
12951,3213.72,15,110.8,228.7,214.248,8.025,115,0.013968222070378,4.51491676626353,49.3,5,-49.3,1,8.07549554112163,5.37179085174319,2.77258872223978,3.91800507710569
12952,1387.79,4,163.25,364.65,346.9475,5.09375,64,0.0195694703341384,4.04869945975022,4.95,1,-4.95,1,7.23618814341933,5.85205160632468,1.6094379124341,1.78339121955754
12953,821.81,2,182,270.2,410.905,9.14305555555556,47,0.0244572295293507,3.78946845671486,0,0,0,0,6.71272531132673,6.02079274023702,1.09861228866811,0
12954,162.45,1,83,83,162.45,638.106944444444,10,0.10957302864977,2.25594345821051,0,0,0,0,5.09650713317022,5.09650713317022,0.693147180559945,0
12955,4767.96,11,333.090909090909,670,433.450909090909,0.847916666666667,82,0.0264672647255081,4.01977520766498,22.9,3,-22.9,1,8.46988353076043,6.07408295579289,2.484906649788,3.17387845893747
12956,521.89,4,85,151.3,130.4725,305.8625,42,0.0340453885750163,3.52346792970264,0,0,0,0,6.25937111689571,4.87879770427275,1.6094379124341,0
12957,8710.27,13,360.461538461538,681.6,670.020769230769,9.12291666666667,411,0.00332803597186279,5.87596315033969,78.55,8,-78.55,1,9.07237286863186,6.50880008914656,2.63905732961526,4.3763857547838
12958,539.49,2,65.5,89.35,269.745,399.856944444444,45,0.056312629112484,3.24579028889306,0,0,0,0,6.29247613552051,5.6011774184899,1.09861228866811,0
12959,150.95,1,109,109,150.95,483.854166666667,8,0.177862715773492,1.86838876030668,17.6,1,-17.6,1,5.0235515193628,5.0235515193628,0.693147180559945,2.92316158071916
12960,1284.27,4,299.75,389.75,321.0675,413.179861111111,51,0.0278905083315896,3.76370781903138,0,0,0,0,7.15872409198941,5.77476115090486,1.6094379124341,0
12961,211.99,1,180,180,211.99,378.8375,37,0.0423253550033971,3.34477804221792,0,0,0,0,5.36124521625051,5.36124521625051,0.693147180559945,0
12962,266.39,2,64.5,76.65,133.195,6.87152777777778,15,0.0766328940482741,2.63819486452301,0,0,0,0,5.58870826681074,4.89929396601935,1.09861228866811,0
12963,3601.59,12,150.75,396.2,300.1325,7.99652777777778,131,0.0125088945101783,4.63691436867163,88.8,2,-88.8,1,8.18940831021255,5.70755036722512,2.56494935746154,4.49758497530815
12964,132.24,1,56,56,132.24,436.835416666667,26,0.047367291097343,3.1352070795934,0,0,0,0,4.89215201332548,4.89215201332548,0.693147180559945,0
12965,771.91,1,283,283,771.91,88.9298611111111,107,0.0146949219900717,4.43597085417645,0,0,0,0,6.65016261231351,6.65016261231351,0.693147180559945,0
12966,160.18,1,75,75,160.18,9.00833333333333,10,0.105511699512851,2.27678412948815,0,0,0,0,5.08252175289637,5.08252175289637,0.693147180559945,0
12967,3924.52,3,424,695.4,1308.17333333333,357.736111111111,47,0.0526800606876505,3.25259388369497,454.2,2,-466.15,0.974364474954414,8.2752541055177,7.1771511737466,1.38629436111989,6.12073688281212
12968,135.95,1,73,73,135.95,111.920833333333,5,0.297876994075851,1.38588153683287,0,0,0,0,4.91961589570909,4.91961589570909,0.693147180559945,0
12969,122.45,1,55,55,122.45,602.125,5,0.327701192526812,1.35636499280565,0,0,0,0,4.81583621579119,4.81583621579119,0.693147180559945,0
12970,1525.22,10,101.4,350.1,152.522,6.93055555555556,285,0.0086279521532974,5.18147398848799,0,0,0,0,7.33054936921208,5.03384387923314,2.39789527279837,0
12971,14952.92,116,88.7844827586207,222.5,128.904482758621,3.02083333333333,106,0.0263437138887071,4.02646106601603,284.85,4,-490.05,0.581267217630854,9.61272875180635,4.86679943238536,4.76217393479776,5.65546719770998
12972,1162.16,4,211,395.8,290.54,413.214583333333,69,0.0228796557089696,3.99849286304578,45.25,2,-45.25,1,7.05889571829252,5.67517721764587,1.6094379124341,3.83406146395843
12973,131.55,1,31,31,131.55,413.15,6,0.184069252362087,1.74370497843918,0,0,0,0,4.88695993273504,4.88695993273504,0.693147180559945,0
12974,407,2,52,77.2,203.5,197.178472222222,30,0.0499512982269739,3.19343488700642,0,0,0,0,6.01126717440416,5.32056797548286,1.09861228866811,0
12975,2088.14,6,151.833333333333,434,348.023333333333,436.169444444444,99,0.014659328364909,4.43069172440272,106.1,2,-106.1,1,7.6445077770228,5.85513877765619,1.94591014905531,4.6737629774537
12976,3156.38,8,335.5,529.85,394.5475,211.163194444444,119,0.0201630260726789,4.354861820619,0,0,0,0,8.05749784875185,5.98027088113394,2.19722457733622,0
12977,408.63,4,32.75,49.85,102.1575,155.881944444444,54,0.0501674147202621,3.46603229890995,0,0,0,0,6.01525431323072,4.63625694652019,1.6094379124341,0
12978,2502.82,5,278.8,474.2,500.564,384.93125,126,0.0199488490858659,4.34295851086556,6.75,1,-6.75,1,7.82557284465211,6.21773121640817,1.79175946922805,2.04769284336526
12979,516.75,1,520,520,516.75,728.878472222222,56,0.0465486968369023,3.51547591106803,38.16,1,-38.16,1,6.24949250027569,6.24949250027569,0.693147180559945,3.66765581766231
12980,10964.16,21,88.6666666666667,208,522.102857142857,157.177777777778,7,0.297267108206724,1.54000814532821,217.74,5,-336.39,0.647284402033354,9.30247825262879,6.25977811230555,3.09104245335832,5.38788380990708
12981,372.22,2,121,132.7,186.11,29.0347222222222,14,0.0835746852995679,2.55766689257844,0,0,0,0,5.92216805810533,5.23169667920614,1.09861228866811,0
12982,2746.97,8,216.125,419.95,343.37125,242.082638888889,140,0.0102677948076525,4.75978954037882,182.69,9,-182.69,1,7.91861773625208,5.84172029055569,2.19722457733622,5.21324955415797
12983,490.08,1,638,638,490.08,598.036111111111,30,0.0393161339586605,3.31060617902946,0,0,0,0,6.19660704731264,6.19660704731264,0.693147180559945,0
12984,97.5,1,26,26,97.5,18.0090277777778,4,0.263545562130178,1.35882223044728,0,0,0,0,4.59005654817804,4.59005654817804,0.693147180559945,0
12985,1244.54,2,736.5,830.55,622.27,0.0861111111111111,73,0.0172565767852507,4.18063409602264,30.96,1,-23.76,1.3030303030303,7.12732444980276,6.43497981174038,1.09861228866811,3.46448512089807
12986,2729.84,10,116.4,223.2,272.984,428.078472222222,62,0.0427729309312448,3.60555994351515,738.25,2,-738.25,1,7.91236453315913,5.61306971052248,2.39789527279837,6.60563615873259
12987,1280.26,5,117,163,256.052,73.0743055555556,62,0.0186363825463609,4.05661389856841,13.7,1,-13.7,1,7.15559924773431,5.54927839905868,1.79175946922805,2.68784749378469
12988,535.32,1,136,136,535.32,291.929861111111,75,0.0232923494258713,3.99409350710705,0,0,0,0,6.28473099785366,6.28473099785366,0.693147180559945,0
12989,9829.59,33,122.151515151515,270.4,297.866363636364,2.89027777777778,51,0.0989451993527942,2.69805903748806,704.95,6,-704.95,1,9.19325423168594,5.6999965291213,3.52636052461616,6.55954441345553
12990,955.5,7,68.5714285714286,101,136.5,30.9923611111111,10,0.168172520708964,1.9592374627548,0,0,0,0,6.86328078888031,4.92362391710663,2.07944154167984,0
12991,743.35,3,161,332.7,247.783333333333,22.8861111111111,45,0.0265192520743408,3.71401600387295,0,0,0,0,6.61251135432307,5.51658237041114,1.38629436111989,0
12992,93.35,1,21,21,93.35,724.836111111111,6,0.167462731184566,1.78944615702254,0,0,0,0,4.54701127181456,4.54701127181456,0.693147180559945,0
12993,1259.63,8,93.875,155.5,157.45375,22.8756944444444,63,0.0193232518610998,4.05023283697796,68.37,2,-68.37,1,7.13936687498718,5.06546275262873,2.19722457733622,4.23945449739721
12994,974.42,3,153,165,324.806666666667,3.87986111111111,52,0.0227050681331478,3.87262171672211,72.2,2,-72.2,1,6.88286814747419,5.78630415840999,1.38629436111989,4.29319542096727
12995,211.32,1,108,108,211.32,84.9208333333333,3,0.473336254857518,0.904417753915554,10.6,1,-10.6,1,5.3580945705839,5.3580945705839,0.693147180559945,2.45100509811232
12996,355.5,1,122,122,355.5,375.140972222222,22,0.0510101459682189,3.02856830640711,0,0,0,0,5.87633423985435,5.87633423985435,0.693147180559945,0
12997,2112.19,8,148.25,194,264.02375,21.8770833333333,67,0.0289554447110041,3.89545999036984,45.8,8,-45.8,1,7.65595393311921,5.57981944461186,2.19722457733622,3.8458832029236
12998,898.35,3,358.666666666667,424.6,299.45,492.239583333333,58,0.027294305281407,3.84667303242699,22.7,1,-22.7,1,6.80167228017398,5.70528135077994,1.38629436111989,3.16547504814109
12999,455.88,3,114,281.6,151.96,196.018055555556,25,0.104829438982467,2.80895871323796,0,0,0,0,6.12442077435661,5.03017644930309,1.38629436111989,0
13000,1036.82,4,137,220.85,259.205,106.129861111111,59,0.0230891469739782,3.94992248774458,67.5,1,-67.5,1,6.94487763828389,5.56146978188148,1.6094379124341,4.22683374526818
13001,23752.94,33,398.454545454545,796.4,719.786060606061,3.91597222222222,336,0.0301370157659053,4.68249954112962,36.05,4,-36.05,1,10.0755036904406,6.58034236732531,3.52636052461616,3.6122683517421
13002,414.13,3,67,93.7,138.043333333333,317.897222222222,19,0.0698317407131626,2.80315992147224,0,0,0,0,6.02859172418927,4.93478563514609,1.38629436111989,0
13003,149.05,3,34.3333333333333,46.3,49.6833333333333,105.125,4,0.527962458423645,0.917315997254921,0,0,0,0,5.01096857188638,3.92559712545526,1.38629436111989,0
13004,11658.77,36,243.555555555556,424.5,323.854722222222,11.0576388888889,440,0.0048107103592168,5.72801738381376,506.86,10,-506.86,1,9.36389973415247,5.78337807384463,3.61091791264422,6.23020581904525
13005,999.68,4,115.5,206.4,249.92,173.122916666667,42,0.043567852364165,3.44592359492982,64.65,2,-64.65,1,6.90843504788689,5.52513416322854,1.6094379124341,4.1843376007488
13006,82.05,1,55,55,82.05,56.0006944444444,4,0.378501047762601,1.10379566713057,0,0,0,0,4.4194428360593,4.4194428360593,0.693147180559945,0
13007,175.25,1,59,59,175.25,579.133333333333,11,0.101616480226943,2.34127366405398,0,0,0,0,5.17190344169238,5.17190344169238,0.693147180559945,0
13008,612.13,3,126.333333333333,170.4,204.043333333333,322.934722222222,31,0.0404138364714075,3.32280866320233,68.85,4,-68.85,1,6.41857698523031,5.32322133891418,1.38629436111989,4.24635008570297
13009,234,1,120,120,234,672.019444444444,4,0.25,1.38629436111989,0,0,0,0,5.45958551414416,5.45958551414416,0.693147180559945,0
13010,330.12,2,161.5,192.55,165.06,373.903472222222,10,0.113968338534839,2.22712295381388,0,0,0,0,5.80248084744048,5.11234916883388,1.09861228866811,0
13011,101.1,1,26,26,101.1,371.811111111111,3,0.335346793579234,1.09553248534931,0,0,0,0,4.62595272517062,4.62595272517062,0.693147180559945,0
13012,2972.83,11,142.090909090909,262,270.257272727273,8.98958333333333,95,0.0197117360366351,4.22484903398893,381.65,4,-381.65,1,7.997605963315,5.60306771639302,2.484906649788,5.94712073325593
13013,12544.33,29,220.103448275862,798.6,432.563103448276,0.909027777777778,304,0.00693522897428263,5.34964133753604,23.95,2,-23.95,1,9.43710376375546,6.07203735298143,3.40119738166216,3.21687382219753
13014,5381.5,11,180.090909090909,610,489.227272727273,10.0159722222222,142,0.0311718576125763,4.31869473560175,160.25,7,-160.25,1,8.59090822923852,6.19486910546494,2.484906649788,5.08295595567588
13015,6032.42,11,321.363636363636,816.5,548.401818181818,53.0215277777778,269,0.00540751518579649,5.42856718313068,120.7,3,-120.7,1,8.70506929312352,6.30883008305107,2.484906649788,4.80155899999348
13016,789.89,3,175.666666666667,304.1,263.296666666667,72.9875,39,0.0313615673144116,3.57032516972502,0,0,0,0,6.67315889362195,5.57707220959983,1.38629436111989,0
13017,204,1,48,48,204,6.87291666666667,1,1,0,0,0,0,0,5.32300997913841,5.32300997913841,0.693147180559945,0
13018,9641.8,35,192.742857142857,447.9,275.48,15.9736111111111,415,0.00358038621361107,5.83908511605894,20.35,2,-20.35,1,9.17396680186182,5.62213848561569,3.58351893845611,3.06105173967463
13019,1229.95,6,66.1666666666667,92.75,204.991666666667,378.9125,47,0.0272909498437461,3.73073836232047,17,2,-17,1,7.1155415079753,5.3278357148969,1.94591014905531,2.89037175789616
13020,618.96,2,139,200.2,309.48,562.109722222222,37,0.0297466856185184,3.56620027581037,12,3,-12,1,6.42965495982885,5.73811948706065,1.09861228866811,2.56494935746154
13021,4863.34,17,149.764705882353,261,286.078823529412,3.84236111111111,173,0.0111523066260722,4.85840822112931,100.86,7,-100.86,1,8.48968632251881,5.65975682449513,2.89037175789616,4.62359932145646
13022,65.3,1,35,35,65.3,429.125,5,0.204228803801045,1.59862709490982,0,0,0,0,4.19418989719182,4.19418989719182,0.693147180559945,0
13023,1448.08,3,195,285,482.693333333333,63.8909722222222,69,0.0343885693145882,3.91623181029278,0,0,0,0,7.27868415128663,6.18145109708631,1.38629436111989,0
13024,555.87,2,90.5,100.85,277.935,470.172222222222,27,0.0444567465968668,3.21046751848994,20.45,1,-20.45,1,6.32233181950912,5.6309787797681,1.09861228866811,3.06572464537403
13025,323.39,1,241,241,323.39,731.116666666667,13,0.126347516885416,2.34236269151336,0,0,0,0,5.78194649562556,5.78194649562556,0.693147180559945,0
13026,1674.04,9,263.333333333333,528,186.004444444444,0.827777777777778,52,0.0432140199999212,3.53147114561992,42.96,4,-42.96,1,7.42359232457104,5.23113238365474,2.30258509299405,3.78328012953542
13027,4156.8,19,543.157894736842,755.999999999999,218.778947368421,113.174305555556,8,0.144923168825904,1.97978417879157,102,4,-187.2,0.544871794871795,8.33274136721301,5.39262225652883,2.99573227355399,4.63472898822964
13028,661.32,2,399,416.1,330.66,22.0694444444444,40,0.0347543568700601,3.52479479820012,1.64,1,-1.64,1,6.49574882283055,5.80411034778595,1.09861228866811,0.970778917158225
13029,1552,5,38.8,58,310.4,30.1506944444444,13,0.763068670953343,0.695610902127576,0,0,0,0,7.34794382314869,5.7410782593999,1.79175946922805,0
13030,1223.32,2,299,397.1,611.66,10.9305555555556,76,0.0255718852515495,3.96395908603591,0,0,0,0,7.11014086681183,6.4178101327955,1.09861228866811,0
13031,3420.95,5,479.8,740.8,684.19,406.927777777778,273,0.00920863261298262,5.14069345856311,0,0,0,0,8.13796584300699,6.52969617206442,1.79175946922805,0
13032,2839.65,9,142.333333333333,279.2,315.516666666667,51.9138888888889,153,0.0125457626883764,4.66451535276128,25.96,2,-25.96,1,7.9517881782072,5.75737589949214,2.30258509299405,3.29435428604411
13033,220.55,2,49,79.6,110.275,356.935416666667,12,0.09608740252376,2.41705791653464,0,0,0,0,5.4006482976455,4.71200461490192,1.09861228866811,0
13034,922.68,3,174,250.9,307.56,54.0618055555556,42,0.0287500997323764,3.64657139674553,0,0,0,0,6.82836569131262,5.73191631389997,1.38629436111989,0
13035,1364.2,3,308.666666666667,417,454.733333333333,73.2034722222222,28,0.0800965420634006,2.96416269133855,35.25,1,-35.25,1,7.21905621703255,6.12190784313327,1.38629436111989,3.59043938130068
13036,307.1,1,38,38,307.1,684.052083333333,6,0.19903857909217,1.68361664185272,0,0,0,0,5.73042440560262,5.73042440560262,0.693147180559945,0
13037,3907.15,12,177.5,377.3,325.595833333333,137.919444444444,189,0.00842525020225947,5.04038612201114,72.4,4,-72.4,1,8.27081939523058,5.78872342274933,2.56494935746154,4.29592393562047
13038,908.46,3,120,176.8,302.82,79.9673611111111,24,0.0973776000443037,2.72974999472573,0,0,0,0,6.81285101678211,5.71643542077952,1.38629436111989,0
13039,1010.73,4,72.5,106.3,252.6825,583.878472222222,42,0.0381508335949433,3.54310543805008,0,0,0,0,6.91941701583141,5.53608348511688,1.6094379124341,0
13040,676.99,2,177.5,186.95,338.495,8.09166666666667,38,0.02969720091273,3.5783055834251,0,0,0,0,6.51913253856909,5.8274592193498,1.09861228866811,0
13041,799.13,4,83.75,110.9,199.7825,450.0875,26,0.106459885439131,2.79445970264344,0,0,0,0,6.68477421446623,5.30222223262525,1.6094379124341,0
13042,1554.59,3,276.666666666667,420.6,518.196666666667,598.004861111111,164,0.010085656527637,4.83521835443959,33.75,1,-33.75,1,7.34961017387317,6.25228274523573,1.38629436111989,3.5481795720108
13043,516.42,1,254,254,516.42,272.915277777778,13,0.112998464682632,2.37407411112836,44.85,1,-44.85,1,6.24885492381738,6.24885492381738,0.693147180559945,3.82537519870247
13044,4854.27,11,232.090909090909,479,441.297272727273,290.895833333333,359,0.00956427885002746,5.31909245740904,29.7,2,-29.7,1,8.48781999194943,6.09198221874013,2.484906649788,3.42426265459315
13045,808.92,3,135,209.5,269.64,98.9486111111111,41,0.037217751818008,3.54967753880586,0,0,0,0,6.69693547735676,5.60078952447245,1.38629436111989,0
13046,882.25,3,168.333333333333,235.7,294.083333333333,30.1763888888889,49,0.0240389704027858,3.81912542649914,0,0,0,0,6.78360828623925,5.6872578023239,1.38629436111989,0
13047,8798.73,24,143.583333333333,271.25,366.61375,31.0305555555556,197,0.0170377214665558,4.71125454727738,328.44,18,-328.44,1,9.08247631817742,5.9070327945698,3.2188758248682,5.79739424327948
13048,4066.93,9,297.888888888889,486.2,451.881111111111,13.9770833333333,138,0.0166905136518563,4.43314255114835,49.05,4,-49.05,1,8.31088954954744,6.11562964315922,2.30258509299405,3.91302250576123
13049,1408.24,4,155,191.7,352.06,63.9298611111111,19,0.0919079749343852,2.57867626705586,24.1,1,-24.1,1,7.25080583096347,5.86663801416114,1.6094379124341,3.22286784613774
13050,12249.05,35,205.885714285714,402.9,349.972857142857,14.1472222222222,529,0.00579690943397161,5.62525398256526,386.8,22,-522.09,0.740868432645712,9.4132852975972,5.86070889039841,3.58351893845611,5.96048974280855
13051,155.8,2,36,57.6,77.9,578.191666666667,4,0.325539968459613,1.25003677848954,0,0,0,0,5.05497110791631,4.36818122785183,1.09861228866811,0
13052,3162.68,7,207.714285714286,346.9,451.811428571429,211.984722222222,166,0.0187057717081379,4.564846926989,0,0,0,0,8.05949118597252,6.11547576634835,2.07944154167984,0
13053,127.65,1,47,47,127.65,621.098611111111,17,0.123631269342198,2.44282280945744,0,0,0,0,4.85709553872775,4.85709553872775,0.693147180559945,0
13055,2323.75,4,455.25,878.85,580.9375,77.975,146,0.00801634371090903,4.90488924677185,28.6,2,-28.6,1,7.75136778535831,6.36636305364875,1.6094379124341,3.38777436133001
13056,209.48,1,158,158,209.48,550.986111111111,18,0.0743673040882961,2.73405858760571,0,0,0,0,5.34939063673204,5.34939063673204,0.693147180559945,0
13057,722.09,3,155.333333333333,229.9,240.696666666667,529.920833333333,34,0.160020274493295,2.55062542939154,149.4,1,-181.35,0.823821339950372,6.58353369573941,5.48768349641312,1.38629436111989,5.01329841151574
13058,271.4,3,17.3333333333333,25.1,90.4666666666667,24.0048611111111,5,0.369051491515649,1.22849929850668,0,0,0,0,5.60727157427536,4.51597460718362,1.38629436111989,0
13059,2303.17,10,86.4,153.8,230.317,249.131944444444,155,0.0172433688503846,4.63697741848848,30.55,2,-30.55,1,7.74247580381605,5.44378906415871,2.39789527279837,3.45157358898722
13060,307.53,1,123,123,307.53,253.092361111111,15,0.0898318558679153,2.5801535335635,0,0,0,0,5.73181908335006,5.73181908335006,0.693147180559945,0
13061,248.61,1,107,107,248.61,71.9069444444444,9,0.216720578823229,1.86595212172867,0,0,0,0,5.51989969979529,5.51989969979529,0.693147180559945,0
13062,311.7,1,175,175,311.7,190.943055555556,11,0.163940509005589,2.11302009408257,0,0,0,0,5.7452442644638,5.7452442644638,0.693147180559945,0
13063,188.4,1,116,116,188.4,480.057638888889,12,0.0921267935142737,2.43792932168216,0,0,0,0,5.24386118075198,5.24386118075198,0.693147180559945,0
13064,1571.79,6,111.666666666667,205.5,261.965,12.0131944444444,57,0.0396990089863672,3.57596663256143,0,0,0,0,7.3606063912852,5.57202094347395,1.94591014905531,0
13065,1260.91,5,91,134.6,252.182,372.831944444444,49,0.0276395472423499,3.74260994777986,4.95,1,-4.95,1,7.14038172518567,5.53410859769561,1.79175946922805,1.78339121955754
13066,467.1,2,161,183.5,233.55,23.9951388888889,48,0.0321880512732442,3.62843889224512,36,1,-39.9,0.902255639097744,6.14868194830602,5.45766878477447,1.09861228866811,3.61091791264422
13067,508.51,3,43.6666666666667,64.4,169.503333333333,82.0083333333333,24,0.104568102849154,2.63850345085588,0,0,0,0,6.23344947955555,5.1387548468746,1.38629436111989,0
13068,344,2,100,100,172,9.90972222222222,1,1,0,0,0,0,0,5.84354441703136,5.15329159449778,1.09861228866811,0
13069,8419.75,38,226.631578947368,571.9,221.572368421053,0.174305555555556,587,0.00841611769045353,5.52243134101916,814.7,4,-935.66,0.870722270910373,9.03845417690376,5.40525230005412,3.66356164612965,6.70404664030653
13070,751.7,4,93,110,187.925,192.003472222222,15,0.0945908090125864,2.52010976584635,7.8,1,-7.8,1,6.62366674204049,5.24135011090678,1.6094379124341,2.17475172148416
13071,129.22,1,30,30,129.22,612.009027777778,12,0.155023721556177,2.02081813348948,0,0,0,0,4.86922532780872,4.86922532780872,0.693147180559945,0
13072,177.15,1,69,69,177.15,266.193055555556,7,0.158918266283614,1.88729565631866,0,0,0,0,5.18262589205184,5.18262589205184,0.693147180559945,0
13073,418.08,2,130.5,217.35,209.04,410.988888888889,25,0.0490873327363594,3.13228935444937,0,0,0,0,6.03806183248476,5.34729798876966,1.09861228866811,0
13074,1210.9,4,168.5,235.5,302.725,510.872916666667,26,0.122598873266129,2.66995019645878,15.9,1,-15.9,1,7.09994465497444,5.71612268674081,1.6094379124341,2.82731362192903
13075,919.61,1,485,485,919.61,129.146527777778,22,0.0597981348609167,2.9433235119673,0,0,0,0,6.82503649380514,6.82503649380514,0.693147180559945,0
13076,135.4,1,44,44,135.4,457.140972222222,9,0.114184352288422,2.18277681813224,0,0,0,0,4.91559174540936,4.91559174540936,0.693147180559945,0
13077,3090.87,11,253.181818181818,526,280.988181818182,0.726388888888889,214,0.0184568159333782,4.60228386138954,24.5,3,-24.5,1,8.03653136483896,5.64186516161377,2.484906649788,3.23867845216438
13078,28948.13,57,202.719298245614,400,507.861929824561,2.88472222222222,163,0.0159088462792815,4.49167027315471,648.86,38,-648.62,1.00037001634239,10.2732954307361,6.23217672204143,4.06044301054642,6.4767569550757
13079,419.18,6,26.3333333333333,78,69.8633333333333,3.83125,11,0.279503528869117,1.79854161703968,0,0,0,0,6.04068319089548,4.26075313944486,1.94591014905531,0
13080,282.41,4,48.25,106.05,70.6025,178.952083333333,17,0.0736262961959566,2.71722961532552,19.9,1,-19.9,1,5.64689461244915,4.27112998955816,1.6094379124341,3.03974915897077
13081,59189.39,28,1456.96428571429,3148.8,2113.90678571429,11.0805555555556,794,0.00461751193966167,6.03762936903739,885.68,16,-877,1.00989737742303,10.9885144766139,7.65676601756081,3.36729582998647,6.78748415058856
13082,4955.31,21,184.285714285714,549,235.967142857143,125.898611111111,101,0.0362853696152957,3.96476147739193,66.83,4,-66.83,1,8.50841679123674,5.46792149379046,3.09104245335832,4.21700457495799
13083,395.43,3,102.333333333333,140.7,131.81,3.90902777777778,19,0.0864381495157548,2.64242731879744,0,0,0,0,5.98249948072233,4.88891953541216,1.38629436111989,0
13084,122.4,1,144,144,122.4,491.209027777778,2,0.555555555555556,0.636514168294813,5.95,1,-5.95,1,4.81543111147129,4.81543111147129,0.693147180559945,1.9387416595767
13085,2433.28,8,118,182.4,304.16,157.06875,51,0.0335173696625537,3.65116820911636,161.7,2,-973.82,0.166047113429587,7.7974063039074,5.72083622922203,2.19722457733622,5.09190801422499
13086,439.33,1,155,155,439.33,382.098611111111,47,0.0392662419920583,3.52218253014476,0,0,0,0,6.08752444580285,6.08752444580285,0.693147180559945,0
13087,313.64,1,86,86,313.64,725.898611111111,15,0.0860993425787599,2.58127863592571,0,0,0,0,5.75142912812355,5.75142912812355,0.693147180559945,0
13088,236.11,1,76,76,236.11,416.927083333333,19,0.0763208596216253,2.72805618817138,0,0,0,0,5.46852416847889,5.46852416847889,0.693147180559945,0
13089,115018.24,203,290.098522167488,886.999999999999,566.592315270936,2.15833333333333,929,0.0137632014007183,5.5787884990165,3320.27,44,-3523.67,0.942276092823675,11.6528546976994,6.34140340620716,5.31811999384422,8.10810251888502
13090,14041.14,24,143.541666666667,286.75,585.0475,8.00763888888889,164,0.162479468871335,3.01431873004172,331.81,6,-331.81,1,9.54981808761722,6.37340084431247,3.2188758248682,5.80757175657254
13091,1137.6,3,446.333333333333,831.4,379.2,27.8722222222222,41,0.0383034742869238,3.47966176930036,2473.64,3,-2452.04,1.00880899169671,7.03755471651698,5.94069743005433,1.38629436111989,7.8138502098778
13092,2160.52,12,55.3333333333333,148.25,180.043333333333,70.1055555555556,52,0.0458781250373952,3.44884091464989,132.95,3,-132.95,1,7.67856695689856,5.19873641329306,2.56494935746154,4.89746659599062
13093,54702.05,55,474.963636363636,1140.2,994.582727272727,275.025,220,0.0132636247413142,4.77045479464515,869.92,33,-869.92,1,10.9096747455393,6.90332822127979,4.02535169073515,6.76955012418412
13094,2382.24,13,156.923076923077,268.8,183.249230769231,20.9465277777778,6,0.28832777727458,1.45109913270641,218.46,4,-218.46,1,7.77621618541398,5.21628935613118,2.63905732961526,5.39116998356265
13095,74.4,1,144,144,74.4,70.0743055555556,6,0.177830385015609,1.75866796605934,0,0,0,0,4.32280727501391,4.32280727501391,0.693147180559945,0
13096,108,1,6,6,108,393.945833333333,1,1,0,0,0,0,0,4.69134788222914,4.69134788222914,0.693147180559945,0
13097,13082.98,28,192.714285714286,320.2,467.249285714286,32.0881944444444,398,0.0107181116028877,5.21724506054201,232.8,12,-527.49,0.441335380765512,9.47914386007258,6.14900081588638,3.36729582998647,5.45446604903797
13098,28318.55,28,556.857142857143,1171.35,1011.37678571429,0.941666666666667,162,0.0145814391369567,4.560473489322,223.56,13,-223.56,1,10.2513076578509,6.92005609845379,3.36729582998647,5.41414293205363
13099,86.4,1,120,120,86.4,98.8402777777778,1,1,0,0,0,0,0,4.47049528266149,4.47049528266149,0.693147180559945,0
13101,695.4,4,119.5,132.95,173.85,233.967361111111,48,0.0534941791363419,3.35727227862717,0,0,0,0,6.54592420789403,5.16392846350938,1.6094379124341,0
13102,11628.82,37,177.081081081081,368.4,314.292432432432,0.998611111111111,216,0.0180000509795504,4.73319954325005,254.85,5,-256.8,0.992406542056075,9.36132776817884,5.75350056509721,3.63758615972639,5.5445913352511
13103,709.64,3,142,258.4,236.546666666667,39.1333333333333,27,0.0572414346417356,3.06339148750525,0,0,0,0,6.56616597246145,5.47036409540089,1.38629436111989,0
13104,1709.1,9,92.6666666666667,187.2,189.9,2.98611111111111,15,0.201771802391369,2.01735220567171,0,0,0,0,7.44430712731901,5.2517497307317,2.30258509299405,0
13105,72,1,100,100,72,436.00625,1,1,0,0,0,0,0,4.29045944114839,4.29045944114839,0.693147180559945,0
13106,440.66,2,115.5,203.25,220.33,132.943055555556,15,0.149434251514259,2.24771679443023,17,1,-17,1,6.09054035529867,5.39965480045395,1.09861228866811,2.89037175789616
13107,5222.11,9,474.222222222222,836.2,580.234444444444,43.9569444444444,146,0.0179228136770246,4.53504099706329,143.45,6,-143.45,1,8.56084828890761,6.36515419429733,2.30258509299405,4.97293342691224
13108,1098.52,2,521.5,588.55,549.26,372.09375,27,0.100728533114083,2.69847773711449,0,0,0,0,7.00262899991578,6.31039089379891,1.09861228866811,0
13109,1134.75,3,252.333333333333,260,378.25,59.1486111111111,61,0.0209557861389876,3.99449048282263,26.45,4,-26.45,1,7.03504850463951,5.93819561822864,1.38629436111989,3.31236616795554
13110,2957.47,12,63.5833333333333,110.85,246.455833333333,30.9305555555556,175,0.0248401462375589,4.38567654367656,61.3,2,-61.3,1,7.99242752179155,5.51123211490599,2.56494935746154,4.13196142579341
13111,321.88,1,180,180,321.88,718.159722222222,12,0.206424674263259,2.02664774608453,0,0,0,0,5.77728073716524,5.77728073716524,0.693147180559945,0
13112,20.6,1,11,11,20.6,540.865972222222,2,0.848571967197662,0.284891641142843,26.04,2,-26.04,1,3.07269331469012,3.07269331469012,0.693147180559945,3.29731725117476
13113,17946.78,37,120.810810810811,238.8,485.048108108108,0.000694444444444444,177,0.076774421363996,3.45200392620861,2025.48,23,-2025.48,1,9.79522170938759,6.18630760687828,3.63758615972639,7.61405557678699
13114,234.38,1,74,74,234.38,730.120833333333,16,0.0681847574122077,2.72916010493783,0,0,0,0,5.46120122944952,5.46120122944952,0.693147180559945,0
13115,5440.13,10,393.4,685.6,544.013,11.0083333333333,189,0.00958054812563594,4.94747816343001,119.3,13,-120.25,0.992099792099792,8.60174203886729,6.30080964758977,2.39789527279837,4.78998862298063
13116,501.14,1,291,291,501.14,137.970138888889,30,0.0407615362997031,3.28820015742514,15.95,1,-15.95,1,6.21887896527284,6.21887896527284,0.693147180559945,2.83026783382646
13117,2618.23,18,114.833333333333,244.7,145.457222222222,21.0333333333333,122,0.0164803491946017,4.50272233572403,1.7,1,-1.7,1,7.87063566043032,4.98673338733414,2.94443897916644,0.993251773010283
13118,2410.57,9,92.6666666666667,163,267.841111111111,19.0027777777778,110,0.0262919641905827,4.08586716098736,81.31,3,-81.31,1,7.78803326666393,5.59412054007608,2.30258509299405,4.41049260698455
13119,134.9,1,110,110,134.9,668.175,11,0.0940317100606055,2.38080278868385,0,0,0,0,4.9119193211571,4.9119193211571,0.693147180559945,0
13120,30.6,1,12,12,30.6,238.146527777778,1,1,0,0,0,0,0,3.45315712059287,3.45315712059287,0.693147180559945,0
13121,283.73,1,252,252,283.73,268.835416666667,50,0.0287745395969134,3.72252624899005,29,1,-29,1,5.65154136281051,5.65154136281051,0.693147180559945,3.40119738166216
13122,922.39,2,292.5,512.55,461.195,93.9145833333333,54,0.0204470545102383,3.937804665168,0,0,0,0,6.82805168047126,6.13598687995399,1.09861228866811,0
13123,506.75,2,134,183.5,253.375,472.147222222222,38,0.0346551739966301,3.47890945953584,0,0,0,0,6.22998920046049,5.53880955619686,1.09861228866811,0
13124,4764.74,4,695.75,894.45,1191.185,89.0451388888889,217,0.00905705386120598,5.05773233682637,0,0,0,0,8.46920810308627,7.08354303692509,1.6094379124341,0
13125,158.57,1,54,54,158.57,523.077777777778,20,0.0631692410119581,2.8681637954262,0,0,0,0,5.07248269742234,5.07248269742234,0.693147180559945,0
13126,4017.66,13,260.384615384615,463.2,309.050769230769,4.11805555555556,183,0.0102075003425816,4.90966492346126,93.83,6,-95.78,0.979640843599916,8.29870379271183,5.73673605578223,2.63905732961526,4.55208581489564
13127,259.17,1,127,127,259.17,77.1416666666667,15,0.0765009706719425,2.63864108471251,0,0,0,0,5.56133526350511,5.56133526350511,0.693147180559945,0
13128,263.5,1,31,31,263.5,630.904166666667,1,1,0,0,0,0,0,5.57784125129835,5.57784125129835,0.693147180559945,0
13129,226.95,2,133,183.4,113.475,452.002083333333,10,0.112771490440417,2.23729892508478,0,0,0,0,5.42912630665945,4.74035645854316,1.09861228866811,0
13130,64,1,32,32,64,93.9305555555556,2,0.52392578125,0.669026836160278,0,0,0,0,4.17438726989564,4.17438726989564,0.693147180559945,0
13131,3313.77,7,217.571428571429,346.4,473.395714285714,22.9784722222222,114,0.025866733367472,4.24650193476104,34,1,-34,1,8.10614351861416,6.16204181367499,2.07944154167984,3.55534806148941
13132,77.3,1,20,20,77.3,261.004166666667,3,0.426437880002477,0.968643668877782,0,0,0,0,4.36054760299676,4.36054760299676,0.693147180559945,0
13133,200.45,3,18.3333333333333,22.8,66.8166666666667,273.096527777778,12,0.088222738548916,2.4557800642179,0,0,0,0,5.30554121163736,4.21680798577959,1.38629436111989,0
13134,2407.43,6,227.333333333333,611.75,401.238333333333,85.1354166666667,110,0.0150159450144551,4.49323249032265,52.95,3,-52.95,1,7.7867303619153,5.99704478193003,1.94591014905531,3.98805769170414
13135,360.9,2,121.5,122.85,180.45,196.123611111111,18,0.0939359829851804,2.6766081398515,0,0,0,0,5.8913679305697,5.20098013365908,1.09861228866811,0
13136,6274.56,13,239.153846153846,506.399999999999,482.658461538462,56.00625,220,0.00676443355737235,5.1959226245533,192.91,11,-196.76,0.980433014840415,8.74441800304595,6.18137899964446,2.63905732961526,5.26739413389453
13137,7713.33,16,268.375,431.5,482.083125,10.0284722222222,655,0.00420174853689952,5.9203907812051,18,1,-45.33,0.397088021178028,8.95083491721536,6.18018874029409,2.83321334405622,2.94443897916644
13138,1467.24,7,102.571428571429,211,209.605714285714,21.8326388888889,41,0.0394709286081504,3.44634870793181,12.75,1,-12.75,1,7.29181968355022,5.34998773269224,2.07944154167984,2.62103882411258
13139,8167.7,8,555.75,1689.2,1020.9625,15.9555555555556,216,0.00952922632094291,5.05368348964354,9.15,1,-9.15,1,9.00806505646627,6.92948007733116,2.19722457733622,2.3174737054878
13140,1206.78,5,129.6,232.4,241.356,107.928472222222,90,0.020441029531968,4.14801664268346,0,0,0,0,7.09653924270375,5.49040771956693,1.79175946922805,0
13141,7674.08,17,304.058823529412,604.4,451.416470588235,84.1638888888889,297,0.00829535267895631,5.33411135164924,131.95,4,-131.95,1,8.94573399585384,6.11460315071504,2.89037175789616,4.88997311768903
13142,307.09,1,258,258,307.09,18.8631944444444,23,0.0562731020230462,2.99031023756,0,0,0,0,5.7303919480814,5.7303919480814,0.693147180559945,0
13143,405.1,1,198,198,405.1,584.061111111111,23,0.0485440709941092,3.07517782825057,5.9,1,-5.9,1,6.00659943469225,6.00659943469225,0.693147180559945,1.93152141160321
13144,135.35,2,14.5,20.35,67.675,332.065972222222,6,0.294737650844061,1.4602496520529,0,0,0,0,4.9152251092916,4.22938523198134,1.09861228866811,0
13145,869.52,7,38,88.8,124.217142857143,39.0034722222222,5,0.744808427526501,0.589742092438038,3.75,1,-3.75,1,6.76909073424587,4.83004937307189,2.07944154167984,1.55814461804655
13146,228.91,1,154,154,228.91,25.8895833333333,16,0.120838662322759,2.39390449777522,0,0,0,0,5.43768792799584,5.43768792799584,0.693147180559945,0
13147,712.8,4,36,48,178.2,9.95208333333333,1,1,0,0,0,0,0,6.57060281105606,5.18850250054083,1.6094379124341,0
13148,8617.84,26,175.807692307692,468.25,331.455384615385,28.89375,452,0.00599886365943601,5.59863903837621,498.21,10,-498.21,1,9.06170578383662,5.80650566948489,3.29583686600433,6.21302684890586
13149,1680.86,4,320,385.5,420.215,13.9868055555556,75,0.0282886807347791,4.03083210928354,0,0,0,0,7.42765560282379,6.04314339216132,1.6094379124341,0
13150,449.97,3,57,102.9,149.99,484.035416666667,7,0.274628007945923,1.51568312189121,14.95,1,-14.95,1,6.11140081844319,5.01721360945638,1.38629436111989,2.76945882923085
13151,2573.79,3,277.333333333333,373.8,857.93,295.014583333333,134,0.0115306052120909,4.65895278849066,65.1,2,-69.05,0.942795076031861,7.85352325637412,6.75568742855898,1.38629436111989,4.19116874685764
13152,2124.43,7,139.571428571429,225.6,303.49,417.004166666667,115,0.011108361100769,4.62724743715877,31.4,2,-31.4,1,7.6617294138291,5.71863824588819,2.07944154167984,3.47815842279828
13153,486.22,1,418,418,486.22,5.025,15,0.164667645095001,2.18734806474481,0,0,0,0,6.18871576645624,6.18871576645624,0.693147180559945,0
13154,1624.84,3,325.333333333333,453.6,541.613333333333,398.868055555556,81,0.0196170361018989,4.18294823202549,33.55,2,-627.41,0.0534738050078896,7.39377988428205,6.29639697296629,1.38629436111989,3.54240755021368
13155,1750.18,6,151.5,297.75,291.696666666667,32.88125,81,0.0266279201787895,3.96278608888932,0,0,0,0,7.46804512540337,5.67913680540842,1.94591014905531,0
13156,1584.59,3,304.666666666667,510,528.196666666667,384.986805555556,96,0.0133643371443407,4.43429828864183,0,0,0,0,7.36871185679499,6.27136013340514,1.38629436111989,0
13157,5687.36,9,529.111111111111,1208,631.928888888889,49,177,0.0102132885829058,4.86825413639229,19.65,1,-19.65,1,8.64617726061952,6.45035807600561,2.30258509299405,3.02771531940704
13158,1509.86,5,198.4,253.6,301.972,94.0777777777778,71,0.0190427679966101,4.1074915028261,0,0,0,0,7.3204343041085,5.71364039199845,1.79175946922805,0
13159,1437.85,4,264.75,358.25,359.4625,8.0625,113,0.0129349894689443,4.55228583784753,58.1,1,-58.1,1,7.2715994623992,5.88738792912292,1.6094379124341,4.07923092441205
13160,91.8,1,56,56,91.8,21.9881944444444,4,0.281237985390235,1.32496716018455,0,0,0,0,4.53044663979215,4.53044663979215,0.693147180559945,0
13161,478.88,2,53,74.6,239.44,312.949305555556,30,0.0518793445913837,3.13989184701376,0,0,0,0,6.17353607264673,5.48247057817096,1.09861228866811,0
13162,9281.29,16,359.6875,652.5,580.080625,121.910416666667,191,0.012716475988683,4.74199222012824,158.55,3,-158.55,1,9.1358635625796,6.3648895165875,2.83321334405622,5.07235735272425
13163,17.65,1,3,3,17.65,609.895138888889,2,0.665353224887448,0.517203812963834,17.65,1,-17.65,1,2.92584614608982,2.92584614608982,0.693147180559945,2.92584614608982
13164,372.2,2,60,85.2,186.1,568.998611111111,7,0.238453568121465,1.66701585087068,74.74,1,-74.74,1,5.92211446897319,5.23164323328004,1.09861228866811,4.32730642247365
13165,1457.16,3,578.666666666667,841.6,485.72,45.9479166666667,47,0.0537446485921407,3.32442022124594,0,0,0,0,7.28493064591668,6.18768900907093,1.38629436111989,0
13166,884.18,2,263.5,306.25,442.09,282.898611111111,64,0.0289763631264773,3.82857944176042,2.5,1,-2.5,1,6.78579101415753,6.09377290968176,1.09861228866811,1.25276296849537
13167,1118.19,5,196.6,323.6,223.638,18.0180555555556,65,0.0269254528424173,3.84637134675506,0,0,0,0,7.02036048835782,5.41449021766391,1.79175946922805,0
13168,1875.31,5,182.4,338,375.062,35.9958333333333,132,0.0224173984199182,4.41725737991375,9.05,1,-9.05,1,7.53706236111724,5.92975402341346,1.79175946922805,2.30757263450508
13169,840.08,3,98.6666666666667,168,280.026666666667,63.06875,16,0.116865219623788,2.4068274520011,0,0,0,0,6.73468678030023,5.63844956400074,1.38629436111989,0
13170,116.73,1,147,147,116.73,26.0215277777778,29,0.0518226368856899,3.1331543856786,0,0,0,0,4.76839386709011,4.76839386709011,0.693147180559945,0
13171,443.21,3,76.3333333333333,110.4,147.736666666667,21.0993055555556,37,0.0847330744484789,3.05678211366573,36,2,-41.6,0.865384615384615,6.09629742358874,5.00217740455386,1.38629436111989,3.61091791264422
13172,69.6,1,48,48,69.6,399.902777777778,1,1,0,0,0,0,0,4.2570301444992,4.2570301444992,0.693147180559945,0
13173,2627.35,11,147.272727272727,264.5,238.85,3.87430555555556,163,0.0120497415356526,4.72482302655675,18.85,2,-18.85,1,7.87411155186301,5.48001372794807,2.484906649788,2.9882040071332
13174,9404.19,12,378.416666666667,874.199999999999,783.6825,15.9270833333333,611,0.00378816867102736,5.94262420849896,0,0,0,0,9.14901694355127,6.66527917736824,2.56494935746154,0
13175,787.55,2,211.5,220.95,393.775,582.025694444444,40,0.0335689656599153,3.55923126177203,38.35,2,-38.35,1,6.67019581593357,5.97831598235271,1.09861228866811,3.67249597486341
13176,494.52,1,453,453,494.52,45.9215277777778,66,0.026435040672152,3.85723386117694,0,0,0,0,6.20560771622489,6.20560771622489,0.693147180559945,0
13177,512.2,2,90,90.9,256.1,64.1625,23,0.0501465148464159,3.0595407368314,0,0,0,0,6.24066563274148,5.54946511427184,1.09861228866811,0
13178,14059.19,21,418,707,669.485238095238,25.8583333333333,228,0.0128357007207525,4.84171051186576,61.3,4,-61.3,1,9.55110267878686,6.50800168621574,3.09104245335832,4.13196142579341
13179,572.31,1,368,368,572.31,618.090277777778,34,0.0340131382097007,3.45691384539087,0,0,0,0,6.3514265826368,6.3514265826368,0.693147180559945,0
13180,86.1,1,42,42,86.1,607.009027777778,4,0.271522053199626,1.34334196700939,0,0,0,0,4.46705688385846,4.46705688385846,0.693147180559945,0
13181,359.69,1,171,171,359.69,380.90625,19,0.0653450836652125,2.84061398620418,0,0,0,0,5.88801886365493,5.88801886365493,0.693147180559945,0
13182,121.18,1,201,201,121.18,45.0027777777778,11,0.0995610337812304,2.34547094895196,0,0,0,0,4.80549536722162,4.80549536722162,0.693147180559945,0
13183,7036.18,15,268.466666666667,420.7,469.078666666667,7.09722222222222,65,0.0871827230691653,2.83682863521592,25.3,3,-25.3,1,8.85896280072141,6.15290005658485,2.77258872223978,3.26956893918372
13184,1710.55,10,166.8,331.9,171.055,14.0333333333333,139,0.0258480442904334,4.27735004425092,52.5,2,-52.5,1,7.44515467168316,5.1478141931406,2.39789527279837,3.97968165390196
13185,71.4,1,12,12,71.4,267.0375,1,1,0,0,0,0,0,4.28220629939167,4.28220629939167,0.693147180559945,0
13186,1596.6,3,273.333333333333,351.3,532.2,39.0486111111111,69,0.0209019158665942,4.05707170768018,36.2,2,-36.2,1,7.37625778210161,6.27889658830455,1.38629436111989,3.6163087612791
13187,367.01,4,93.75,234.4,91.7525,336.745138888889,51,0.0326643492817516,3.62181506210571,18.7,1,-18.7,1,5.90811011171277,4.52993465530218,1.6094379124341,2.98061863574394
13188,114.6,1,25,25,114.6,10.8902777777778,2,0.772484306899482,0.388075163706885,0,0,0,0,4.75013595623828,4.75013595623828,0.693147180559945,0
13189,291.48,2,421,515.5,145.74,18.0909722222222,29,0.0427500419064884,3.25045432190655,0,0,0,0,5.67839628826579,4.98866231328585,1.09861228866811,0
13190,522.96,3,102.666666666667,211.9,174.32,543.91875,16,0.120826119978277,2.38646553420237,36,1,-51.9,0.69364161849711,6.26141534552945,5.16661287555061,1.38629436111989,3.61091791264422
13191,164.69,1,115,115,164.69,657.825,58,0.0263875043473117,3.83880766320112,0,0,0,0,5.11011857258121,5.11011857258121,0.693147180559945,0
13192,2554.68,6,271.5,527.75,425.78,94.9840277777778,138,0.00884301616407821,4.83024941141908,14.05,2,-14.05,1,7.84607361204165,6.05626865797348,1.94591014905531,2.71137799119488
13193,117.88,1,50,50,117.88,60.9722222222222,22,0.0709761866956429,2.86448775992308,0,0,0,0,4.77811458096945,4.77811458096945,0.693147180559945,0
13194,472.78,2,163,286.3,236.39,135.200694444444,10,0.127845018381733,2.15794410545127,0,0,0,0,6.16074307892998,5.46970435828921,1.09861228866811,0
13195,172.38,1,83,83,172.38,414.029861111111,43,0.0681348557659917,3.23294498092684,0,0,0,0,5.15548571744049,5.15548571744049,0.693147180559945,0
13196,3042.99,7,286.571428571429,627.4,434.712857142857,10.9555555555556,144,0.0098979450191838,4.79244272939275,9.2,1,-9.2,1,8.02092443382506,6.07698344185224,2.07944154167984,2.32238772029023
13197,329.11,1,204,204,329.11,609.191666666667,19,0.0597401039201689,2.88512733968107,0,0,0,0,5.79942593225065,5.79942593225065,0.693147180559945,0
13198,4889.07,8,431.125,744,611.13375,9.89791666666667,265,0.00574241967611809,5.39681931954365,61.95,4,-61.95,1,8.49496189729489,6.41695080438632,2.19722457733622,4.14234076049036
13199,13851.21,67,128.641791044776,272.4,206.73447761194,3.01388888888889,64,0.04654003181751,3.5083407381413,27.91,2,-27.91,1,9.53620006567306,5.33626071427477,4.21950770517611,3.36418755602825
13200,872.25,4,129,235.8,218.0625,18.8854166666667,42,0.0394523922008169,3.51079559877086,0,0,0,0,6.77222188368694,5.38935707722891,1.6094379124341,0
13201,1240.61,4,259.75,368.3,310.1525,501.972222222222,65,0.0352068533245451,3.77049784264163,0,0,0,0,7.12416420352023,5.7402831456929,1.6094379124341,0
13202,1552.35,7,81.7142857142857,126.2,221.764285714286,393.851388888889,55,0.0304399437275154,3.75171486925479,8.95,1,-8.95,1,7.34816916800775,5.40611419769193,2.07944154167984,2.2975725511705
13203,2629.18,10,241.3,456,262.918,9.08680555555556,158,0.00855631704280841,4.91499233517639,17.7,1,-17.7,1,7.87480756389447,5.57563844883766,2.39789527279837,2.92852352386054
13204,962.71,1,428,428,962.71,730.9125,57,0.020153924034322,3.9805012343221,0,0,0,0,6.87079041947664,6.87079041947664,0.693147180559945,0
13205,1314,1,120,120,1314,442.891666666667,1,1,0,0,0,0,0,7.18159194461187,7.18159194461187,0.693147180559945,0
13206,8381.75,13,539.615384615385,1012.4,644.75,399.833333333333,397,0.00481303340847646,5.65304634040867,84.59,2,-97.19,0.870357032616524,9.03393130193383,6.47041243197595,2.63905732961526,4.44956845389352
13207,535.86,4,44.5,69.9,133.965,14.9152777777778,10,0.207565721051206,1.92985665968494,0,0,0,0,6.28573735288371,4.90501548556568,1.6094379124341,0
13208,1990.66,9,149.444444444444,291,221.184444444444,58.1638888888889,202,0.00973183136440651,4.96703744521604,18,1,-18,1,7.59672374084566,5.40350786775423,2.30258509299405,2.94443897916644
13209,8484.07,13,441,1254.8,652.620769230769,29.9555555555556,289,0.00698017036281967,5.33073836098231,71.45,3,-71.45,1,9.04606342748698,6.48252731970979,2.63905732961526,4.28289666876669
13210,353.48,1,316,316,353.48,93.2305555555556,22,0.0515679283133841,3.02987625019049,0,0,0,0,5.87065192689123,5.87065192689123,0.693147180559945,0
13211,2729.32,10,189,429.9,272.932,9.92152777777778,110,0.135545688759664,3.15975072517755,22.45,2,-22.45,1,7.91217409742695,5.61287990040503,2.39789527279837,3.15487049489229
13212,774.28,3,103.333333333333,201.3,258.093333333333,19.0069444444444,128,0.0138249788295605,4.54365710577441,7.5,1,-7.5,1,6.65322425442629,5.5571883571457,1.38629436111989,2.14006616349627
13213,3846.02,11,269.272727272727,843,349.638181818182,56.0888888888889,181,0.0094921599983605,4.96488128524074,16.9,3,-16.9,1,8.25505410159503,5.85975487077365,2.484906649788,2.88480071284671
13214,3274.93,7,423.714285714286,1291.2,467.847142857143,417.159722222222,208,0.00591055492434903,5.23565912171985,0,0,0,0,8.0943570772233,6.15027679390901,2.07944154167984,0
13215,81.6,1,96,96,81.6,401.766666666667,1,1,0,0,0,0,0,4.41400968052693,4.41400968052693,0.693147180559945,0
13216,333.74,1,297,297,333.74,267.022222222222,5,0.240414120912596,1.47229629356236,0,0,0,0,5.81335411108549,5.81335411108549,0.693147180559945,0
13217,597.58,4,95.5,140.4,149.395,121.929166666667,3,0.36890485904514,1.04811514377049,400.36,2,-400.36,1,6.39456018356741,5.01326516628227,1.6094379124341,5.994858780176
13218,62.64,1,88,88,62.64,126.86875,5,0.235756961876661,1.51482405006983,0,0,0,0,4.15324220346959,4.15324220346959,0.693147180559945,0
13219,76.23,1,11,11,76.23,617.980555555556,11,0.0919479459424363,2.39205072971104,0,0,0,0,4.34678798258117,4.34678798258117,0.693147180559945,0
13220,1336.09,5,79.2,179.2,267.218,78.0083333333333,46,0.0959753728872313,3.08874203099186,0,0,0,0,7.19825088972047,5.59180008268949,1.79175946922805,0
13221,847.41,2,122,149.9,423.705,239.869444444444,62,0.0274817685487454,3.84804979100147,0,0,0,0,6.74336400951404,6.05139481026617,1.09861228866811,0
13222,88.5,1,30,30,88.5,576.997222222222,1,1,0,0,0,0,0,4.49423862528081,4.49423862528081,0.693147180559945,0
13223,969.12,6,94.6666666666667,162,161.52,200.032638888889,9,0.373567686963937,1.30252086214151,0,0,0,0,6.87741977518602,5.09080107111953,1.94591014905531,0
13224,2135.07,2,723,840,1067.535,59.9548611111111,102,0.0212770490017048,4.23606809906031,5.1,1,-5.1,1,7.66672297107869,6.97404383042301,1.09861228866811,1.80828877117927
13225,15313.35,16,419.5625,722,957.084375,2.97291666666667,67,0.0362298128799717,3.63359015842747,380.8,1,-380.8,1,9.63654557631591,6.8649358482053,2.83321334405622,5.94489691129165
13226,312.46,2,89.5,98.05,156.23,272.927083333333,28,0.0474460433937528,3.14711919028794,0,0,0,0,5.74767176022592,5.05770970148218,1.09861228866811,0
13227,257.7,1,99,99,257.7,201.085416666667,9,0.17006942853929,1.95528508975436,0,0,0,0,5.55566908919198,5.55566908919198,0.693147180559945,0
13228,358,1,200,200,358,80.9736111111111,2,0.5,0.693147180559945,0,0,0,0,5.88332238848828,5.88332238848828,0.693147180559945,0
13229,160.95,1,63,63,160.95,225.071527777778,10,0.10274300395456,2.28943574774461,0,0,0,0,5.08728764561734,5.08728764561734,0.693147180559945,0
13230,6321,30,121.133333333333,288.3,210.7,3.86597222222222,674,0.00723967018829989,5.75502064207074,43.2,1,-43.56,0.991735537190083,8.75179089277556,5.35517017814082,3.43398720448515,3.78872478908365
13232,1357.6,7,111.142857142857,189.1,193.942857142857,12.0909722222222,146,0.0167000801962908,4.51030990198115,0,0,0,0,7.2142100367572,5.27270647532601,2.07944154167984,0
13233,1179.82,4,401,570.6,294.955,74.0173611111111,74,0.0171219904242888,4.18772102113131,0,0,0,0,7.07396439137214,5.69020741573975,1.6094379124341,0
13234,358.03,2,81,117,179.015,672.047916666667,56,0.0262840071772902,3.80379308886589,0,0,0,0,5.88340595045649,5.19304018075151,1.09861228866811,0
13235,1031.07,1,441,441,1031.07,211.859027777778,53,0.0300618988074095,3.73290504372344,18,1,-929.9,0.0193569200989354,6.93932177319856,6.93932177319856,0.693147180559945,2.94443897916644
13236,744.85,2,208,244,372.425,24,34,0.0402653125379626,3.39821949707959,17.58,1,-17.58,1,6.61452450759994,5.92271718119636,1.09861228866811,2.92208573338569
13237,643,1,128,128,643,387.113194444444,24,0.0597415642558091,2.99331982140357,0,0,0,0,6.46769872610435,6.46769872610435,0.693147180559945,0
13238,999.63,6,73.6666666666667,109.25,166.605,16.8840277777778,27,0.0619516686536202,3.01624631260755,19.9,1,-19.9,1,6.90838508061545,5.12161002053855,1.94591014905531,3.03974915897077
13239,1608.53,5,237.4,573.4,321.706,261.100694444444,87,0.0185594979060103,4.25987489231702,14.85,1,-14.85,1,7.38369748989414,5.77674169200561,1.79175946922805,2.76316950032329
13240,1738.52,8,107.375,300.35,217.315,95.9875,160,0.0153961002613185,4.5791812634922,77.35,1,-77.35,1,7.46136449208267,5.38593897397586,2.19722457733622,4.36118596880203
13241,115.58,1,48,48,115.58,411.10625,40,0.0374745174251661,3.4728834466659,0,0,0,0,4.7585777326174,4.7585777326174,0.693147180559945,0
13242,699.4,7,50,87,99.9142857142857,112.039583333333,19,0.0640538411575296,2.83631688199086,0,0,0,0,6.5516516004117,4.61427150023444,2.07944154167984,0
13243,1278.04,5,115.8,221.2,255.608,203.025,168,0.0135669309778763,4.68398107672317,0,0,0,0,7.15386507552296,5.54754962862462,1.79175946922805,0
13244,121.74,1,38,38,121.74,92.0861111111111,27,0.0457192244679301,3.18088712771276,0,0,0,0,4.81006829696095,4.81006829696095,0.693147180559945,0
13245,989.22,2,185.5,239.95,494.61,50.0902777777778,43,0.02673810168021,3.68936227084252,0,0,0,0,6.89792714066316,6.20578932711397,1.09861228866811,0
13246,3389.91,11,255.909090909091,351.5,308.173636363636,17.8333333333333,232,0.034033239330233,4.3414121206727,109.75,3,-109.75,1,8.12885360093001,5.73390304905362,2.484906649788,4.70727540892524
13247,501.12,4,82,184.25,125.28,17.0770833333333,18,0.0989488144258012,2.61488314508863,0,0,0,0,6.21883913495001,4.83850166368979,1.6094379124341,0
13248,465.68,2,152.5,241.15,232.84,124.048611111111,25,0.0444954252209764,3.16462596406851,0,0,0,0,6.14564379795566,5.45463712080299,1.09861228866811,0
13249,1558.11,9,133.111111111111,216,173.123333333333,92.0166666666667,21,0.423370432340526,1.14551901882798,0,0,0,0,7.35187042461871,5.1597638603863,2.30258509299405,0
13250,256.04,2,54,73.8,128.02,460.095138888889,18,0.150303011380647,2.34857416265759,7.5,1,-7.5,1,5.5492317148076,4.8599674311041,1.09861228866811,2.14006616349627
13251,252.68,1,215,215,252.68,401.979166666667,25,0.0551291704299233,3.03143601959767,0,0,0,0,5.53607363023009,5.53607363023009,0.693147180559945,0
13252,399.3,2,67,120.1,199.65,393.868055555556,19,0.0707377090976075,2.79581435844876,58,1,-58,1,5.99221426599853,5.30156209671293,1.09861228866811,4.07753744390572
13253,2910.63,4,729.75,897.45,727.6575,156.153472222222,73,0.0220480159768734,4.03249371454261,0,0,0,0,7.97646834080415,6.59120379993435,1.6094379124341,0
13254,51.41,1,43,43,51.41,375.880555555556,4,0.279181771571351,1.32695709105042,0,0,0,0,3.95909741281407,3.95909741281407,0.693147180559945,0
13255,904.46,3,172.333333333333,229,301.486666666667,8.98333333333333,26,0.0820066676888432,2.85669423492401,8.85,1,-8.85,1,6.80844310185851,5.71203719936448,1.38629436111989,2.287471455184
13256,25.2,1,120,120,25.2,13.8701388888889,1,1,0,0,0,0,0,3.26575941076705,3.26575941076705,0.693147180559945,0
13257,149.75,1,33,33,149.75,435.952777777778,7,0.162719390414185,1.88173590778936,31.8,2,-31.8,1,5.01562283560729,5.01562283560729,0.693147180559945,3.4904285153901
13258,1035.18,5,90.2,144.8,207.036,11.1381944444444,29,0.108353470079951,2.70501016346541,0,0,0,0,6.94329615290123,5.33771114164831,1.79175946922805,0
13259,1433.38,9,57.4444444444444,120.4,159.264444444444,61.1263888888889,235,0.0103723418981642,4.99624564883111,0,0,0,0,7.26848797908161,5.0768252286775,2.30258509299405,0
13260,557.62,1,142,142,557.62,61.0201388888889,8,0.232688368864955,1.70667743343002,0,0,0,0,6.32546945666534,6.32546945666534,0.693147180559945,0
13261,944.1,2,105,181.5,472.05,268.019444444444,8,0.139216824896863,2.02360076343145,0,0,0,0,6.85129074200101,6.15920109115045,1.09861228866811,0
13262,573.45,3,82.3333333333333,121.8,191.15,262.905555555556,48,0.0340871578509568,3.61351186985249,0,0,0,0,6.35341306129937,5.25827631701085,1.38629436111989,0
13263,8712.33,39,138.205128205128,262.1,223.393076923077,0.952083333333333,513,0.00742085711702543,5.43179861110406,0,0,0,0,9.07260931595456,5.41339932167118,3.68887945411394,0
13264,722.56,1,375,375,722.56,442.047222222222,38,0.0322334643361101,3.51636821378779,0,0,0,0,6.58418347283343,6.58418347283343,0.693147180559945,0
13265,2066.66,5,342.4,624,413.332,52.95,66,0.0298759720663143,3.87416727345143,0,0,0,0,7.63417281205348,6.02666758481651,1.79175946922805,0
13266,5997.66,19,342.789473684211,468.3,315.666315789474,10.9243055555556,155,0.0139042900480616,4.64017950262397,169.74,11,-169.74,1,8.69929138993426,5.75784858789262,2.99573227355399,5.14014193158216
13267,9756.31,36,114,199.5,271.008611111111,2.06805555555556,163,0.0171369089201004,4.53079616315727,246.05,14,-246.05,1,9.18577202666431,5.60583372429161,3.61091791264422,5.50959074529176
13268,3203.83,11,332.545454545455,692,291.257272727273,17.0409722222222,258,0.00902611145048822,5.12484537848502,47.05,4,-47.05,1,8.0724143258263,5.67763448533689,2.484906649788,3.8722421354163
13269,8907.34,28,234.428571428571,392.25,318.119285714286,0.914583333333333,258,0.0122116069135952,4.93768638650295,30.31,2,-30.31,1,9.09474319558781,5.76556496929647,3.36729582998647,3.44393753533831
13270,708,1,240,240,708,365.914583333333,1,1,0,0,0,0,0,6.56385552653213,6.56385552653213,0.693147180559945,0
13271,217.42,1,253,253,217.42,36.9298611111111,79,0.0268624598585458,3.95715885428897,39.12,1,-39.12,1,5.38641981476958,5.38641981476958,0.693147180559945,3.69187496309373
13272,276.56,2,48,69.6,138.28,30.9513888888889,15,0.0708625988622231,2.67892762439695,0,0,0,0,5.62603712603135,4.93648629545993,1.09861228866811,0
13273,138.98,1,153,153,138.98,112.991666666667,16,0.0925767656843072,2.56924677423247,0,0,0,0,4.94149955526139,4.94149955526139,0.693147180559945,0
13274,360.85,1,199,199,360.85,409.001388888889,19,0.0600614314012212,2.88287770344086,0,0,0,0,5.89122976131214,5.89122976131214,0.693147180559945,0
13275,241.66,2,70,124,120.83,383.028472222222,48,0.0699223779709721,3.2014350375813,0,0,0,0,5.49166128662373,4.80262663036632,1.09861228866811,0
13276,1921.31,5,171,374.4,384.262,63.0458333333333,208,0.00912050582026414,5.01419882641163,20.7,2,-20.7,1,7.56128286684693,5.95392362231992,1.79175946922805,3.07731226054641
13277,523.3,7,54.5714285714286,106.4,74.7571428571429,15.1451388888889,11,0.192975559818259,1.91476383224098,0,0,0,0,6.26206403957849,4.32753273508777,2.07944154167984,0
13278,1429.97,4,333.5,502.65,357.4925,40.0423611111111,82,0.0234483378875677,4.02549151953185,7.65,1,-7.65,1,7.26610781497611,5.88190773931875,1.6094379124341,2.15755932094379
13279,137.75,1,73,73,137.75,77.8513888888889,9,0.131068221777926,2.08943232716516,11.45,1,-11.45,1,4.93267375262654,4.93267375262654,0.693147180559945,2.52172062291072
13280,2322.63,7,213.571428571429,391.6,331.804285714286,122.025,167,0.00928531653160219,4.87112208953046,25.5,1,-25.5,1,7.7508858970352,5.80755458661139,2.07944154167984,3.27714473299218
13281,350.85,1,201,201,350.85,438.907638888889,22,0.0492653796316927,3.04991647148335,44.4,2,-44.4,1,5.86320494841256,5.86320494841256,0.693147180559945,3.8155121050473
13282,1313.19,4,102.5,130.2,328.2975,17.8868055555556,42,0.0400172328256667,3.44804655401364,84.3,3,-84.3,1,7.18097578524291,5.79696159749198,1.6094379124341,4.44617445449763
13283,373.84,4,51,78.7,93.46,59.1666666666667,20,0.073336216369985,2.83652819384822,0,0,0,0,5.92649926825562,4.54817646446797,1.6094379124341,0
13284,201.19,1,91,91,201.19,330.14375,13,0.0848092450249066,2.51014517377351,5.04,1,-5.04,1,5.30920784937921,5.30920784937921,0.693147180559945,1.79840401194672
13285,3364.59,6,409.5,596.25,560.765,22.9798611111111,190,0.00682335591132031,5.12005982290278,0,0,0,0,8.12135856103349,6.33108361297863,1.94591014905531,0
13286,734.91,1,274,274,734.91,599.927083333333,46,0.0358809193484092,3.53115605742351,0,0,0,0,6.60110782864305,6.60110782864305,0.693147180559945,0
13287,781.59,3,143,160.3,260.53,602.933333333333,46,0.0267605276690986,3.73484409226235,261.92,4,-261.92,1,6.66260893177492,5.56654899967817,1.38629436111989,5.57184980339538
13288,927.61,5,75.8,135.2,185.522,442.8875,7,0.39155828544576,1.30984661885283,35.45,1,-35.45,1,6.83368884442726,5.22854919459333,1.79175946922805,3.59594145845467
13289,307.95,1,119,119,307.95,723.039583333333,16,0.0713593163744523,2.71117594510885,0,0,0,0,5.73317945150699,5.73317945150699,0.693147180559945,0
13290,18,1,1,1,18,437.889583333333,1,1,0,36,2,-417.26,0.0862771413507166,2.94443897916644,2.94443897916644,0.693147180559945,3.61091791264422
13291,3321.65,11,147.181818181818,321.5,301.968181818182,155.134722222222,159,0.0139003871402496,4.62647185728335,0,0,0,0,8.10851793629518,5.71362778949433,2.484906649788,0
13292,992.56,5,106,197.8,198.512,38.1152777777778,55,0.0231460508189473,3.89946905658924,6.72,1,-6.72,1,6.9012944527199,5.2958743848969,1.79175946922805,2.04381436403668
13293,1192.94,6,92.5,158.5,198.823333333333,391.973611111111,54,0.0272786339642854,3.79687066159201,12.6,1,-12.6,1,7.08501404143363,5.29743364284591,1.94591014905531,2.61006979274201
13294,1655.63,3,332,520.4,551.876666666667,189.205555555556,94,0.0130506410924801,4.4406717961821,0,0,0,0,7.41254069738085,6.31513495072913,1.38629436111989,0
13295,1101.97,4,183.25,261.85,275.4925,359.061805555556,56,0.0208704828356475,3.94835300804854,43.95,5,-43.95,1,7.0057618203342,5.62218369582055,1.6094379124341,3.80555076091763
13296,792.51,6,108.833333333333,175.5,132.085,137.002777777778,50,0.0316345016708059,3.72242097519173,0,0,0,0,6.67646614228151,4.89098802183012,1.94591014905531,0
13297,4368.62,7,384.857142857143,986.2,624.088571428571,7.1375,110,0.0160713657478569,4.40275908748547,15.95,1,-15.95,1,8.38243132778696,6.4378933539816,2.07944154167984,2.83026783382646
13298,360,1,96,96,360,0.985416666666667,2,0.625,0.562335144618808,0,0,0,0,5.88887795833288,5.88887795833288,0.693147180559945,0
13299,1218.7,3,138.666666666667,262.6,406.233333333333,267.996527777778,56,0.0249163562034637,3.87831308373025,45.4,2,-45.4,1,7.10636020584919,6.0093863217419,1.38629436111989,3.83729945923221
13300,1285.51,3,151.666666666667,196.4,428.503333333333,169.028472222222,46,0.0459709458276496,3.47683723590543,18.3,2,-18.3,1,7.15968840471918,6.06262950235655,1.38629436111989,2.96010509591084
13301,618.87,4,86.25,94.85,154.7175,103.100694444444,75,0.0231742681929472,4.01822830496816,0,0,0,0,6.4295097786344,5.04804346815666,1.6094379124341,0
13302,158.25,2,6,6.9,79.125,154.829166666667,3,0.408908155701804,0.964910855347994,0,0,0,0,5.07047529445227,4.38358791524083,1.09861228866811,0
13303,61.72,1,26,26,61.72,399.913194444444,4,0.274942730513359,1.33839588272555,0,0,0,0,4.13868037604215,4.13868037604215,0.693147180559945,0
13304,1211.04,4,179,237.4,302.76,350.927083333333,61,0.02377769522485,3.93665895273935,90.25,3,-97.2,0.928497942386831,7.10006016938499,5.71623791592355,1.6094379124341,4.5136029924626
13305,3755.55,16,147.5625,287.75,234.721875,3.89930555555556,153,0.0163566000213291,4.58068946748887,0,0,0,0,8.23125626198285,5.4626526142907,2.83321334405622,0
13306,54.15,1,74,74,54.15,429.954861111111,4,0.310471834930671,1.26248902529875,0,0,0,0,4.01005674569951,4.01005674569951,0.693147180559945,0
13307,273.34,3,46.6666666666667,93.6,91.1133333333333,119.858333333333,15,0.0735762508470282,2.65812853927883,0,0,0,0,5.61436821305026,4.52301970296041,1.38629436111989,0
13308,1635.09,4,226.25,332.85,408.7725,22.1381944444444,65,0.0312855911855907,3.87005366624405,17.9,1,-17.9,1,7.40006452787451,6.01560212764778,1.6094379124341,2.9391619220656
13309,1708.53,6,319,442.75,284.755,6.84444444444444,96,0.0156571272898501,4.36571679298177,0,0,0,0,7.44397375791631,5.65513480033461,1.94591014905531,0
13310,1541.2,5,163.2,225.6,308.24,27.8104166666667,81,0.0167699321900503,4.2676417968908,48.4,3,-48.4,1,7.34096524739886,5.73411767445227,1.79175946922805,3.89995042419388
13311,598.57,2,152.5,259.15,299.285,3.99652777777778,26,0.0694658668800416,2.90461182956166,0,0,0,0,6.39621273162116,5.70473202369179,1.09861228866811,0
13312,124.75,1,41,41,124.75,450.968055555556,5,0.484137975349497,0.976745147621623,0,0,0,0,4.83429580897985,4.83429580897985,0.693147180559945,0
13313,3466.26,12,185.666666666667,336.15,288.855,21.8347222222222,118,0.0154829292452638,4.48663789653785,22.05,3,-22.05,1,8.15111993566236,5.66938079793884,2.56494935746154,3.13766576944266
13314,776.18,3,186.666666666667,339.3,258.726666666667,1.01458333333333,55,0.0248214858537965,3.84015001495267,197.28,1,-197.28,1,6.65567198377022,5.55962979597967,1.38629436111989,5.28968017315237
13315,310.26,1,232,232,310.26,688.886111111111,22,0.0543934599091026,2.99821112292086,0,0,0,0,5.74062857577686,5.74062857577686,0.693147180559945,0
13316,10278.85,10,623.6,1033.05,1027.885,36.9652777777778,115,0.0330843653071891,3.6734643538288,140.4,2,-284.64,0.493254637436762,9.23794094746301,6.93623097059924,2.39789527279837,4.95159275346247
13317,6488.67,19,165.736842105263,372.1,341.508947368421,66.0104166666667,235,0.0123920417224268,5.07146468409243,417.56,12,-417.56,1,8.77796696094773,5.83629778106448,2.99573227355399,6.03682024882878
13318,640.76,3,101.333333333333,166.8,213.586666666667,0.749305555555556,14,0.152722449678871,2.18634939852304,0,0,0,0,6.46421440202174,5.36871369716977,1.38629436111989,0
13319,22082.5,58,159.827586206897,365.15,380.73275862069,4.96944444444444,372,0.00818355242068031,5.3404271234134,376.41,20,-376.41,1,10.0025860023217,5.94472077902037,4.07753744390572,5.93333212966873
13320,2228.1,6,253.166666666667,350.75,371.35,77.8215277777778,103,0.0141331386910328,4.44974157703192,67.15,3,-67.15,1,7.70935319554689,5.91983427215665,1.94591014905531,4.22171115814254
13321,509.36,2,166,189.4,254.68,71.9347222222222,10,0.217487481526598,1.87135103025273,0,0,0,0,6.23511635905354,5.54392666257791,1.09861228866811,0
13322,199.48,1,117,117,199.48,16.9368055555556,25,0.0850442300975116,2.86051973962498,0,0,0,0,5.30071449114776,5.30071449114776,0.693147180559945,0
13323,787.85,5,35,57.8,157.57,2.81805555555556,6,0.201558331112649,1.69114403089133,0,0,0,0,6.67057618870346,5.06619613620148,1.79175946922805,0
13324,9898.43,18,414.222222222222,769.399999999999,549.912777777778,35.8486111111111,36,0.0765762797263412,2.99572533020759,92.1,5,-92.1,1,9.20023245870756,6.3115764985785,2.94443897916644,4.53367418428302
13325,675.3,1,240,240,675.3,81.1347222222222,12,0.132804372623745,2.16488544140504,0,0,0,0,6.51663676458089,6.51663676458089,0.693147180559945,0
13326,281.76,1,140,140,281.76,431.909722222222,13,0.0885991811509451,2.49409491842243,0,0,0,0,5.64459848130275,5.64459848130275,0.693147180559945,0
13327,9815.87,20,223.95,421.1,490.7935,38.1034722222222,182,0.0196505883440041,4.50231551623867,138.45,2,-138.45,1,9.19185761327012,6.19805891293997,3.04452243772342,4.9377061140735
13328,1264.08,1,656,656,1264.08,315.894444444444,17,0.0893456681122496,2.58533669130474,0,0,0,0,7.14289064026871,7.14289064026871,0.693147180559945,0
13329,5045.13,8,427.75,1102.7,630.64125,31.0979166666667,73,0.0289761939310025,3.88387035905147,135.95,6,-135.95,1,8.52637689184972,6.44832159057185,2.19722457733622,4.91961589570909
13330,2785.67,6,329.166666666667,494,464.278333333333,92.0576388888889,82,0.0230856655578647,4.06475672203437,0,0,0,0,7.93260261358217,6.14263579282624,1.94591014905531,0
13331,200.45,1,54,54,200.45,401.198611111111,12,0.0845618560533636,2.47797589981825,0,0,0,0,5.30554121163736,5.30554121163736,0.693147180559945,0
13332,350.9,1,179,179,350.9,13.9722222222222,21,0.0495692491586793,3.02329744490717,0,0,0,0,5.86334704432754,5.86334704432754,0.693147180559945,0
13333,1015.74,3,228.333333333333,310.5,338.58,411.018055555556,54,0.0216658088841731,3.91419730966897,0,0,0,0,6.92435670947956,5.82770955988787,1.38629436111989,0
13334,6263.75,5,645.4,829.6,1252.75,81.9368055555556,335,0.00663235625316182,5.48201408342731,6.75,1,-6.75,1,8.74269396230413,7.13389433927615,1.79175946922805,2.04769284336526
13336,795.12,1,559,559,795.12,76.9895833333333,51,0.0208625518368558,3.9016301683341,0,0,0,0,6.67974992825102,6.67974992825102,0.693147180559945,0
13337,1575.26,1,980,980,1575.26,546.015972222222,87,0.0137633065544096,4.38519245520473,26.71,1,-26.71,1,7.3628102314303,7.3628102314303,0.693147180559945,3.32179335887489
13338,2353.82,4,287.75,451.05,588.455,157.197222222222,116,0.0145466014030933,4.55778233605833,176.1,6,-222,0.793243243243243,7.76421957040834,6.37919838118583,1.6094379124341,5.17671454478879
13339,860.12,1,326,326,860.12,200.221527777778,54,0.0201121373245558,3.94742379160584,0,0,0,0,6.75823386753854,6.75823386753854,0.693147180559945,0
13340,18661.68,12,746.333333333333,1742.7,1555.14,45.0243055555556,197,0.00766770584063944,5.05270010920106,0,0,0,0,9.83428108681098,7.34996367498395,2.56494935746154,0
13341,775.85,1,301,301,775.85,260.125,42,0.0329692598208463,3.62201195251843,0,0,0,0,6.65524728153801,6.65524728153801,0.693147180559945,0
13343,321.43,1,135,135,321.43,177.059722222222,19,0.0557157607674457,2.91368017749242,49.5,1,-49.5,1,5.77588605841258,5.77588605841258,0.693147180559945,3.92197333628131
13344,2229.92,3,323.666666666667,564.9,743.306666666667,67.1701388888889,115,0.0105397242868691,4.66073687532587,0,0,0,0,7.71016933543013,6.61245313628755,1.38629436111989,0
13345,357.5,1,141,141,357.5,287.159027777778,20,0.051100826446281,2.98478753737086,11.9,1,-11.9,1,5.88192866003967,5.88192866003967,0.693147180559945,2.55722731136763
13346,299.4,6,30,45,49.9,462.089583333333,4,0.334297854225485,1.24045718173285,0,0,0,0,5.70511491988998,3.92986292355648,1.94591014905531,0
13347,309.36,1,205,205,309.36,70.0152777777778,8,0.13518848091598,2.03659697891014,0,0,0,0,5.73773291402575,5.73773291402575,0.693147180559945,0
13348,233.76,1,136,136,233.76,63.8486111111111,14,0.0854978412018434,2.54797010119075,0,0,0,0,5.45856371569013,5.45856371569013,0.693147180559945,0
13349,215.32,1,225,225,215.32,10.1965277777778,16,0.0702287621611979,2.70409851109282,0,0,0,0,5.3767587928546,5.3767587928546,0.693147180559945,0
13350,883.17,2,143.5,153.85,441.585,15.8451388888889,36,0.0415346513374231,3.39727487373042,36.45,1,-68.4,0.532894736842105,6.7846493518412,6.09263253639647,1.09861228866811,3.62300670996323
13351,341.94,1,117,117,341.94,66.0381944444444,16,0.0650451405424349,2.75270800617036,0,0,0,0,5.83755550475071,5.83755550475071,0.693147180559945,0
13352,365.98,1,321,321,365.98,59.9965277777778,24,0.0457202374360833,3.12720380210189,8.7,1,-8.7,1,5.90530735065681,5.90530735065681,0.693147180559945,2.27212588550934
13354,743.53,1,604,604,743.53,71.0229166666667,51,0.0233274472310064,3.8418513997672,0,0,0,0,6.61275314681256,6.61275314681256,0.693147180559945,0
13355,674.7,1,314,314,674.7,121.959722222222,32,0.0480152908014231,3.30863235808136,0,0,0,0,6.51574919055813,6.51574919055813,0.693147180559945,0
13356,768.24,1,325,325,768.24,79.9701388888889,42,0.029090639497604,3.64626128057017,0,0,0,0,6.64540301444265,6.64540301444265,0.693147180559945,0
13357,3836.41,5,428.4,806.2,767.282,256.995833333333,292,0.00633642517641484,5.33011014128695,0,0,0,0,8.2525529388517,6.64415685325084,1.79175946922805,0
13358,409.19,1,285,285,409.19,268.040277777778,29,0.0373839678992107,3.32025228443299,0,0,0,0,6.0166204669891,6.0166204669891,0.693147180559945,0
13359,979.31,2,190.5,217.05,489.655,63.1805555555556,52,0.0242906814377165,3.85588018544416,41.35,2,-41.35,1,6.88786884817454,6.19574123316412,1.09861228866811,3.74596842109806
13360,1521.65,4,235.5,355.35,380.4125,431.050694444444,58,0.0268400285858015,3.87606319207459,57.55,3,-89.55,0.642657733109994,7.32820751689855,5.94388146661982,1.6094379124341,4.06988109004373
13361,1450.5,2,162,186.3,725.25,471.954166666667,30,0.0458606542621433,3.20774600902446,0,0,0,0,7.28035278346468,6.58789430816612,1.09861228866811,0
13362,5394.55,7,354.428571428571,429,770.65,8.92291666666667,186,0.00995979669762554,4.93053344122968,36.5,3,-36.5,1,8.59332981874259,6.64853107934684,2.07944154167984,3.62434093297637
13363,1662.02,3,382,442.3,554.006666666667,17.0069444444444,79,0.0168108502391359,4.22926641501638,0,0,0,0,7.41639050557882,6.3189801256863,1.38629436111989,0
13364,134.96,1,71,71,134.96,70.8173611111111,10,0.113278728615807,2.24030339711126,134.96,1,-134.96,1,4.91236072482792,4.91236072482792,0.693147180559945,4.91236072482792
13365,2225.37,2,623.5,821.05,1112.685,33.0097222222222,122,0.0126175352002933,4.63953246756055,61.05,2,-61.05,1,7.70812773545327,7.01542961569023,1.09861228866811,4.12794051165062
13366,46.8,1,120,120,46.8,50.0090277777778,1,1,0,0,0,0,0,3.86702563949741,3.86702563949741,0.693147180559945,0
13367,478.2,1,253,253,478.2,431.159722222222,20,0.0879372860830932,2.74763292444977,0,0,0,0,6.17211804680124,6.17211804680124,0.693147180559945,0
13368,1057.5,4,151.5,307.8,264.375,256.160416666667,45,0.0347377783143034,3.61108418352406,35.4,1,-35.4,1,6.96460809057492,5.58114392002342,1.6094379124341,3.5945687746427
13369,552.56,1,298,298,552.56,365.055555555556,14,0.0872900651647111,2.54133840892164,44.53,1,-44.53,1,6.31637014735773,6.31637014735773,0.693147180559945,3.81837144934669
13370,1509.74,1,686,686,1509.74,371.1,39,0.0289010687098981,3.6037923003208,67.1,1,-67.1,1,7.3203548759909,7.3203548759909,0.693147180559945,4.22097721315547
13371,2253.76,2,509.5,585.55,1126.88,504.845138888889,78,0.0193722741814098,4.14129607572897,26.2,2,-26.2,1,7.72079881611748,7.02809504342021,1.09861228866811,3.30321697330195
13372,346.64,1,159,159,346.64,89.0444444444445,23,0.048370289299713,3.08126346994031,0,0,0,0,5.85116746156926,5.85116746156926,0.693147180559945,0
13373,7540.88,6,682.5,1102,1256.81333333333,60.1243055555556,293,0.0063122809633937,5.41244443322576,0,0,0,0,8.92822676679276,7.13713004257264,1.94591014905531,0
13374,390.8,2,67.5,95.85,195.4,414.156944444444,17,0.0864610648288318,2.64677507193022,0,0,0,0,5.97075150551044,5.28015339592037,1.09861228866811,0
13375,1792.23,2,562,670,896.115,88.1465277777778,63,0.0444392760499071,3.71446927421734,5.75,1,-5.75,1,7.49177374200973,6.79918405896943,1.09861228866811,1.90954250488444
13376,923.76,3,164.333333333333,188.4,307.92,98.8986111111111,45,0.0292314138989185,3.6696618138099,0,0,0,0,6.82953424438754,5.73308234370106,1.38629436111989,0
13377,1461.41,2,374,454.1,730.705,396.020833333333,73,0.0172310925074092,4.18220087518583,25.45,2,-57.45,0.442993907745866,7.2878410387509,6.5953774272683,1.09861228866811,3.27525615830431
13379,574.42,3,200.333333333333,294.7,191.473333333333,25.9618055555556,85,0.0213828511713881,4.12875841688226,0,0,0,0,6.35510020894231,5.2599576159934,1.38629436111989,0
13380,62.4,1,48,48,62.4,432.147222222222,3,0.36667899408284,1.05088488988445,0,0,0,0,4.14946386144318,4.14946386144318,0.693147180559945,0
13381,8223.42,12,427.083333333333,749.7,685.285,31.0361111111111,164,0.011202765735241,4.76544838601134,39.35,3,-39.35,1,9.01486305642983,6.53129299334469,2.56494935746154,3.69759139471596
13382,1387.58,5,172.6,299.2,277.516,280.115972222222,74,0.0195746686526256,4.14660444751777,0,0,0,0,7.23603692121963,5.62947550834548,1.79175946922805,0
13383,127.2,1,120,120,127.2,543.086805555556,1,1,0,0,0,0,0,4.85359154448657,4.85359154448657,0.693147180559945,0
13384,6526,11,366.363636363636,707.5,593.272727272727,30.0736111111111,196,0.0103736624590067,4.93867393535444,45.74,4,-45.74,1,8.78370269863522,6.38733835081436,2.484906649788,3.84460032911071
13385,520.67,1,281,281,520.67,329.123611111111,35,0.0330079118704034,3.48228699569996,0,0,0,0,6.25703520406209,6.25703520406209,0.693147180559945,0
13386,835.46,2,257,317.3,417.73,414.040277777778,25,0.0582211564244513,3.01878616632921,0,0,0,0,6.72917870099305,6.03722632080464,1.09861228866811,0
13387,189.44,1,125,125,189.44,416.988194444444,71,0.0209887485768866,4.04563293537068,0,0,0,0,5.24933718432632,5.24933718432632,0.693147180559945,0
13388,1153.7,3,233.666666666667,403.3,384.566666666667,131.040277777778,68,0.0173702785109708,4.13842490267106,18,1,-49.95,0.36036036036036,7.05159584895781,5.95471411363325,1.38629436111989,2.94443897916644
13389,797.96,3,143,195.1,265.986666666667,10.9506944444444,50,0.0227675715688671,3.85191086520115,0,0,0,0,6.68331088193488,5.5871987195753,1.38629436111989,0
13390,544.08,1,224,224,544.08,74.2166666666667,13,0.134461498467979,2.25286169804326,0,0,0,0,6.30093257288162,6.30093257288162,0.693147180559945,0
13391,59.8,1,4,4,59.8,203.125,1,1,0,0,0,0,0,4.10758978897212,4.10758978897212,0.693147180559945,0
13392,91.14,1,82,82,91.14,676.969444444444,8,0.139848510917884,2.01796452589461,0,0,0,0,4.52330915950777,4.52330915950777,0.693147180559945,0
13393,1131.45,4,165.5,347.55,282.8625,583.177777777778,52,0.0334558555254967,3.69280660124307,25.6,2,-25.6,1,7.03213870627217,5.64848996599079,1.6094379124341,3.28091121578765
13394,6651.24,19,281.789473684211,411.7,350.065263157895,1.05138888888889,272,0.010815764350365,5.12634748063028,297.82,5,-297.82,1,8.8027089190366,5.86097214110489,2.99573227355399,5.69984138542294
13395,1126.83,3,441.333333333333,627.6,375.61,184.948611111111,77,0.0169238997856274,4.20169409846605,0,0,0,0,7.02805071148037,5.9312101692428,1.38629436111989,0
13396,1353.99,2,300,444.9,676.995,28.8270833333333,42,0.0419603073234109,3.48853676142244,35.7,2,-35.7,1,7.21154935321277,6.51913991328193,1.09861228866811,3.60277675506052
13397,3113.87,10,102.4,220.1,311.387,72.1208333333333,74,0.0265427402997469,3.97897040326158,97.76,3,-97.76,1,8.04394269680333,5.74424280378341,2.39789527279837,4.59269266447698
13398,670.34,2,170.5,269.95,335.17,192.022916666667,38,0.0299622862969989,3.57636793060258,0,0,0,0,6.50927571504768,5.81761698439341,1.09861228866811,0
13399,275.4,3,40,49,91.8,463.99375,10,0.117831579496965,2.20880977605154,0,0,0,0,5.62184909189352,4.53044663979215,1.38629436111989,0
13400,323.31,1,284,284,323.31,582.201388888889,23,0.0460077788616551,3.10365441345597,9.9,1,-9.9,1,5.78169984848387,5.78169984848387,0.693147180559945,2.3887627892351
13402,1535.37,4,276.75,366.35,383.8425,126.915972222222,56,0.0368895980457698,3.64344072130206,0,0,0,0,7.33717777011605,5.95283415967818,1.6094379124341,0
13403,229.5,3,38,44,76.5,17.1819444444444,9,0.130194369686873,2.11235304967941,0,0,0,0,5.4402508624367,4.3502779363593,1.38629436111989,0
13404,252.49,2,55.5,94.65,126.245,0.884027777777778,11,0.124053277233914,2.25619021059873,0,0,0,0,5.5353243745214,4.84611436192781,1.09861228866811,0
13405,1143.46,6,86.5,216,190.576666666667,73.8673611111111,33,0.0520225973685383,3.22070715105691,17.25,3,-17.25,1,7.04268818902214,5.25528807663158,1.94591014905531,2.9041650800285
13406,568.92,2,146,191,284.46,426.9625,8,0.149965246821863,1.96497213936049,11.7,1,-11.7,1,6.3454960001013,5.65410191420162,1.09861228866811,2.54160199346455
13407,2244.7,3,563.333333333333,906,748.233333333333,578.047916666667,85,0.0143012105780308,4.33909956928274,132.81,3,-132.81,1,7.7167725555845,6.61905046148267,1.38629436111989,4.8964208833169
13408,51063.84,106,272.707547169811,606.5,481.734339622642,1.15625,345,0.00675168617238759,5.39288541141107,612.5,29,-880.61,0.695540591181113,10.8408514767458,6.17946648085005,4.67282883446191,6.41918026415097
13410,2140.76,9,130.222222222222,252.8,237.862222222222,23.8868055555556,25,0.0728949159998978,2.87517230014712,29.45,3,-29.45,1,7.66938319991228,5.47588690964765,2.30258509299405,3.41608599415591
13411,213.55,1,72,72,213.55,106.995138888889,17,0.0875698909970983,2.5971840883916,0,0,0,0,5.36854281143753,5.36854281143753,0.693147180559945,0
13412,486.4,1,176,176,486.4,619.890277777778,33,0.0402553907061548,3.33321879413101,0,0,0,0,6.18908514119111,6.18908514119111,0.693147180559945,0
13413,424.4,6,71.8333333333333,195,70.7333333333333,639.022916666667,38,0.162284358202432,2.38286658468061,83.64,2,-83.64,1,6.05302990276614,4.27295553961952,1.94591014905531,4.43840696810999
13414,1524.54,6,210.333333333333,341.5,254.09,133.086805555556,48,0.0483889781444682,3.52097710158197,11.9,1,-11.9,1,7.33010372472414,5.54161642406581,1.94591014905531,2.55722731136763
13415,800.91,4,125.5,229.75,200.2275,472.091666666667,85,0.0563099100636107,3.66545894839398,118.75,1,-118.75,1,6.68699638211807,5.30443610880621,1.6094379124341,4.78540623629103
13416,940.8,3,69.3333333333333,91.2,313.6,43.2041666666667,16,0.0856246330377389,2.59455747742162,0,0,0,0,6.84779293780945,5.75130199062418,1.38629436111989,0
13417,1669.49,6,88.6666666666667,201,278.248333333333,4.16736111111111,59,0.0235741719720661,3.91989600768218,75.6,1,-75.6,1,7.42087227554723,5.63210146956385,1.94591014905531,4.33859707674655
13418,11919.91,31,242.774193548387,470,384.513225806452,11.1020833333333,347,0.0100891068237768,5.26822425920286,317.44,6,-317.44,1,9.3860492799873,5.95457550060281,3.46573590279973,5.76343407422038
13419,221.06,1,275,275,221.06,63.0423611111111,16,0.0802134610316124,2.63187320232015,0,0,0,0,5.40294761562612,5.40294761562612,0.693147180559945,0
13420,159.85,2,50.5,71.65,79.925,149.209722222222,8,0.154677481987972,1.970771934921,19.5,2,-19.5,1,5.08047225368504,4.39352279981231,1.09861228866811,3.02042488614436
13421,4103.33,8,302.5,619.15,512.91625,39.9368055555556,183,0.014751396780651,4.65660421262489,14.3,3,-14.3,1,8.31979779297467,6.24206031443618,2.19722457733622,2.72785282839839
13422,2626.3,1,1326,1326,2626.3,64.0055555555556,127,0.00978167546977049,4.74699415668745,24.75,1,-24.75,1,7.87371198187111,7.87371198187111,0.693147180559945,3.24843462710975
13423,217.03,1,141,141,217.03,428.2,12,0.0938215731631167,2.42428716646409,0,0,0,0,5.38463266799996,5.38463266799996,0.693147180559945,0
13424,572.77,1,529,529,572.77,449.125694444444,40,0.0272787770712094,3.64067467728529,14.85,1,-14.85,1,6.35222861915501,6.35222861915501,0.693147180559945,2.76316950032329
13425,3403.63,5,476.4,662.8,680.726,107.859027777778,136,0.0150634073757202,4.59048512624913,27.7,3,-27.7,1,8.13289154894947,6.52462781758569,1.79175946922805,3.35689712276558
13426,8167.38,22,221.272727272727,340.2,371.244545454545,0.160416666666667,171,0.0162224160645719,4.55995487014612,90.62,2,-90.62,1,9.00802588177899,5.91955101854755,3.13549421592915,4.5176495884586
13427,1006.53,6,146.666666666667,260.25,167.755,18.9916666666667,35,0.0545652630526076,3.22464781738517,0,0,0,0,6.91525707005246,5.12844795894332,1.94591014905531,0
13428,500.02,3,122,193.8,166.673333333333,9.9375,122,0.0140354419421879,4.49721116210188,0,0,0,0,6.21664602044776,5.12201764207258,1.38629436111989,0
13429,1007.76,4,347.5,569.9,251.94,10.1527777777778,55,0.0252800333790196,3.84544914051222,0,0,0,0,6.91647713279401,5.53315230645183,1.6094379124341,0
13430,695.77,2,375.5,427.25,347.885,18.1881944444444,48,0.0305653997834196,3.67576811324195,30.76,2,-30.76,1,6.54645537065048,5.85474235500714,1.09861228866811,3.45820763637894
13431,3316.24,8,196.25,461.15,414.53,67.0006944444444,115,0.0238456210256317,4.34868512286161,27,1,-27,1,8.10688839086682,6.02955481385512,2.19722457733622,3.3322045101752
13432,439.1,2,108.5,137.75,219.55,571.022222222222,98,0.0206136804640825,4.22713090442462,0,0,0,0,6.08700197381705,5.39612442655095,1.09861228866811,0
13433,658.32,4,47.5,79.3,164.58,500.871527777778,24,0.101919394379424,2.78551497404961,1.45,1,-1.45,1,6.49120900086316,5.10945446171066,1.6094379124341,0.896088024556636
13434,1666.86,5,172.8,235.2,333.372,73.9722222222222,17,0.151311171132254,2.1618191584734,0,0,0,0,7.41929664654242,5.81225414564741,1.79175946922805,0
13435,4525.81,9,304.777777777778,416,502.867777777778,4.92013888888889,97,0.0464616048116953,3.57562833656133,15.4,2,-15.4,1,8.41777277615535,6.22231388797371,2.30258509299405,2.79728133483015
13436,196.89,1,76,76,196.89,1.09513888888889,12,0.0895962306816293,2.44815742023079,0,0,0,0,5.28771132076081,5.28771132076081,0.693147180559945,0
13437,3379.16,7,183.285714285714,357.8,482.737142857143,13.9513888888889,143,0.0133929524431117,4.72178292457766,0,0,0,0,8.1256783246348,6.1815416659177,2.07944154167984,0
13438,46.5,1,10,10,46.5,546.794444444444,1,1,0,0,0,0,0,3.8607297110406,3.8607297110406,0.693147180559945,0
13439,987.42,3,317.333333333333,465.2,329.14,254.979166666667,133,0.0116429010262177,4.63647772380848,0,0,0,0,6.89610770863252,5.79951680691939,1.38629436111989,0
13440,1295.25,7,81.8571428571429,394.4,185.035714285714,423.027083333333,49,0.0270238475095762,3.75869365938612,81.3,3,-81.3,1,7.16723075954374,5.22593866756999,2.07944154167984,4.41037110768302
13441,720.9,2,260,310.4,360.45,91.175,33,0.0440046087640984,3.3426098426755,0,0,0,0,6.58188662514512,5.89012371944631,1.09861228866811,0
13442,363.97,3,38.3333333333333,55.5,121.323333333333,666.949305555556,33,0.0538805096141583,3.18856712479878,0,0,0,0,5.89981515842374,4.80666781217604,1.38629436111989,0
13443,1170.41,6,134.833333333333,264.25,195.068333333333,448.054861111111,177,0.0111591090473619,4.81418383751249,32.45,1,-32.45,1,7.06596343041282,5.27846323792569,1.94591014905531,3.51005178657424
13444,631.68,2,168.5,225.65,315.84,373.991666666667,51,0.0270229271812373,3.7622041413433,0,0,0,0,6.44996476509529,5.75839691459608,1.09861228866811,0
13445,241.9,1,198,198,241.9,625.886111111111,7,0.20915359166554,1.72842511032422,0,0,0,0,5.49264983600813,5.49264983600813,0.693147180559945,0
13446,3856.93,11,216.272727272727,306.5,350.63,429.790972222222,116,0.0161932632887703,4.40876217925203,273.03,7,-273.03,1,8.25788604918495,5.8625794864032,2.484906649788,5.61323758944568
13447,1129.14,3,194.666666666667,229.8,376.38,22.9666666666667,55,0.0250578752867121,3.84808112885968,24.91,1,-24.91,1,7.03009679783749,5.93325263735957,1.38629436111989,3.25462899457402
13448,8904.2,13,338.769230769231,635,684.938461538462,16.0118055555556,329,0.00809715054653964,5.27829889355389,109.7,6,-793.12,0.138314504740771,9.09439065476409,6.53078791748989,2.63905732961526,4.70682383971459
13449,291.88,1,222,222,291.88,23.1819444444444,19,0.0650261481526319,2.81718945906864,0,0,0,0,5.67976296881198,5.67976296881198,0.693147180559945,0
13450,4082.12,13,326.615384615385,436.8,314.009230769231,26.0388888888889,57,0.0533044285646116,3.39890425143346,2.5,1,-2.5,1,8.31461668104199,5.75260194242558,2.63905732961526,1.25276296849537
13451,7191.1,11,478.909090909091,750,653.736363636364,25.8694444444444,596,0.00346568341956535,6.00054332213675,70.95,2,-70.95,1,8.88073848039295,6.48423265634599,2.484906649788,4.27597143333338
13452,108,3,2,3.7,36,258.938194444444,2,0.555555555555556,0.636514168294813,0,0,0,0,4.69134788222914,3.61091791264422,1.38629436111989,0
13453,781.69,3,113.666666666667,193.9,260.563333333333,165.177777777778,33,0.0407850543990606,3.34836352523108,22.7,2,-22.7,1,6.66273670444196,5.5666764466604,1.38629436111989,3.16547504814109
13454,219.87,1,198,198,219.87,640.923611111111,23,0.0750037033940403,2.85493218855933,0,0,0,0,5.39757429314538,5.39757429314538,0.693147180559945,0
13455,2905.93,6,164.166666666667,346.5,484.321666666667,24.0618055555556,86,0.0219259492956138,4.14620616005807,132.11,5,-132.11,1,7.97485282046159,6.18481190133805,1.94591014905531,4.89117585405893
13456,1766.72,6,127.5,239.25,294.453333333333,17.1472222222222,43,0.0702722782277378,3.18198906403184,28.9,1,-28.9,1,7.47744585961485,5.68851089995289,1.94591014905531,3.39785848039664
13457,148.22,2,48,66,74.11,688.168055555556,9,0.162284722620634,2.02117963961613,4.95,2,-4.95,1,5.00542172704337,4.31895370569792,1.09861228866811,1.78339121955754
13458,11959.75,16,422.5,757.25,747.484375,6.88958333333333,295,0.0116001747548966,5.14248926575679,108.65,8,-108.65,1,9.38938573456859,6.6180503285583,2.83321334405622,4.6972934748639
13459,1160.41,2,493,520,580.205,624.101388888889,57,0.0232919527936426,3.89679808787507,0,0,0,0,7.0573900631988,6.36510353454969,1.09861228866811,0
13460,183.44,2,143,191.6,91.72,28.8145833333333,16,0.0709574628331852,2.70376940732339,0,0,0,0,5.21732420733851,4.5295841990315,1.09861228866811,0
13461,3952.4,6,478,1069,658.733333333333,38.1590277777778,36,0.0501004663726255,3.2536971945247,21.5,2,-21.5,1,8.28233124714783,6.49183571297011,1.94591014905531,3.11351530921037
13462,1153.85,5,139.4,278.8,230.77,252.104166666667,65,0.0191442265471659,4.06266784790423,8.25,1,-8.25,1,7.05172574439217,5.44574550061447,1.79175946922805,2.22462355152433
13464,3097.64,6,240,426.25,516.273333333333,57.9506944444444,128,0.0116600012483583,4.65363780298285,13.75,1,-13.75,1,8.03871858453457,6.24857142596748,1.94591014905531,2.69124308278583
13465,931.12,2,292,301,465.56,445.942361111111,34,0.0728275561107915,3.11844093989763,0,0,0,0,6.83746156176214,6.14538662938024,1.09861228866811,0
13466,1013.35,5,132,245,202.67,183.882638888889,51,0.0265108717893762,3.79269579363686,61.1,2,-61.1,1,6.92200329224734,5.31650103698167,1.79175946922805,4.12874598893943
13467,1083.71,2,292,412.6,541.855,10.1173611111111,89,0.0198648165166675,4.12434972115445,0,0,0,0,6.98906794914261,6.29684224928295,1.09861228866811,0
13468,13362.56,72,80.8888888888889,191.4,185.591111111111,1.09097222222222,298,0.00811384245937357,5.25604654155001,293.27,15,-298.9,0.981164268986283,9.50028687866046,5.22891965121811,4.29045944114839,5.68449771324433
13469,82.4,1,52,52,82.4,652.907638888889,6,0.178100551418607,1.75774859835145,0,0,0,0,4.4236483093647,4.4236483093647,0.693147180559945,0
13470,165,2,50,68,82.5,98.9534722222222,7,0.16,1.88669678465808,0,0,0,0,5.11198778835654,4.42484663185681,1.09861228866811,0
13471,2531.58,4,397.5,578.75,632.895,0.879166666666667,214,0.00790426812245148,5.08429448605373,0,0,0,0,7.8369938249625,6.45188332557957,1.6094379124341,0
13472,592.24,2,155,172.1,296.12,463.172916666667,24,0.061436548266582,2.97121042647179,0,0,0,0,6.38559903887376,5.6941360976044,1.09861228866811,0
13473,2657.76,8,125,203.2,332.22,60.1041666666667,65,0.0595113970846844,3.51146984514735,246.78,2,-246.78,1,7.88561512767334,5.80880293250092,2.19722457733622,5.51254125568759
13474,662.84,3,111.333333333333,168.9,220.946666666667,235.997916666667,116,0.0178574348423702,4.39635400555484,0,0,0,0,6.49804115658456,5.40243711276973,1.38629436111989,0
13475,1424.83,4,253,389.6,356.2075,190.998611111111,64,0.0223347564636662,3.99815149451742,0,0,0,0,7.26250937928136,5.87831684542246,1.6094379124341,0
13476,1847.47,5,142.6,235.2,369.494,178.076388888889,90,0.0157702434492849,4.35024774219336,38.7,2,-145.7,0.265614275909403,7.52211354886982,5.91483725027303,1.79175946922805,3.68135118769314
13477,2834.89,11,190.454545454545,379,257.717272727273,37.0319444444444,112,0.0200930840325342,4.33000423559055,13.05,2,-13.05,1,7.9501110998758,5.55573585436659,2.484906649788,2.64262239577975
13478,2189.88,5,237.8,514.6,437.976,469.01875,114,0.0114363784316048,4.61806524781053,147.75,2,-147.75,1,7.69205856858392,6.08444474187686,1.79175946922805,5.00226704442574
13479,851.37,4,179,430.3,212.8425,200.128472222222,45,0.0298392344880528,3.66731561034992,42.87,3,-42.87,1,6.74802070486086,5.36523976274624,1.6094379124341,3.78123071517812
13480,627.82,2,181,199.9,313.91,416.08125,40,0.0261404904740925,3.66696786099834,0,0,0,0,6.44384504722495,5.75228688371582,1.09861228866811,0
13481,3830.84,11,186.818181818182,376,348.258181818182,45.1965277777778,167,0.00918325459897497,4.90544671705542,32,3,-32,1,8.2511003845656,5.85581142468638,2.484906649788,3.49650756146648
13482,336.09,2,93.5,113.75,168.045,231.865972222222,20,0.0526263041635764,2.96716709680794,0,0,0,0,5.82034995701211,5.13016495166827,1.09861228866811,0
13483,140.34,1,160,160,140.34,65.08125,10,0.119759908797806,2.21838499527244,0,0,0,0,4.95116833526271,4.95116833526271,0.693147180559945,0
13484,790.72,3,74.6666666666667,107.6,263.573333333333,240.888888888889,38,0.0430225323894775,3.41077820312608,23.4,1,-23.4,1,6.67420779395253,5.57811846554894,1.38629436111989,3.19458313229916
13485,3012.27,11,163.454545454545,394.5,273.842727272727,232.994444444444,134,0.0119095669512452,4.68032281441997,54.35,4,-61.3,0.886623164763458,8.01078114679812,5.61619903324247,2.484906649788,4.01367665915465
13486,1122.89,3,223,364.1,374.296666666667,78.0256944444444,69,0.0161761361291833,4.17974999312515,0,0,0,0,7.02455116089588,5.92771682431807,1.38629436111989,0
13487,846.87,5,72.4,119.4,169.374,57.0715277777778,34,0.0451424506907269,3.31339407686187,0,0,0,0,6.74272732215318,5.13799602059375,1.79175946922805,0
13488,15548.93,23,343.086956521739,762.6,676.040434782609,16.9229166666667,385,0.0074329341489013,5.48763872896711,74.15,6,-74.15,1,9.65181141598953,6.51773099754321,3.17805383034795,4.31948611619898
13489,357.12,4,98,160.8,89.28,105.023611111111,11,0.150400109477974,2.10520078984996,0,0,0,0,5.88086812576596,4.50291595194934,1.6094379124341,0
13490,154.25,1,25,25,154.25,653.918055555556,8,0.135288700225118,2.03983865452576,0,0,0,0,5.04503672081359,5.04503672081359,0.693147180559945,0
13491,4567.52,27,88.3333333333333,182.1,169.167407407407,51.2208333333333,156,0.0167417186731678,4.61251693396622,0,0,0,0,8.42694458023362,5.13678270195793,3.3322045101752,0
13492,1269.84,3,136,151,423.28,135.975694444444,38,0.0429776270118361,3.37922317967289,0,0,0,0,7.14743337813544,6.05039361463727,1.38629436111989,0
13493,535.35,2,178,278.8,267.675,274.885416666667,6,0.301410349903723,1.43529244894559,0,0,0,0,6.28478693304344,5.59350247072722,1.09861228866811,0
13494,316.26,1,162,162,316.26,311.036111111111,18,0.0607876128646396,2.84632831444432,0,0,0,0,5.75972162698031,5.75972162698031,0.693147180559945,0
13495,5374.26,10,267.4,544.5,537.426,7.06180555555556,62,0.0462260630851167,3.5006768616843,127.65,3,-127.65,1,8.58956222391899,6.28865006839782,2.39789527279837,4.85709553872775
13496,653.33,2,170.5,223.15,326.665,10.0777777777778,29,0.0473063135940135,3.21088362142691,35.4,1,-35.4,1,6.48361181135187,5.79199174499613,1.09861228866811,3.5945687746427
13497,1320.33,6,96.5,114.25,220.055,282.156944444444,52,0.0240476112272234,3.83085056386431,54,1,-54,1,7.18639408407425,5.39841153933334,1.94591014905531,4.00733318523247
13498,327.38,1,362,362,327.38,729.891666666667,17,0.0720461249386957,2.74260277012854,0,0,0,0,5.79417147438388,5.79417147438388,0.693147180559945,0
13499,1118.31,5,244.2,414.4,223.662,17.0618055555556,31,0.0468403523254408,3.23925953686464,12.15,2,-12.15,1,7.02046770301059,5.41459705051511,1.79175946922805,2.57642175862377
13500,1466.3,4,209.5,280,366.575,22.8854166666667,77,0.0152187433688601,4.26902381756809,30,1,-30,1,7.29117925621342,5.90692737946372,1.6094379124341,3.43398720448515
13501,2885.11,3,417.666666666667,541.8,961.703333333333,287.74375,93,0.019511912131809,4.24122501460766,44.85,2,-44.85,1,7.96766485364557,6.86974529926191,1.38629436111989,3.82537519870247
13502,780.5,5,98,151.6,156.1,16.0909722222222,28,0.0718141289051968,2.94907097213702,5.9,1,-5.9,1,6.66121514986153,5.05688254526158,1.79175946922805,1.93152141160321
13503,1896.19,6,186.333333333333,404.75,316.031666666667,71.01875,159,0.0111789376411612,4.73151755471909,107.25,6,-111.85,0.958873491282968,7.54812912306396,5.75900166373565,1.94591014905531,4.6844433668826
13504,295.93,1,178,178,295.93,64.0208333333333,22,0.0525414942712436,3.00491225119824,0,0,0,0,5.6934964207877,5.6934964207877,0.693147180559945,0
13505,3975.63,4,621.5,1114.6,993.9075,72.0791666666667,182,0.0153967748138042,4.84797572411443,110.75,4,-110.75,1,8.2881900059287,6.90264976801298,1.6094379124341,4.71626423349368
13506,1640.18,5,234.8,435.2,328.036,315.95625,57,0.0253177784664253,3.84056998091347,29.55,3,-29.55,1,7.40317077428856,5.79616716727157,1.79175946922805,3.4193646856176
13507,2480.6,4,399.25,696.1,620.15,2.98402777777778,147,0.00887889275799148,4.86657995912613,0,0,0,0,7.81665879242227,6.43157259865969,1.6094379124341,0
13508,287.05,2,90,149.4,143.525,243.077777777778,28,0.0536398657474703,3.06420120165009,0,0,0,0,5.66313407617839,4.97345250296854,1.09861228866811,0
13509,1114.72,8,151.75,341.9,139.34,8.11111111111111,32,0.0854437003339721,3.03795163750258,0,0,0,0,7.01725521540423,4.94406804982414,2.19722457733622,0
13510,4536.34,11,276.727272727273,412,412.394545454545,0.961111111111111,197,0.0078774445951622,5.08094132321038,69.9,6,-69.9,1,8.42009621624341,6.0244024528078,2.484906649788,4.26127043353808
13511,254.81,1,60,60,254.81,676.027777777778,5,0.348899682952704,1.24942176379131,38.15,1,-38.15,1,5.54443498142207,5.54443498142207,0.693147180559945,3.66740042243681
13512,713.39,4,104.75,138.65,178.3475,260.115972222222,31,0.0534257729416549,3.20254883336798,0,0,0,0,6.57142903170396,5.18932526465616,1.6094379124341,0
13513,824.59,3,121.333333333333,127.9,274.863333333333,126.083333333333,32,0.054483099736805,3.18957194652791,27.6,1,-27.6,1,6.71609828225084,5.61990557399833,1.38629436111989,3.35340671782581
13514,815.9,4,72,95.4,203.975,73.1743055555555,15,0.094836220328112,2.52323086108022,0,0,0,0,6.70551668834782,5.32288802048224,1.6094379124341,0
13515,1265.82,6,136.5,201,210.97,72.1,64,0.0286084722006192,3.95334270067871,0,0,0,0,7.14426510235167,5.35644475522465,1.94591014905531,0
13516,1612.86,4,262.5,550.45,403.215,20.9826388888889,55,0.0471616774493179,3.53095905996147,0,0,0,0,7.38638410405157,6.00194691462236,1.6094379124341,0
13517,2128.42,3,456.333333333333,682.3,709.473333333333,59.0881944444444,125,0.00991063633099785,4.71894064196336,19.35,2,-19.35,1,7.66360492115348,6.56593141457852,1.38629436111989,3.0130809118886
13518,659.44,1,392,392,659.44,85.1395833333333,36,0.0312717812071574,3.52451253575608,0,0,0,0,6.49290627956363,6.49290627956363,0.693147180559945,0
13519,343.21,2,66.5,105.65,171.605,77.8097222222222,19,0.0573230848409232,2.90187303771939,11.95,1,-11.95,1,5.84125193623165,5.15100574694353,1.09861228866811,2.56109578814555
13520,6227.9,11,299,405.5,566.172727272727,58.1458333333333,96,0.0496025597425324,3.71424849325798,162.75,4,-228.75,0.711475409836066,8.73695503118404,6.34066389097431,2.484906649788,5.09834087451536
13521,1095.2,3,245.333333333333,298,365.066666666667,0.958333333333333,313,0.00710081971346112,5.33268856911572,0,0,0,0,6.99960493261202,5.90281546617666,1.38629436111989,0
13522,125.8,1,44,44,125.8,29.9020833333333,5,0.222192593790836,1.55340552640465,0,0,0,0,4.84261104200313,4.84261104200313,0.693147180559945,0
13523,4807.52,6,392.333333333333,679.5,801.253333333333,32.9020833333333,179,0.0092103428074425,4.94430252418605,62.5,1,-209.5,0.298329355608592,8.47814462344512,6.68742443496212,1.94591014905531,4.15103990589865
13524,680.18,5,64.8,113.6,136.036,40.0111111111111,17,0.108585921816945,2.5107924503442,0,0,0,0,6.5238265884045,4.92024366503179,1.79175946922805,0
13525,512.78,2,157,166.9,256.39,14.0340277777778,5,0.487991025217432,1.06227911263526,0,0,0,0,6.24179515826616,5.55059244436849,1.09861228866811,0
13526,987.8,2,775.5,1180.05,493.9,737.984027777778,29,0.069881464783499,2.91201354495499,239.4,2,-239.4,1,6.89649208670343,6.20435572195784,1.09861228866811,5.48230420266105
13527,4690.4,12,230.166666666667,535.75,390.866666666667,33.0319444444444,267,0.0100096765377536,5.09256373239464,33.7,2,-33.7,1,8.45348632435852,5.97092164587665,2.56494935746154,3.54673968695281
13529,307.76,2,37,43.3,153.88,78.1909722222222,15,0.0899234240536227,2.57237328466671,0,0,0,0,5.73256427608165,5.04265062352827,1.09861228866811,0
13530,402.98,1,272,272,402.98,633.944444444444,18,0.0613251835638972,2.83933402505671,0,0,0,0,6.00136537178524,6.00136537178524,0.693147180559945,0
13531,1738.52,6,100,186,289.753333333333,204.870833333333,51,0.035966764447751,3.62613025256346,0,0,0,0,7.46136449208267,5.67247525593609,1.94591014905531,0
13532,210.31,1,129,129,210.31,33.0173611111111,66,0.0368658146966373,3.83042348772897,0,0,0,0,5.35332624957884,5.35332624957884,0.693147180559945,0
13533,270.79,3,68,96.9,90.2633333333333,182.080555555556,61,0.0256530002749688,3.86962994668262,0,0,0,0,5.60502970928156,4.51374910050976,1.38629436111989,0
13534,7720.9,35,110.542857142857,203.3,220.597142857143,1.91527777777778,166,0.0189999478364337,4.49936217666532,396.4,25,-396.4,1,8.95181572672738,5.40086106154607,3.58351893845611,5.98494333011772
13535,89.5,1,10,10,89.5,402.042361111111,1,1,0,0,0,0,0,4.50534985070588,4.50534985070588,0.693147180559945,0
13536,3448.29,7,305.142857142857,470,492.612857142857,0.841666666666667,91,0.0239910383036126,4.02000156546957,0,0,0,0,8.14592369174483,6.20175151994817,2.07944154167984,0
13537,717.85,2,168.5,200.45,358.925,425.045138888889,39,0.0294016184446826,3.59826060825584,0,0,0,0,6.5776527128686,5.88589567641242,1.09861228866811,0
13538,3112.73,12,80.25,331.2,259.394166666667,42.8861111111111,111,0.0409258629847331,3.91038893565989,0,0,0,0,8.04357664343252,5.56219650864981,2.56494935746154,0
13539,1569.36,7,101.428571428571,194.2,224.194285714286,85.1472222222222,77,0.0186218021607904,4.20204209266441,38.1,2,-38.1,1,7.35906017142033,5.41696352167311,2.07944154167984,3.66612246699132
13540,632.39,3,63,117.7,210.796666666667,466.979166666667,27,0.0494675974131691,3.15817357377134,0,0,0,0,6.4510863461681,5.35562669492574,1.38629436111989,0
13541,785.25,2,139.5,183.15,392.625,426.884027777778,10,0.137640796599918,2.11332018955903,67.35,1,-67.35,1,6.66727480801465,5.97539867942119,1.09861228866811,4.22464156316996
13542,4006.17,17,47.9411764705882,71.2,235.657058823529,376.059722222222,120,0.0248127514807971,4.07947410487488,35.4,1,-35.4,1,8.29584053549113,5.46661208402289,2.89037175789616,3.5945687746427
13543,1439.61,2,164.5,183.85,719.805,633.969444444444,38,0.0477413632994775,3.27344784706228,0,0,0,0,7.2728219139833,6.58036864300703,1.09861228866811,0
13544,829,6,59.6666666666667,83.5,138.166666666667,39.0368055555556,219,0.00818464818018715,5.0997839886426,8.5,1,-8.5,1,6.72142570079064,4.9356722556228,1.94591014905531,2.2512917986065
13545,374.64,2,128.5,143.35,187.32,390.057638888889,54,0.027833549162994,3.78275596698641,27.29,1,-27.29,1,5.92863123793641,5.23814264351197,1.09861228866811,3.34250838531348
13546,1094.3,5,117.8,148,218.86,11.9166666666667,96,0.0264035753577043,4.08538045612119,0,0,0,0,6.9987835773297,5.39299098015072,1.79175946922805,0
13547,175.53,1,82,82,175.53,407.983333333333,44,0.0415547955163967,3.51412020486192,0,0,0,0,5.17349083360119,5.17349083360119,0.693147180559945,0
13548,911.87,3,188.333333333333,265.7,303.956666666667,95.9583333333333,171,0.0143662578681372,4.71651514714479,0,0,0,0,6.81659348272412,5.72016969001086,1.38629436111989,0
13549,1005.8,8,69.25,129.1,125.725,25.1458333333333,44,0.0323896356392419,3.59845280344863,2.08,1,-2.08,1,6.91453226326116,4.84201938435841,2.19722457733622,1.12492959698548
13550,349.51,1,454,454,349.51,382.893055555556,40,0.0404114197075741,3.43583561772267,0,0,0,0,5.85938923673812,5.85938923673812,0.693147180559945,0
13551,244.2,2,18,23.4,122.1,318.919444444444,5,0.430037307801436,1.15826726569955,0,0,0,0,5.50207420406206,4.81299703319041,1.09861228866811,0
13552,6978.92,22,120.636363636364,238.8,317.223636363636,65.9381944444444,167,0.0232330343493335,4.59515226722076,360.29,10,-360.29,1,8.85079273437269,5.76275439461458,3.13549421592915,5.8896809599405
13553,517.8,1,206,206,517.8,674.020138888889,84,0.0215429452323845,4.11928690091708,0,0,0,0,6.25151845244229,6.25151845244229,0.693147180559945,0
13554,1638.49,7,83.1428571428571,161.5,234.07,379.90625,156,0.0134429993068055,4.68369988728721,81.89,3,-81.89,1,7.40214049684555,5.45988334212943,2.07944154167984,4.41751442760344
13555,8999.19,13,371.307692307692,836.799999999999,692.245384615385,73.0513888888889,270,0.00981318663608299,5.01433628539261,92.85,3,-92.85,1,9.10500096720663,6.5413840268688,2.63905732961526,4.54169776303252
13556,200.82,2,67,94.9,100.41,428.879166666667,8,0.202282294817124,1.8410342239046,0,0,0,0,5.30737621103638,4.6191717056239,1.09861228866811,0
13557,3033.22,13,184.461538461538,363.6,233.324615384615,27.8930555555556,131,0.0157763833068005,4.54358227365654,52.18,3,-52.18,1,8.01770966881557,5.4567073992554,2.63905732961526,3.97368238581487
13558,605.1,4,86,119.4,151.275,5.05972222222222,123,0.0129415213346173,4.53742620788843,0,0,0,0,6.40704498895724,5.02568809672255,1.6094379124341,0
13559,660,2,120,120,330,512.165277777778,1,1,0,0,0,0,0,6.49375383985169,5.80211837537706,1.09861228866811,0
13560,174.37,1,64,64,174.37,6.98541666666667,32,0.0393343711683495,3.32876341915068,0,0,0,0,5.1668980276812,5.1668980276812,0.693147180559945,0
13561,1820.72,11,103.272727272727,144,165.52,215.049305555556,132,0.0194259883767751,4.29119159446933,0,0,0,0,7.50753638873262,5.11511542232677,2.484906649788,0
13562,4838.18,8,200.375,272.65,604.7725,81.1243055555556,103,0.0191707241243864,4.28653481581186,0,0,0,0,8.48450056386963,6.40650450304313,2.19722457733622,0
13563,564.01,2,104.5,141.85,282.005,83.9618055555556,49,0.0585524936560545,3.23523023784501,0,0,0,0,6.33684343010486,5.64546456533169,1.09861228866811,0
13564,16638.19,37,250.027027027027,635.4,449.680810810811,143.970138888889,498,0.00682604410635438,5.51437771573003,392.38,17,-1462.83,0.268233492613632,9.71951603530578,6.11075935237753,3.63758615972639,5.97477606582175
13565,414.8,3,86.6666666666667,93.4,138.266666666667,18.9284722222222,46,0.04858104636641,3.42558096649678,0,0,0,0,6.03020437542391,4.93639056045436,1.38629436111989,0
13566,1708.12,5,253.2,324.8,341.624,40.0354166666667,268,0.00743182490145496,5.21408964917773,0,0,0,0,7.44373389715141,5.83663363597586,1.79175946922805,0
13567,1083.69,4,161.25,279.5,270.9225,428.040972222222,180,0.0100233788425452,4.85390985686818,5.1,1,-5.1,1,6.98904951086474,5.60551709922615,1.6094379124341,1.80828877117927
13568,192.85,1,70,70,192.85,172.963888888889,41,0.0398252970181258,3.4462095350758,0,0,0,0,5.26708466411694,5.26708466411694,0.693147180559945,0
13569,893.8,4,100.5,125.95,223.45,16.9881944444444,141,0.0136713583107838,4.57994722804712,0,0,0,0,6.79660022961597,5.41365296522794,1.6094379124341,0
13570,239.49,1,161,161,239.49,243.009722222222,27,0.088312218072504,2.7759844358314,0,0,0,0,5.48267850863976,5.48267850863976,0.693147180559945,0
13571,4542.35,26,122.961538461538,197.75,174.705769230769,12.0854166666667,274,0.00966583815258926,5.05899950699912,0,0,0,0,8.42141990439432,5.16881083034418,3.29583686600433,0
13572,1384.25,1,534,534,1384.25,205.077083333333,32,0.0470393520542466,3.24812641975325,0,0,0,0,7.23363590774746,7.23363590774746,0.693147180559945,0
13573,918.63,6,98,217.5,153.105,49.9701388888889,74,0.0389042660141204,3.72439914543579,0,0,0,0,6.82397141523643,5.03763418826303,1.94591014905531,0
13574,421.25,1,316,316,421.25,411.015277777778,84,0.0220448760489218,4.10039837236642,0,0,0,0,6.04559755568791,6.04559755568791,0.693147180559945,0
13575,732.07,5,89.8,146.2,146.414,22.9833333333333,41,0.0287510342073785,3.63193664364211,0,0,0,0,6.59724119528063,4.99324495489217,1.79175946922805,0
13576,11555.84,28,164.785714285714,271.2,412.708571428571,9.88611111111111,146,0.241896199246055,2.62348943845576,35.59,4,-35.59,1,9.35503274845631,6.02516179220021,3.36729582998647,3.59977497903112
13577,3489.28,11,151,293,317.207272727273,24.8965277777778,111,0.0152719823776193,4.45149504244535,142.66,3,-142.66,1,8.15773724120464,5.7627029714793,2.484906649788,4.96744939664666
13578,147.66,1,127,127,147.66,409.004166666667,9,0.293725923219324,1.44320860916734,0,0,0,0,5.00166181929715,5.00166181929715,0.693147180559945,0
13579,1539.04,5,152.8,266.4,307.808,14.1729166666667,72,0.0253438044375573,4.02634477630277,3.2,1,-3.2,1,7.33956366909633,5.7327197245508,1.79175946922805,1.43508452528932
13580,85.8,1,45,45,85.8,405.950694444444,5,0.20022984008998,1.60886344252516,0,0,0,0,4.4636066216663,4.4636066216663,0.693147180559945,0
13581,280.53,2,59.5,86.05,140.265,308.922916666667,32,0.0551322469700398,3.13017390624738,0,0,0,0,5.64023901383742,4.95063755907856,1.09861228866811,0
13582,241.68,2,53,70.1,120.84,389.052777777778,10,0.123367819394219,2.19989104472308,0,0,0,0,5.4917437030741,4.80270870858691,1.09861228866811,0
13583,1445.72,2,548.5,707.35,722.86,155.131944444444,93,0.0129164931766085,4.44315644209392,0,0,0,0,7.27705420410624,6.58459800352155,1.09861228866811,0
13584,392.45,3,121,295.3,130.816666666667,306.000694444444,76,0.0265438518711595,3.92404394442855,45.3,2,-45.3,1,5.97495399498099,4.88141206829732,1.38629436111989,3.83514196109219
13585,684.54,3,462,700.9,228.18,530.053472222222,29,0.0471776729430297,3.21131018656121,10.08,1,-10.08,1,6.53020684886818,5.4345077209983,1.38629436111989,2.40514168131914
13586,131.53,1,39,39,131.53,541.002083333333,20,0.0883552283669551,2.63396316638044,0,0,0,0,4.88680903489259,4.88680903489259,0.693147180559945,0
13587,1590.1,4,166,264.9,397.525,63.0548611111111,29,0.0713361514142988,2.94320698196597,282,2,-365.4,0.77175697865353,7.37218087991381,5.98777023151971,1.6094379124341,5.64544689764324
13588,2480.63,9,289.555555555556,599.6,275.625555555556,15.0888888888889,132,0.013416476549343,4.5959059137511,33.83,4,-33.83,1,7.81667088132406,5.62266480670379,2.30258509299405,3.55047908437791
13589,1112.79,6,48.8333333333333,83.75,185.465,14.0277777777778,48,0.0355016101606229,3.62502031518318,0,0,0,0,7.01552389284268,5.22824355391179,1.94591014905531,0
13590,6268.5,18,283.777777777778,520,348.25,10.9972222222222,271,0.00994226008618382,5.06709025862757,51.3,3,-51.3,1,8.74345188563059,5.85578799813707,2.94443897916644,3.95699637107088
13591,2093.94,7,121.428571428571,207,299.134285714286,64.0583333333333,90,0.0180567614017949,4.32265743998801,12.75,1,-12.75,1,7.64728019232798,5.7042299935523,2.07944154167984,2.62103882411258
13592,247.96,4,21,36.8,61.99,35.1256944444444,15,0.0817401110987907,2.6196457813043,0,0,0,0,5.51729224099003,4.14297598363384,1.6094379124341,0
13593,5517.84,14,156.428571428571,254.9,394.131428571429,108.010416666667,213,0.0122938727962204,4.83397606287968,48.48,2,-48.48,1,8.61592297226007,5.97921844011916,2.70805020110221,3.90156854752429
13594,536.07,2,198,342.9,268.035,52.1465277777778,32,0.038510653374459,3.3540314481485,24.9,1,-24.9,1,6.28612843983105,5.59484148266223,1.09861228866811,3.25424296870549
13595,818.22,3,117.666666666667,243.8,272.74,516.051388888889,116,0.0206937976918403,4.37441751074254,0,0,0,0,6.70835266804973,5.61217875078312,1.38629436111989,0
13596,697.04,2,203,212.9,348.52,5.03402777777778,133,0.0155465289870489,4.46898102230484,0,0,0,0,6.54827640771067,5.85656078464318,1.09861228866811,0
13597,396.71,2,115.5,210.45,198.355,399.913888888889,17,0.0798916002321306,2.68067443107041,24.5,1,-24.5,1,5.98572309647887,5.29508715502775,1.09861228866811,3.23867845216438
13598,789.59,5,80.2,155.4,157.918,46.9736111111111,78,0.0366426182157604,3.76040731219202,12.75,1,-12.75,1,6.67277950216129,5.06838834591881,1.79175946922805,2.62103882411258
13599,10025.94,33,193.151515151515,482.6,303.816363636364,0.861111111111111,246,0.0142327069428297,4.8679406723948,377.29,19,-377.29,1,9.2130307496624,5.71970950884243,3.52636052461616,5.93566109724255
13600,518.42,2,299.5,321.55,259.21,311.890972222222,34,0.107952174263841,2.80874372826031,0,0,0,0,6.25271280445574,5.56148899731532,1.09861228866811,0
13601,1196.4,4,243,297.95,299.1,44.8465277777778,161,0.0129129882403256,4.70324711289574,0,0,0,0,7.08790781849125,5.70411575244632,1.6094379124341,0
13602,1025.17,4,134.5,251.7,256.2925,64.0854166666667,50,0.0249670591869842,3.80295695945784,0,0,0,0,6.93358870401311,5.55021357000938,1.6094379124341,0
13603,164.6,1,164,164,164.6,25.8701388888889,27,0.0611264835847867,3.00574073323244,0,0,0,0,5.10957524195116,5.10957524195116,0.693147180559945,0
13604,717.62,1,242,242,717.62,658.033333333333,21,0.073821460950397,2.81544975616419,4.23,1,-4.23,1,6.57733270618747,6.57733270618747,0.693147180559945,1.65441127807683
13605,522.67,2,212.5,286.75,261.335,386.815277777778,50,0.0334383407427449,3.61583069604668,0,0,0,0,6.26086171493963,5.56962231296926,1.09861228866811,0
13606,280.78,3,93,127.5,93.5933333333333,28.7944444444444,40,0.0535349891080387,3.24988652596941,0,0,0,0,5.64112662462513,4.54958700141106,1.38629436111989,0
13607,1078.43,2,234,284.4,539.215,39.85625,111,0.0144267277595481,4.42490142253949,17.7,1,-17.7,1,6.98418840301677,6.29196720846653,1.09861228866811,2.92852352386054
13608,236.2,1,113,113,236.2,540.056944444444,31,0.0562599972325008,3.12553449893271,0,0,0,0,5.46890366712357,5.46890366712357,0.693147180559945,0
13609,158.6,1,19,19,158.6,593.016666666667,7,0.162724477577288,1.88214413797258,0,0,0,0,5.07267068501571,5.07267068501571,0.693147180559945,0
13610,2165.03,14,64.9285714285714,127.95,154.645,11.8833333333333,309,0.00854401306210255,5.30784733698392,31.75,3,-31.75,1,7.68065127788053,5.04757777301797,2.70805020110221,3.48890296208126
13611,3319.53,10,200.2,302.35,331.953,88.9576388888889,173,0.00957823286519216,4.87722372615312,38.5,4,-38.5,1,8.10787968772387,5.80800133887795,2.39789527279837,3.67630067190708
13612,818.29,1,444,444,818.29,632.025,50,0.0219193868739891,3.86611511239288,40.5,1,-40.5,1,6.70843811153197,6.70843811153197,0.693147180559945,3.72569342723665
13613,1039.85,5,89,193.8,207.97,452.075694444444,50,0.026787562700483,3.77611617586643,0,0,0,0,6.94779296601367,5.34219070099201,1.79175946922805,0
13614,2359.71,6,138,247.5,393.285,23.91875,226,0.0103974081438246,4.95939250996138,0,0,0,0,7.76671770023176,5.97707399806004,1.94591014905531,0
13615,5988.58,8,363.75,739.45,748.5725,318.186805555556,286,0.00475167841425268,5.51557042125214,60.3,4,-60.3,1,8.69777657178976,6.6195030440186,2.19722457733622,4.11577984294217
13616,286.15,2,87.5,137.45,143.075,568.035416666667,31,0.0489275565404031,3.19795390361841,0,0,0,0,5.66000472731031,4.97033399732273,1.09861228866811,0
13617,1278.75,8,74.125,112.65,159.84375,39.9583333333333,48,0.0391596313069203,3.4657977034236,14.95,1,-14.95,1,7.15442002533769,5.08043339685303,2.19722457733622,2.76945882923085
13618,178.78,1,246,246,178.78,173.111805555556,13,0.101785790782114,2.40302732214336,0,0,0,0,5.19173388114525,5.19173388114525,0.693147180559945,0
13619,231.69,2,42,42.9,115.845,544.090972222222,39,0.0511811287725954,3.28267216621478,0,0,0,0,5.44970709559886,4.76084827016777,1.09861228866811,0
13620,112.34,1,74,74,112.34,527.95,5,0.346805152179086,1.29945745748329,0,0,0,0,4.73039215074147,4.73039215074147,0.693147180559945,0
13621,233.01,1,343,343,233.01,116.225,19,0.0607314978199453,2.8638788718012,0,0,0,0,5.45536384948732,5.45536384948732,0.693147180559945,0
13622,658.95,1,379,379,658.95,695.977777777778,32,0.0436181601951535,3.3031025814485,7.5,1,-7.5,1,6.49216407457496,6.49216407457496,0.693147180559945,2.14006616349627
13623,2566.64,10,102.3,213.2,256.664,30.0347222222222,213,0.0215936205667455,4.55494044830987,120.13,5,-120.13,1,7.85074246806686,5.55165641057727,2.39789527279837,4.79686434902871
13624,391.52,1,484,484,391.52,387.963194444444,22,0.0504337255288203,3.03364837074673,34.9,1,-34.9,1,5.97258749133829,5.97258749133829,0.693147180559945,3.58073729549423
13625,301.26,1,144,144,301.26,596.125,21,0.0553847246596493,2.96618299291196,0,0,0,0,5.71128757414197,5.71128757414197,0.693147180559945,0
13626,707.04,2,199,208,353.52,252.15625,44,0.0282222557293509,3.68890419177258,17.55,1,-17.55,1,6.56250058927296,5.8707647618702,1.09861228866811,2.92046978905344
13627,2174.62,7,222.857142857143,307.8,310.66,58.9791666666667,117,0.0155075611698923,4.55561452159695,28.35,3,-28.35,1,7.68506896037289,5.74191285001747,2.07944154167984,3.37929254627411
13628,310.14,1,106,106,310.14,675.920833333333,16,0.123263786548984,2.48223999497983,0,0,0,0,5.74024297165898,5.74024297165898,0.693147180559945,0
13629,11760.36,19,356.947368421053,525,618.966315789474,22.9784722222222,32,0.158911162617493,2.17382419616999,0,0,0,0,9.37257486102461,6.42966514719143,2.99573227355399,0
13630,2006.34,7,195.285714285714,307.1,286.62,4.89861111111111,51,0.0927858034607981,3.00531896177931,36.1,4,-36.1,1,7.60456574152382,5.66164016445823,2.07944154167984,3.61361696961339
13631,3070.42,11,42.4545454545455,98,279.129090909091,99.1618055555556,6,0.205929603583306,1.65933016374781,48.65,1,-48.65,1,8.02989527435887,5.63525053588448,2.484906649788,3.90499839049118
13632,3646.25,8,204.875,383.3,455.78125,24.0826388888889,173,0.0109374426560271,4.8494801398352,13.45,2,-13.45,1,8.201728737952,6.12420461108957,2.19722457733622,2.67069441455844
13634,5059.42,16,131,225,316.21375,32.9652777777778,282,0.013974269824291,4.89879859806351,553.92,1,-553.92,1,8.52920476278944,5.75957583686659,2.83321334405622,6.31882395921252
13635,2999.16,4,471,722.05,749.79,67.1215277777778,136,0.0130723420422276,4.66608235207592,50.94,2,-50.94,1,8.00642089956141,6.62112598549739,1.6094379124341,3.9500892062346
13636,952.48,5,118.4,233,190.496,36.0972222222222,57,0.0254936334659999,3.88198547221756,7.5,1,-7.5,1,6.86011844946653,5.25486692067409,1.79175946922805,2.14006616349627
13637,810.5,3,136.333333333333,207.4,270.166666666667,52.0125,80,0.0210788880216133,4.07046627016504,0,0,0,0,6.69888438695465,5.60273363799098,1.38629436111989,0
13638,122.64,1,93,93,122.64,15.0916666666667,8,0.136844604608591,2.03432214825549,0,0,0,0,4.81737411726392,4.81737411726392,0.693147180559945,0
13639,1306.67,2,486.5,747.05,653.335,74.0097222222222,49,0.0518237213866007,3.48666284784506,0,0,0,0,7.17600220660778,6.48361945272686,1.09861228866811,0
13640,405,1,108,108,405,610.928472222222,4,0.259259259259259,1.36892236074022,0,0,0,0,6.00635315960173,6.00635315960173,0.693147180559945,0
13641,967.33,5,219.6,401.6,193.466,640.217361111111,40,0.036487409361161,3.4972348205381,94.65,2,-94.65,1,6.87557293827119,5.27025734058,1.79175946922805,4.56069569588626
13642,514.72,4,63.25,156.05,128.68,215.052777777778,93,0.0223426700891257,4.11425798932013,12.75,1,-12.75,1,6.24556398254264,4.86506987742742,1.6094379124341,2.62103882411258
13643,2149.82,10,90.2,156.3,214.982,30.8840277777778,74,0.0249714807392139,4.02855899383604,44.6,5,-44.6,1,7.67360444375783,5.37519507087842,2.39789527279837,3.81990771652034
13644,2620.62,4,516.75,632.6,655.155,15.9465277777778,144,0.0083388261779716,4.8725249685808,19.74,1,-26.74,0.738219895287958,7.8715477262844,6.48639704152206,1.6094379124341,3.03206420280138
13645,252.1,1,158,158,252.1,119.902083333333,5,0.24680537511087,1.49078110375054,0,0,0,0,5.53378466755108,5.53378466755108,0.693147180559945,0
13646,326.25,2,39.5,70.55,163.125,399.025694444444,58,0.0273291818969187,3.84500180348481,2.95,1,-2.95,1,5.79072440479001,5.10062833262296,1.09861228866811,1.37371557891303
13647,3071.68,8,225.375,353.6,383.96,9.03472222222222,105,0.0195438365877946,4.36355066008334,7.9,1,-7.9,1,8.03030542393901,5.95313943278631,2.19722457733622,2.18605127673809
13648,1764.02,8,120,210.15,220.5025,399.919444444444,96,0.0148996139331352,4.42078390902131,85.01,3,-85.01,1,7.47591730074796,5.40043387610321,2.19722457733622,4.45446356856339
13649,1676.93,6,143.833333333333,251.75,279.488333333333,256.082638888889,97,0.0255279857496784,4.20270035565144,0,0,0,0,7.42531616982804,5.63653213170323,1.94591014905531,0
13650,3288,10,174.6,301.3,328.8,16.0194444444444,136,0.0112841274730495,4.71866168706489,189.5,6,-189.5,1,8.09833884618906,5.7984864101255,2.39789527279837,5.24965219456676
13651,226.85,3,20.6666666666667,31.7,75.6166666666667,34.9104166666667,14,0.0742252045714882,2.62043364496757,17.9,1,-17.9,1,5.42868751770989,4.33881463358413,1.38629436111989,2.9391619220656
13652,2570.85,5,314,494.6,514.17,45.2076388888889,117,0.0131551941062427,4.55677361338619,0,0,0,0,7.85238076328356,6.24449694328106,1.79175946922805,0
13653,152.2,1,72,72,152.2,487.229861111111,9,0.112327777787371,2.19183419386876,0,0,0,0,5.03174425730649,5.03174425730649,0.693147180559945,0
13654,6354.88,11,432.909090909091,1077,577.716363636364,42.8930555555556,270,0.00649799421079938,5.34165515846574,0,0,0,0,8.75713564767977,6.36081248472463,2.484906649788,0
13655,2282.81,6,204.166666666667,429,380.468333333333,113.975694444444,104,0.0129882707059476,4.50135026754314,21.21,2,-21.21,1,7.73360037992509,5.94402784160001,1.94591014905531,3.10054263790634
13656,1092.77,4,215.5,348.5,273.1925,164.138194444444,84,0.0207565475540999,4.14367332000191,25.5,3,-25.5,1,6.99738572321893,5.61383041445654,1.6094379124341,3.27714473299218
13657,382.14,2,104.5,129.25,191.07,10.0125,16,0.0945926380678748,2.55007613294697,0,0,0,0,5.94840045763696,5.25785988891676,1.09861228866811,0
13658,5930.5,9,241.222222222222,412.6,658.944444444444,9.10902777777778,173,0.0108873268978346,4.85690343494957,158.43,4,-253.43,0.625143037525155,8.68803241110116,6.49215565639337,2.30258509299405,5.07160495441927
13659,4774.08,12,211.583333333333,449.9,397.84,205.050694444444,225,0.00648719743541695,5.22065483009071,156.3,5,-178.25,0.876858345021038,8.47116600670119,5.98856033396059,2.56494935746154,5.05815481006423
13660,314.59,1,137,137,314.59,399.861111111111,39,0.0330809528769962,3.52691235358097,10.9,1,-10.9,1,5.75444390279164,5.75444390279164,0.693147180559945,2.47653840011748
13661,325.24,1,118,118,325.24,602.952777777778,17,0.0622000701191704,2.80492263607955,0,0,0,0,5.78763330682615,5.78763330682615,0.693147180559945,0
13662,2250.11,11,107.181818181818,184,204.555454545455,85.0736111111111,127,0.00962559970601003,4.75537161090091,66.98,6,-66.98,1,7.71917870688292,5.32571584933554,2.484906649788,4.21921354426797
13663,2047.51,5,178.6,322.2,409.502,178.920833333333,88,0.0178902381964263,4.27403490477017,33.9,1,-33.9,1,7.62486797859571,6.0173808009878,1.79175946922805,3.55248682920838
13665,1724.3,3,550.666666666667,655,574.766666666667,385.988888888889,97,0.0130016627917924,4.46184647091466,0,0,0,0,7.45315622738782,6.35570248603113,1.38629436111989,0
13666,127.9,5,10.8,21.8,25.58,59.9243055555556,19,0.0881861378948199,2.62713355319959,0,0,0,0,4.85903690994514,3.2801590532851,1.79175946922805,0
13667,305.06,1,154,154,305.06,148.922222222222,81,0.0213094780584675,4.04336655235737,0,0,0,0,5.72378116116289,5.72378116116289,0.693147180559945,0
13668,12950.62,35,168.028571428571,432.999999999999,370.017714285714,2.02708333333333,415,0.0149370567665994,5.1841303247575,340.8,12,-340.8,1,9.46897615582886,5.91624980886841,3.58351893845611,5.83422577068149
13669,425.55,3,131,217.2,141.85,50.1791666666667,13,0.105040411531541,2.40931993552413,0,0,0,0,6.0557295933547,4.96179512867678,1.38629436111989,0
13670,349.7,1,282,282,349.7,74.9340277777778,25,0.0504375489461166,3.08169524998743,0,0,0,0,5.85993115714613,5.85993115714613,0.693147180559945,0
13671,194.95,1,107,107,194.95,394.083333333333,61,0.0222490809061135,3.95029540769087,0,0,0,0,5.27785952464564,5.27785952464564,0.693147180559945,0
13672,419.92,3,46,76.7,139.973333333333,300.95625,14,0.105908252589349,2.41551928704986,204.39,4,-257.85,0.792670157068063,6.04244279187261,4.94857074719622,1.38629436111989,5.32491061081756
13673,384.97,2,59.5,63.55,192.485,18.0270833333333,47,0.0481245224028027,3.41072662263698,0,0,0,0,5.95575964623721,5.26519999008521,1.09861228866811,0
13674,240.68,1,102,102,240.68,432.13125,14,0.0733154571824349,2.6259181040473,24.8,1,-24.8,1,5.48761453707842,5.48761453707842,0.693147180559945,3.25037449192757
13675,486.82,2,165,200.1,243.41,151.036805555556,25,0.046370578732704,3.13897466626123,0,0,0,0,6.18994648535133,5.49884714299066,1.09861228866811,0
13676,243.9,2,52,61,121.95,538.847222222222,13,0.135012803592571,2.19148700755993,90.75,1,-90.75,1,5.50084996395812,4.8117777686622,1.09861228866811,4.51906748693468
13677,556.94,2,109,146.8,278.47,404.054166666667,99,0.0316598849077085,3.99661511152233,0,0,0,0,6.32425142971816,5.63289495230845,1.09861228866811,0
13678,258.68,1,828,828,258.68,151.15,16,0.0666529354858386,2.73807542596924,0,0,0,0,5.55945010376628,5.55945010376628,0.693147180559945,0
13679,281.26,3,34,44.8,93.7533333333333,493.067361111111,44,0.0543590630695105,3.36515519578832,0,0,0,0,5.64282863198586,4.55127702364276,1.38629436111989,0
13680,11435.67,12,437.666666666667,658.55,952.9725,0.960416666666667,378,0.0187517785797088,4.70029622858662,1520.11,1,-1520.11,1,9.34458013864456,6.860634845037,2.56494935746154,7.32719561048582
13681,827.83,4,90,143.6,206.9575,17.0673611111111,38,0.0375451202437587,3.42073671742041,0,0,0,0,6.72001506776132,5.33733373190065,1.6094379124341,0
13682,59.5,1,10,10,59.5,186.988888888889,3,0.346938775510204,1.07899220787758,0,0,0,0,4.1026433650368,4.1026433650368,0.693147180559945,0
13683,258.6,1,180,180,258.6,457.159722222222,10,0.109619349594371,2.25310830619783,0,0,0,0,5.55914198482994,5.55914198482994,0.693147180559945,0
13684,596.98,4,58.75,83.45,149.245,285.109027777778,84,0.0785261039197977,3.56785357326913,50.46,2,-50.46,1,6.39355730857529,5.01226729499138,1.6094379124341,3.9408048068536
13685,790.12,7,192.571428571429,744,112.874285714286,2.04791666666667,29,0.155929256157108,2.13041879508642,0,0,0,0,6.67344966296174,4.7350950830185,2.07944154167984,0
13686,409.04,3,126,228.4,136.346666666667,182.194444444444,27,0.0433948676209471,3.21127854571859,0,0,0,0,6.0162547159152,4.92250814334738,1.38629436111989,0
13687,1218.72,1,5352,5352,1218.72,437.888888888889,45,0.0230800458107559,3.78937289582861,0,0,0,0,7.10637660318954,7.10637660318954,0.693147180559945,0
13688,375.5,1,130,130,375.5,634.94375,5,0.207157434118025,1.59188909354882,0,0,0,0,5.93091804723995,5.93091804723995,0.693147180559945,0
13689,1259.5,2,361,496.9,629.75,63.0201388888889,7,0.210169445048123,1.65809576224401,0,0,0,0,7.13926374662797,6.44690958752117,1.09861228866811,0
13690,172.25,1,67,67,172.25,58.9493055555556,9,0.146608976641016,2.05867090346861,0,0,0,0,5.15473563807001,5.15473563807001,0.693147180559945,0
13691,212.78,1,145,145,212.78,395.802777777778,52,0.0600439333312489,3.40964469497129,0,0,0,0,5.3649474488458,5.3649474488458,0.693147180559945,0
13692,3096.95,5,420.2,786,619.39,24.0645833333333,83,0.0328660059246634,3.79394648632777,97.95,3,-97.95,1,8.03849588140177,6.43034831253934,1.79175946922805,4.59461467204857
13693,2011.82,9,97.7777777777778,184.8,223.535555555556,373.770138888889,79,0.0171416615844024,4.220789747912,63.5,4,-63.5,1,7.60729200286375,5.4140340712815,2.30258509299405,4.16666522380173
13694,158228.44,143,869.951048951049,2413.6,1106.49258741259,3.1375,926,0.00313662780885662,6.2892989572988,3672.97,21,-5657.29,0.649245486796682,11.9718014105549,7.00985380881571,4.969813299576,8.20902810025453
13695,2770.73,16,111.9375,236.75,173.170625,30.9333333333333,49,0.05297490981759,3.37897497770052,0,0,0,0,7.92722695296845,5.16003542218532,2.83321334405622,0
13696,2020.4,3,184,278.8,673.466666666667,421.170833333333,24,0.160608496954113,2.50283427013779,11.7,1,-11.7,1,7.61154561964056,6.51392225510368,1.38629436111989,2.54160199346455
13697,151.3,1,177,177,151.3,38.15,12,0.0908656197947814,2.44048788261572,0,0,0,0,5.02585225990112,5.02585225990112,0.693147180559945,0
13698,421.63,2,115.5,181.65,210.815,596.081944444444,33,0.0385496007045421,3.37322981081748,0,0,0,0,6.04649709177735,5.35571325218933,1.09861228866811,0
13699,764.15,2,109.5,148.65,382.075,154.874305555556,35,0.0320594072300071,3.49888552428053,52.75,1,-52.75,1,6.64007189303705,5.94823079246424,1.09861228866811,3.98434366700777
13700,2614.18,13,216.076923076923,445,201.090769230769,25.9930555555556,163,0.0195538780624257,4.47252038315951,27.25,1,-27.25,1,7.8690882077821,5.30871694910012,2.63905732961526,3.34109345759245
13701,161,1,80,80,161,446.049305555556,9,0.121135758651287,2.15430190930279,1.45,1,-1.45,1,5.08759633523238,5.08759633523238,0.693147180559945,0.896088024556636
13702,135.18,1,74,74,135.18,445.090277777778,5,0.218957255591942,1.56161670712796,0,0,0,0,4.91397754005482,4.91397754005482,0.693147180559945,0
13703,425.56,2,64,112.6,212.78,317.986111111111,36,0.0846806613113379,3.00659901308957,326.06,1,-326.06,1,6.05575303699034,5.3649474488458,1.09861228866811,5.79014364030424
13704,2315.02,9,170.111111111111,313.6,257.224444444444,4.90069444444444,111,0.0121947765131744,4.55491491932658,12.75,1,-12.75,1,7.74760547423418,5.55382914645053,2.30258509299405,2.62103882411258
13705,1741.33,7,144.142857142857,190.7,248.761428571429,7.0125,55,0.0380966643247621,3.64436775460759,0,0,0,0,7.46297857689969,5.52050617652746,2.07944154167984,0
13706,626.32,2,150.5,185.15,313.16,302.145138888889,38,0.0314247567280705,3.55017856678106,0,0,0,0,6.44145677726622,5.74990241026975,1.09861228866811,0
13707,3347.91,5,442,912.4,669.582,266.782638888889,142,0.0114868488365831,4.72851690486431,0,0,0,0,8.11639019873946,6.50814599203753,1.79175946922805,0
13708,296.88,1,306,306,296.88,270.961111111111,49,0.0289483774159732,3.68858215811406,0,0,0,0,5.69669072084244,5.69669072084244,0.693147180559945,0
13709,7570.75,18,229.444444444444,541.35,420.597222222222,3.09861111111111,311,0.00598391334768904,5.48920246893602,78.94,4,-78.94,1,8.93217949540804,6.04405040854848,2.94443897916644,4.38127635328318
13710,510,3,112,170.4,170,31.1902777777778,13,0.129096415224913,2.28407749615878,0,0,0,0,6.2363695902037,5.14166355650266,1.38629436111989,0
13711,1793.54,9,91,254,199.282222222222,218.138194444444,80,0.0181426555790434,4.21908255816032,159.65,6,-159.65,1,7.49250400067081,5.29972748297749,2.30258509299405,5.07922808556187
13712,731.14,2,480,595.2,365.57,246.053472222222,32,0.0537623121376941,3.22898662606471,0,0,0,0,6.59597175250466,5.90418949899654,1.09861228866811,0
13713,735.46,3,95.3333333333333,146.3,245.153333333333,407.897222222222,70,0.0297017671898418,3.88504356724175,0,0,0,0,6.60185492349772,5.50595464799078,1.38629436111989,0
13714,161.35,1,50,50,161.35,464.995138888889,30,0.0558274721278445,3.13772550746156,0,0,0,0,5.08975449854885,5.08975449854885,0.693147180559945,0
13715,8432.41,17,287.411764705882,547.2,496.024117647059,280.728472222222,286,0.0138008492681382,4.93425377954246,44.95,4,-44.95,1,9.03995647691527,6.20863855137209,2.89037175789616,3.8275538488017
13716,138.28,1,138,138,138.28,268.959027777778,21,0.0746985527973787,2.80089520686257,0,0,0,0,4.93648629545993,4.93648629545993,0.693147180559945,0
13717,1780.78,8,265,479,222.5975,31.9423611111111,110,0.0119987108571128,4.56218569515036,15.25,3,-15.25,1,7.48536814361921,5.40984756053865,2.19722457733622,2.78809290877575
13718,317.55,2,86.5,130.15,158.775,246.018055555556,9,0.251204623971007,1.77408991123173,0,0,0,0,5.7637794485625,5.07376657553635,1.09861228866811,0
13719,2801.3,11,145.363636363636,266,254.663636363636,14.8916666666667,194,0.00893021369288962,4.96661173338279,0,0,0,0,7.93819578754691,5.54386266007468,2.484906649788,0
13720,786.7,4,119.25,192.3,196.675,116.044444444444,42,0.0305548635088472,3.644974685119,0,0,0,0,6.66911730670928,5.28662426795699,1.6094379124341,0
13721,741.54,2,256,310,370.77,35.9479166666667,41,0.0308065552200804,3.60885775266276,0,0,0,0,6.61007674127968,5.91827538348962,1.09861228866811,0
13722,5595.09,10,286.7,718.45,559.509,131.045833333333,142,0.0114674500144376,4.71282178906085,6.25,1,-6.25,1,8.62982341857241,6.32884529947518,2.39789527279837,1.98100146886658
13723,1209.2,6,104.833333333333,263,201.533333333333,216.865277777778,52,0.0332356596997175,3.63494648724375,0,0,0,0,7.09854091418822,5.31090448205351,1.94591014905531,0
13724,213.01,1,130,130,213.01,636.890277777778,38,0.0332241389901803,3.52814632661274,0,0,0,0,5.36602274290205,5.36602274290205,0.693147180559945,0
13725,1981.04,8,100.75,186.75,247.63,49.1576388888889,94,0.0188804363304603,4.30863251699133,170.75,3,-170.75,1,7.591881896321,5.51596584758027,2.19722457733622,5.14603993110246
13726,1089.26,2,527,655.7,544.63,38.0840277777778,39,0.0853172044394416,2.96709454550742,0,0,0,0,6.99417147888902,6.30194109035486,1.09861228866811,0
13727,974.25,8,46.25,106,121.78125,28.1277777777778,74,0.0246521001758852,3.98830632504106,12.75,1,-12.75,1,6.88269384838677,4.81040431675873,2.19722457733622,2.62103882411258
13728,2855.17,16,79.3125,128.5,178.448125,36.0840277777778,88,0.0207628752183901,4.16785105742509,0,0,0,0,7.95723684549753,5.18988616894611,2.83321334405622,0
13729,724.73,3,139.666666666667,259.3,241.576666666667,435.129166666667,36,0.0446516561584405,3.38594998091977,48.3,2,-48.3,1,6.58717804482609,5.49131781161503,1.38629436111989,3.89792408104864
13730,752.6,2,244,248.5,376.3,135.21875,38,0.0372512640915514,3.45003251422477,0,0,0,0,6.62486172326215,5.93304062697026,1.09861228866811,0
13731,610.59,2,139,163.3,305.295,218.970138888889,36,0.0314685457848516,3.53059975887995,0,0,0,0,6.41606212336532,5.72454868984,1.09861228866811,0
13732,491.86,1,498,498,491.86,27.8756944444444,33,0.0342929825547553,3.43376865060946,0,0,0,0,6.20022515805474,6.20022515805474,0.693147180559945,0
13733,487.03,2,167.5,262.45,243.515,410.063888888889,28,0.0514867381958513,3.18608352638137,2.5,1,-2.5,1,6.19037687937345,5.49927665672636,1.09861228866811,1.25276296849537
13734,3515.04,4,75.75,118.3,878.76,508.073611111111,24,0.926918568914395,0.267759842305529,1674,2,-3250.35,0.515021459227468,8.16509063530463,6.77964914300268,1.6094379124341,7.42356844425917
13735,9813.22,13,319.846153846154,652.6,754.863076923077,24.0666666666667,371,0.00765028149348401,5.36718066153974,340.41,9,-340.41,1,9.19158763335396,6.62786024459508,2.63905732961526,5.83308410108543
13736,2767.41,7,221.714285714286,355.2,395.344285714286,4.89652777777778,354,0.00625319902572119,5.42644131285825,51.2,5,-51.2,1,7.92602842715595,5.98228324190734,2.07944154167984,3.95508249488859
13737,339.6,1,125,125,339.6,199.8875,29,0.090128598253887,2.84734497798417,0,0,0,0,5.83070876822859,5.83070876822859,0.693147180559945,0
13738,440.93,1,240,240,440.93,395.89375,86,0.026153783178922,4.06644576876135,0,0,0,0,6.09115149849496,6.09115149849496,0.693147180559945,0
13739,292.2,2,38,52.4,146.1,17.96875,6,0.229627396497856,1.59444298827972,0,0,0,0,5.6808549700125,4.99111262760739,1.09861228866811,0
13740,1598.01,5,198.2,385,319.602,240.1375,86,0.0155364453351629,4.3090388398911,0,0,0,0,7.37713996672309,5.77020047845918,1.79175946922805,0
13741,668.43,3,72.6666666666667,75.9,222.81,71.1881944444444,34,0.0332090685707866,3.47108527986448,2.1,1,-2.1,1,6.50642660402637,5.41079747763204,1.38629436111989,1.1314021114911
13742,3131.02,12,93.6666666666667,210.35,260.918333333333,16.0715277777778,200,0.014581489522453,4.66745558970585,28.6,2,-28.6,1,8.04943344278635,5.56803275033644,2.56494935746154,3.38777436133001
13743,1306.8,7,236.571428571429,336,186.685714285714,2.11180555555556,9,0.152060719052955,1.99555723915331,1.45,1,-1.45,1,7.17610161512718,5.23476883140306,2.07944154167984,0.896088024556636
13744,1149.4,2,612.5,935.15,574.7,94.9381944444444,54,0.0252354038355748,3.81297171956408,0,0,0,0,7.04786498696678,6.35558669168176,1.09861228866811,0
13745,777.36,2,573,642.3,388.68,161.879861111111,46,0.0326424615528587,3.64283872344657,16.09,2,-16.09,1,6.65718914208995,5.96532588949829,1.09861228866811,2.8384934971275
13746,176.69,1,83,83,176.69,413.079861111111,9,0.140775936759311,2.06139087711005,0,0,0,0,5.18004045895698,5.18004045895698,0.693147180559945,0
13747,249.4,2,34,50.2,124.7,373.092361111111,4,0.650501058193232,0.72369980643935,0,0,0,0,5.52305963922594,4.8338981155962,1.09861228866811,0
13748,2268.35,9,123.111111111111,217,252.038888888889,95.1701388888889,41,0.155549326208463,2.73153816709862,0,0,0,0,7.72724872585895,5.53354318793847,2.30258509299405,0
13750,3602.18,11,124.545454545455,228,327.470909090909,53.0652777777778,51,0.302607941299335,2.22798936735563,38.58,2,-38.58,1,8.18957206786824,5.79444827720239,2.484906649788,3.67832394017442
13751,296.25,1,152,152,296.25,287.870833333333,9,0.355073496056544,1.43817724127886,0,0,0,0,5.69457353557089,5.69457353557089,0.693147180559945,0
13752,1578.73,7,143.857142857143,228.2,225.532857142857,123.981944444444,78,0.0303202552655392,3.89632204220445,0,0,0,0,7.36500922534237,5.42288999905061,2.07944154167984,0
13753,2094.57,4,362.5,499.4,523.6425,287.001388888889,64,0.0235550110578321,3.93420892386046,0,0,0,0,7.64758087172249,6.26271707825729,1.6094379124341,0
13754,447.05,3,105,128.9,149.016666666667,151.082638888889,16,0.0926216640895107,2.57021764273038,0,0,0,0,6.10490483333023,5.01074639903498,1.38629436111989,0
13755,2157.73,9,140.444444444444,345,239.747777777778,3.01666666666667,231,0.0102899639874166,4.93607039915909,6.67,1,-6.67,1,7.67727536479724,5.48374982022142,2.30258509299405,2.03731661537916
13756,8913.15,23,230.304347826087,431.4,387.528260869565,1.8375,149,0.0389023593001564,3.90123750332005,60.3,2,-60.3,1,9.09539518082734,5.96236591071302,3.17805383034795,4.11577984294217
13757,195.55,1,54,54,195.55,674.009027777778,8,0.621348593523724,0.905019184497436,0,0,0,0,5.28091685186787,5.28091685186787,0.693147180559945,0
13758,9297.58,15,326.666666666667,666.7,619.838666666667,11.06875,222,0.0177557612086794,4.78364478112042,69,4,-153.84,0.448517940717629,9.13761697931128,6.43107125215273,2.77258872223978,4.24849524204936
13759,659.41,2,143.5,254.65,329.705,32.91875,24,0.107944327748002,2.73750391451622,0,0,0,0,6.49286085426931,5.80122673931705,1.09861228866811,0
13760,1363.64,5,124.6,165.8,272.728,53.9006944444444,96,0.095523629755962,3.57933226247015,5,1,-5,1,7.2186459365708,5.61213491260444,1.79175946922805,1.79175946922805
13761,1952.17,6,179.833333333333,369.5,325.361666666667,49.9923611111111,118,0.0123678246315041,4.63699570364111,0,0,0,0,7.57720897265935,5.78800617338255,1.94591014905531,0
13762,2232.96,5,443.2,595.2,446.592,218.190972222222,25,0.0714128424316985,2.91857909934259,306.72,1,-306.72,1,7.71153107436589,6.10388210317706,1.79175946922805,5.72919027859073
13763,5135.6,3,1042.66666666667,2200.4,1711.86666666667,62.9423611111111,50,0.0243093196762694,3.80017574035167,35.45,3,-35.45,1,8.54414666097649,7.44592365913983,1.38629436111989,3.59594145845467
13764,2954.84,6,349.833333333333,492.75,492.473333333333,70.0743055555556,301,0.00487310094502733,5.5030118333353,0,0,0,0,7.99153815340425,6.20146882161483,1.94591014905531,0
13765,344.09,1,273,273,344.09,652.961111111111,17,0.0703671376154766,2.7109130720061,0,0,0,0,5.84380525257603,5.84380525257603,0.693147180559945,0
13766,190.35,1,137,137,190.35,494.975694444444,16,0.0711221976521621,2.69848305560005,0,0,0,0,5.25410421187171,5.25410421187171,0.693147180559945,0
13767,34656.13,73,201.794520547945,473.599999999999,474.741506849315,1.90972222222222,127,0.0325732382206259,3.91145494610114,424.85,23,-424.85,1,10.4532587554557,6.16487465388725,4.30406509320417,6.05408717158709
13768,875.97,2,186.5,254.45,437.985,726.089583333333,30,0.0499160795284392,3.19737511977572,117.9,6,-117.9,1,6.77647278426144,6.08446524392649,1.09861228866811,4.77828280369674
13769,5804.26,20,128.7,245.9,290.213,1.90416666666667,123,0.0568970687011837,3.88271399465163,33.79,9,-33.79,1,8.66651968210402,5.67405495818321,3.04452243772342,3.54932998916385
13770,773.42,4,117,177.3,193.355,421.944444444444,48,0.0884334621160079,3.04807167491258,0,0,0,0,6.65211436207515,5.26968638374888,1.6094379124341,0
13771,5713.22,9,346.222222222222,660,634.802222222222,63.9805555555556,188,0.0108232540187919,4.91156384426155,2.75,1,-2.75,1,8.65071308397463,6.4548875436298,2.30258509299405,1.32175583998232
13772,3026.63,8,182,244.8,378.32875,33.0465277777778,411,0.00740314292593407,5.53634199809471,19.5,1,-19.5,1,8.0155354142246,5.93840324334412,2.19722457733622,3.02042488614436
13773,301.54,2,87,136.5,150.77,396.042361111111,19,0.0659092790633251,2.82742981474455,0,0,0,0,5.71221350013405,5.02236621697195,1.09861228866811,0
13774,345,1,192,192,345,81.0722222222222,22,0.0473339634530561,3.07048554381691,0,0,0,0,5.84643877505772,5.84643877505772,0.693147180559945,0
13775,1049.66,1,455,455,1049.66,590.065972222222,63,0.029256198769982,3.77339905682685,0,0,0,0,6.95717381711186,6.95717381711186,0.693147180559945,0
13776,36,2,1,1,18,427.902083333333,1,1,0,100.12,6,-964.15,0.103842763055541,3.61091791264422,2.94443897916644,1.09861228866811,4.61630793039855
13777,43920.66,61,342.590163934426,1505,720.010819672131,0.0173611111111111,47,0.053614650579008,3.18926560886303,461.85,12,-461.85,1,10.6901628714619,6.58065414365242,4.12713438504509,6.13740302751322
13778,1099.05,4,121.75,220.4,274.7625,102.934027777778,33,0.0527221376743886,3.21539875144664,7.95,1,-7.95,1,7.00311091229889,5.61953998802188,1.6094379124341,2.19165353228676
13779,161.13,1,53,53,161.13,515.101388888889,27,0.0705510297281423,2.93659341566883,0,0,0,0,5.08839848256198,5.08839848256198,0.693147180559945,0
13780,716.02,3,148.333333333333,161.2,238.673333333333,6.95902777777778,90,0.0327104420115177,3.9565803231077,0,0,0,0,6.57510373421338,5.47927688507775,1.38629436111989,0
13781,778.83,3,100,139,259.61,250.070833333333,56,0.0218997543607586,3.90762156658032,7.95,1,-7.95,1,6.65907594721142,5.56302503693994,1.38629436111989,2.19165353228676
13782,1792.77,13,49.9230769230769,100.8,137.905384615385,12.0388888888889,190,0.0097970065644802,4.91422793991252,7.95,1,-7.95,1,7.49207482927156,4.93379301513839,2.63905732961526,2.19165353228676
13783,660.36,4,291,431.4,165.09,487.185416666667,4,0.336080506398819,1.21406775832786,0,0,0,0,6.49429832094442,5.11252981011091,1.6094379124341,0
13784,2563.19,14,133.357142857143,325.05,183.085,9.13680555555556,13,0.110975012987526,2.33491078620984,13.05,1,-13.05,1,7.84939791825919,5.21539760746166,2.70805020110221,2.64262239577975
13785,542.49,4,37.75,57.3,135.6225,428.184027777778,27,0.0435028501826726,3.22348100291386,0,0,0,0,6.29801130712797,4.91722164806762,1.6094379124341,0
13786,3358.94,6,275.333333333333,366.5,559.823333333333,366.95625,80,0.0405126967759361,3.68719550927769,33,2,-622.53,0.0530094935183847,8.11967839565495,6.32940594208259,1.94591014905531,3.52636052461616
13787,1224.17,6,166.333333333333,269.5,204.028333333333,75.0722222222222,73,0.0207019031126621,4.09883976192823,47.85,3,-48.8,0.980532786885246,7.1108348888606,5.32314818097021,1.94591014905531,3.88875437848879
13788,3.75,1,1,1,3.75,504.916666666667,1,1,0,0,0,0,0,1.55814461804655,1.55814461804655,0.693147180559945,0
13789,239.46,1,258,258,239.46,387.888194444444,18,0.0611513088111493,2.839732251369,0,0,0,0,5.48255375554676,5.48255375554676,0.693147180559945,0
13790,350.72,1,748,748,350.72,3.87638888888889,45,0.0341440660443251,3.56290756053664,0,0,0,0,5.8628354045108,5.8628354045108,0.693147180559945,0
13791,1400,2,560,686,700,127.0875,7,0.159408163265306,1.89181453640865,468.32,1,-468.32,1,7.24494154633701,6.55250788703459,1.09861228866811,6.15128483855542
13792,383.95,3,52,64,127.983333333333,65.9715277777778,23,0.0500091737687838,3.07012412857117,0,0,0,0,5.95311345572406,4.85968319704836,1.38629436111989,0
13793,96,1,52,52,96,646.184027777778,7,0.15478515625,1.9057577958989,0,0,0,0,4.57471097850338,4.57471097850338,0.693147180559945,0
13794,126.03,1,63,63,126.03,546.055555555556,9,0.117805000514715,2.16522873107088,0,0,0,0,4.84442327903537,4.84442327903537,0.693147180559945,0
13795,735.5,4,252.5,311.15,183.875,387.809027777778,24,0.0771652168528094,2.86799846499231,0,0,0,0,6.60190923590268,5.21967992103096,1.6094379124341,0
13796,289.7,1,218,218,289.7,498.961805555556,22,0.0501417973838648,3.0416588722845,0,0,0,0,5.67229180756483,5.67229180756483,0.693147180559945,0
13797,1179.45,3,191,239.9,393.15,436.136111111111,71,0.0170872434452031,4.16642150780247,11,1,-11,1,7.07365100069422,5.97673154750592,1.38629436111989,2.484906649788
13798,72846.09,110,407.772727272727,1174.6,662.237181818182,0.874305555555556,188,0.0193304537865106,4.32909489757063,2161.64,15,-2263.4,0.955041088627728,11.1961178657329,6.49713266651098,4.70953020131233,7.67908497659489
13799,2751.73,9,163,244.4,305.747777777778,116.071527777778,65,0.0349485068244865,3.74754873762738,763.75,4,-763.75,1,7.9203484255055,5.72602583915656,2.30258509299405,6.63954898303101
13800,1679.56,3,297,329.7,559.853333333333,309.015972222222,73,0.0257759244389426,3.97423367078465,0,0,0,0,7.42688235018742,6.32945943343335,1.38629436111989,0
13801,324.8,1,168,168,324.8,66.1493055555556,23,0.0465610041950787,3.09792628097848,0,0,0,0,5.78628369616794,5.78628369616794,0.693147180559945,0
13802,24977.83,19,688.263157894737,1133.6,1314.62263157895,138.122222222222,224,0.0135771513861132,4.77203942975211,767.55,5,-767.55,1,10.1257839451127,7.1820653166441,2.99573227355399,6.64450562267094
13803,1328.83,3,269,432.6,442.943333333333,255.036805555556,74,0.0175121907216496,4.19755531346407,19.8,1,-19.8,1,7.19280639349731,6.0956969266595,1.38629436111989,3.03495298670727
13804,3208.52,9,203.666666666667,402.2,356.502222222222,30.0125,150,0.00900249791977592,4.87796220021688,0,0,0,0,8.07387667223265,5.87914157812096,2.30258509299405,0
13805,814.76,2,718,795.4,407.38,51.9583333333333,10,0.146345270714616,2.07508164035635,0,0,0,0,6.70412019405597,6.01219811349489,1.09861228866811,0
13806,256.38,1,56,56,256.38,63.0881944444444,10,0.137671358957778,2.14368914870877,0,0,0,0,5.55055359206552,5.55055359206552,0.693147180559945,0
13807,532.9,3,50.6666666666667,69.1,177.633333333333,366.876388888889,24,0.0520792467392611,3.06554815232061,24.9,1,-24.9,1,6.28020855550614,5.18533528783269,1.38629436111989,3.25424296870549
13808,1724.24,5,156.4,246.4,344.848,5.02222222222222,70,0.0231664684559847,4.01936253352409,0,0,0,0,7.4531214502225,5.84599937217603,1.79175946922805,0
13809,575.3,3,69.6666666666667,126.8,191.766666666667,304.982638888889,23,0.13130191009103,2.53965563565525,0,0,0,0,6.35662835844262,5.26148047649606,1.38629436111989,0
13810,917.51,3,104,174.3,305.836666666667,28.1784722222222,32,0.0501378361893751,3.20360673337472,18,1,-599.5,0.0300250208507089,6.82275279191219,5.72631557560707,1.38629436111989,2.94443897916644
13811,609.75,3,22.6666666666667,37.1,203.25,183.163888888889,7,0.162547714038026,1.85708045791711,18,1,-222.75,0.0808080808080808,6.41468771013785,5.31934473374011,1.38629436111989,2.94443897916644
13812,539,3,111,179.4,179.666666666667,41.9743055555556,33,0.0394776659862798,3.37353069819411,0,0,0,0,6.29156913955832,5.19665371277154,1.38629436111989,0
13813,2765.47,8,161.5,238.75,345.68375,39.0916666666667,96,0.0301171061252744,4.16579987020106,79.05,4,-79.05,1,7.92532741825262,5.8484129810993,2.19722457733622,4.38265143944272
13814,2257.32,3,404.666666666667,513.8,752.44,92.0013888888889,60,0.0234083472133076,3.92283153723172,18.25,2,-18.25,1,7.72237645300332,6.62464938649524,1.38629436111989,2.95751106073379
13815,7171.22,8,588.625,1088.55,896.4025,21.9381944444444,232,0.01655965365382,4.97706458370186,122.15,2,-189.95,0.643063964201106,8.87797050910119,6.79950447936372,2.19722457733622,4.81340312456655
13816,549.72,2,134.5,173.65,274.86,23.175,25,0.0596665223505078,3.04045505023823,16.63,2,-16.63,1,6.31122651302317,5.61989349064737,1.09861228866811,2.86960199640978
13817,382.98,2,105.5,143.75,191.49,28.7923611111111,20,0.0656039636679083,2.86904951608137,0,0,0,0,5.95059046789801,5.26004420432654,1.09861228866811,0
13818,61.28,1,60,60,61.28,429.052083333333,5,0.205107191064088,1.59676308624547,0,0,0,0,4.1316403469658,4.1316403469658,0.693147180559945,0
13819,2642.35,6,384.833333333333,525,440.391666666667,301.091666666667,52,0.0311898268025733,3.66773432419023,11.25,1,-11.25,1,7.87980233111115,6.08993261432105,1.94591014905531,2.50552593699074
13820,660.65,3,95.6666666666667,146.9,220.216666666667,418.002777777778,70,0.029811701709113,3.8855682115545,20.25,2,-20.25,1,6.49473671521906,5.3991426134041,1.38629436111989,3.05635689537043
13821,1385,6,80.5,129.5,230.833333333333,144.167361111111,160,0.0111864499732826,4.75774210364526,23.7,1,-23.7,1,7.23417717974985,5.44601872269539,1.94591014905531,3.20680324363393
13822,650.18,2,305.5,480.55,325.09,5.02569444444444,90,0.0680773384546647,3.71878138029924,0,0,0,0,6.47878610168598,5.78717341688503,1.09861228866811,0
13823,3321.65,7,223.428571428571,380.3,474.521428571429,18.1027777777778,115,0.0200441969904419,4.34140487093818,37.95,1,-44.9,0.84521158129176,8.10851793629518,6.16441194631478,2.07944154167984,3.66227877231676
13824,3314.76,12,120.166666666667,242.5,276.23,32.00625,61,0.046360753370723,3.5810193479509,41.4,2,-41.4,1,8.10644213727883,5.62484748656806,2.56494935746154,3.74714836223791
13825,255.59,2,91,102.7,127.795,621.116666666667,38,0.0568488380706499,3.21363385572154,0,0,0,0,5.5474794802608,4.85822199304097,1.09861228866811,0
13826,189.5,1,82,82,189.5,176.001388888889,10,0.107606324099665,2.26612305986531,14.85,1,-14.85,1,5.24965219456676,5.24965219456676,0.693147180559945,2.76316950032329
13827,412.05,3,47,61.3,137.35,57.05,83,0.021889870526261,4.06083328424152,0,0,0,0,6.02356865100851,4.92978670623294,1.38629436111989,0
13828,213.81,1,311,311,213.81,21.8666666666667,15,0.0692955347916948,2.68683618862663,0,0,0,0,5.36975391648589,5.36975391648589,0.693147180559945,0
13829,102,1,12,12,102,420.813194444444,1,1,0,102,1,-102,1,4.63472898822964,4.63472898822964,0.693147180559945,4.63472898822964
13830,155.9,1,47,47,155.9,581.059722222222,11,0.0989793789788935,2.34797575718929,20.9,1,-20.9,1,5.05560865973899,5.05560865973899,0.693147180559945,3.08648663682246
13831,6982.78,18,141.166666666667,369.2,387.932222222222,15.88125,122,0.17149093857014,2.93673021935718,14.4,2,-14.4,1,8.85134559645055,5.96340509250501,2.94443897916644,2.73436750941958
13832,613.69,2,211,375.7,306.845,18.8847222222222,54,0.0550221111886131,3.27038175743889,11.25,1,-11.25,1,6.42111807568238,5.72959640954918,1.09861228866811,2.50552593699074
13833,701.36,2,122,125.6,350.68,159.015972222222,43,0.0345318349310396,3.58478440740907,0,0,0,0,6.55444609309113,5.86272167121526,1.09861228866811,0
13834,324.19,2,110.5,171.25,162.095,576.140972222222,15,0.089309642896362,2.57177335622339,72.3,1,-76.3,0.947575360419397,5.78440962689335,5.09433285311782,1.09861228866811,4.29456060889261
13835,1095.27,7,74.2857142857143,150.1,156.467142857143,24.8840277777778,60,0.0214478428948092,3.984861804749,50.45,1,-50.45,1,6.99966878753366,5.05921681972213,2.07944154167984,3.94061046228006
13836,620.37,2,136.5,169.35,310.185,398.971527777778,29,0.0432761406923691,3.26600514575669,17.85,1,-17.85,1,6.43192671771177,5.74038759062842,1.09861228866811,2.93651291389402
13837,271.24,2,91.5,118.05,135.62,211.069444444444,17,0.108367936939445,2.44047848532235,0,0,0,0,5.60668403019265,4.9172033493037,1.09861228866811,0
13838,1966.09,10,79.4,163.3,196.609,5.07638888888889,334,0.00569537694568445,5.45392134424558,0,0,0,0,7.58431057229912,5.28629033083526,2.39789527279837,0
13839,139.95,1,25,25,139.95,485.998611111111,7,0.157898606415474,1.90111054132539,0,0,0,0,4.94840521756012,4.94840521756012,0.693147180559945,0
13840,651.4,1,358,358,651.4,416.011111111111,40,0.0292351119418849,3.61522625291822,0,0,0,0,6.48065787074686,6.48065787074686,0.693147180559945,0
13841,85,1,100,100,85,252.069444444444,1,1,0,0,0,0,0,4.45434729625351,4.45434729625351,0.693147180559945,0
13842,5617.11,18,159.944444444444,414.05,312.061666666667,58.1243055555556,219,0.00788695136842444,5.1212467302979,24.95,1,-24.95,1,8.63375058739419,5.746400189239,2.94443897916644,3.2561716096119
13843,319.75,1,145,145,319.75,380.793055555556,18,0.0631104612245322,2.82175773847461,0,0,0,0,5.77066200349575,5.77066200349575,0.693147180559945,0
13844,361.62,1,196,196,361.62,10.9784722222222,20,0.0552694098098663,2.9470289053614,0,0,0,0,5.89335545399766,5.89335545399766,0.693147180559945,0
13845,312.98,1,182,182,312.98,64.2256944444444,9,0.171479811559256,1.98098162263868,0,0,0,0,5.74932928961217,5.74932928961217,0.693147180559945,0
13846,1307.79,4,176.25,304.55,326.9475,24.0298611111111,81,0.0136628681945139,4.34308116242256,17.45,1,-17.45,1,7.1768583252325,5.79285353459741,1.6094379124341,2.91506437048654
13847,310.72,1,96,96,310.72,719.089583333333,19,0.0559376776545568,2.91360797864526,0,0,0,0,5.74210534897536,5.74210534897536,0.693147180559945,0
13848,480.6,8,160,292,60.075,92.0361111111111,3,0.559210301868122,0.778955466797879,0,0,0,0,6.17711389399461,4.1121026171438,2.19722457733622,0
13849,3471.96,5,376.6,634.4,694.392,51.11875,192,0.00692254888981035,5.1274690206858,25.5,1,-25.5,1,8.15276253525765,6.54447571533733,1.79175946922805,3.27714473299218
13850,1595.48,1,944,944,1595.48,128.990277777778,93,0.0115507323463184,4.49360489364293,8.67,1,-8.67,1,7.37555648467267,7.37555648467267,0.693147180559945,2.2690283094652
13851,3940.46,8,270.625,690.65,492.5575,95.0513888888889,112,0.0267981232247966,4.24318718736677,89.7,1,-89.7,1,8.27930649202782,6.20163936677721,2.19722457733622,4.50755735712109
13852,187.35,1,85,85,187.35,610.197222222222,11,0.0914005824355241,2.39512189588465,16.9,1,-16.9,1,5.23830193413805,5.23830193413805,0.693147180559945,2.88480071284671
13853,1090.14,1,312,312,1090.14,56.9805555555556,23,0.0700005666652997,2.8968685610724,33.2,1,-33.2,1,6.9949783002402,6.9949783002402,0.693147180559945,3.53222564406856
13854,12198.36,39,94.1025641025641,201.3,312.778461538462,8.15555555555556,61,0.0736144661010617,3.10827976145868,95.75,6,-95.75,1,9.40913877032893,5.74868720039853,3.68887945411394,4.57213033190989
13855,1310.34,4,143.75,233,327.585,500.164583333333,64,0.0242636199303604,3.94671290911928,56.4,1,-56.4,1,7.17880479415206,5.79479555635675,1.6094379124341,4.05004430332552
13856,1110.83,11,96.0909090909091,183,100.984545454545,168.157638888889,34,0.0867491764515565,3.02020098609133,83.15,4,-83.15,1,7.0137625854257,4.62482128665318,2.484906649788,4.43260092063681
13857,999.17,6,130.333333333333,225,166.528333333333,392.997222222222,99,0.0195577827460018,4.21173519848954,3.9,1,-3.9,1,6.90792526453377,5.12115249118901,1.94591014905531,1.58923520511658
13858,216.17,1,75,75,216.17,56.8979166666667,11,0.0997846543040852,2.35006288393854,0,0,0,0,5.38068045697316,5.38068045697316,0.693147180559945,0
13859,515.86,2,83.5,124.45,257.93,325.858333333333,34,0.091574138560957,2.93724876332903,0,0,0,0,6.24777204480062,5.55655775489968,1.09861228866811,0
13860,1246.86,5,118.2,213.6,249.372,0.995138888888889,58,0.0239963750074557,3.89286563862304,5.9,1,-5.9,1,7.1291853631496,5.52294781188724,1.79175946922805,1.93152141160321
13861,273.26,2,112.5,122.85,136.63,428.979166666667,21,0.0554839210489183,2.95687325374555,21.95,1,-21.95,1,5.61407656157171,4.92456892499144,1.09861228866811,3.13331793650655
13862,2556.09,9,214.111111111111,290.4,284.01,17.8513888888889,114,0.0139865501123401,4.52063752758393,22.05,2,-22.05,1,7.84662517216884,5.65252426737239,2.30258509299405,3.13766576944266
13863,1239.55,4,138.25,207.5,309.8875,247.145833333333,59,0.0226640839153047,3.94016712897975,21.92,2,-21.92,1,7.12331010864767,5.73943111040246,1.6094379124341,3.13200989184654
13864,414,1,120,120,414,386,1,1,0,0,0,0,0,6.0282785202307,6.0282785202307,0.693147180559945,0
13865,501.56,4,51,57.4,125.39,58.0131944444444,26,0.0470461421072848,3.16313720844178,0,0,0,0,6.21971503579034,4.83937236465903,1.6094379124341,0
13866,145.67,1,57,57,145.67,73.9555555555555,7,0.1623457712075,1.87963622490199,0,0,0,0,4.98818516525866,4.98818516525866,0.693147180559945,0
13867,1015.29,3,171,285.8,338.43,30.8763888888889,51,0.0317568459065389,3.74138949003667,0,0,0,0,6.92391402048102,5.82726774017257,1.38629436111989,0
13868,724.98,2,292,446.8,362.49,6.84583333333333,32,0.125365978336695,2.82961518445921,0,0,0,0,6.58752246623597,5.89575178627879,1.09861228866811,0
13869,8107.67,10,435.8,847.65,810.767,122.997916666667,512,0.00501533375055009,5.78832618327405,0,0,0,0,9.00068913859298,6.69921335317204,2.39789527279837,0
13870,5712.08,15,229.933333333333,548.4,380.805333333333,1.97708333333333,159,0.0311947726600972,4.384007378628,22.24,3,-22.24,1,8.65051356177713,5.94491088011324,2.77258872223978,3.14587493198371
13871,7885.85,17,206,304,463.873529411765,22.0840277777778,191,0.0120445959528612,4.82240165224023,80.9,4,-80.9,1,8.97295209457887,6.14176538883451,2.89037175789616,4.40549899085902
13872,918.62,3,113,146.3,306.206666666667,526.927083333333,52,0.0232173483883618,3.86989111152464,28.25,3,-28.25,1,6.82396054123887,5.72752070242693,1.38629436111989,3.37587957367787
13873,1038.92,8,59,112.35,129.865,119.154166666667,55,0.0227473608903313,3.90584480887155,7.9,1,-7.9,1,6.94689906609976,4.87416625748439,2.19722457733622,2.18605127673809
13874,1960.4,7,123.428571428571,173.4,280.057142857143,357.770833333333,46,0.108864028473841,3.04513121582525,59.95,3,-59.95,1,7.58141378295822,5.63855800402334,2.07944154167984,4.11005385592728
13875,4537.37,14,219.428571428571,309.7,324.097857142857,53.1763888888889,168,0.0146580184389121,4.75957587505619,0,0,0,0,8.42032319573139,5.78412623590966,2.70805020110221,0
13876,122.7,1,36,36,122.7,63.1444444444444,7,0.152584905372132,1.91242059051074,0,0,0,0,4.81785927939844,4.81785927939844,0.693147180559945,0
13877,451.6,3,159.333333333333,197.8,150.533333333333,85.9173611111111,23,0.0636702206738996,2.96281288748578,3.35,2,-3.35,1,6.11500873319944,5.02080562275033,1.38629436111989,1.47017584510059
13878,2473.06,4,239.75,447.7,618.265,54.0631944444444,93,0.0176239964915638,4.2891994719399,0,0,0,0,7.81361580488147,6.42853329092632,1.6094379124341,0
13879,395.5,1,204,204,395.5,645.084027777778,25,0.0428429298636206,3.1847512870057,0,0,0,0,5.9826760410749,5.9826760410749,0.693147180559945,0
13880,4391.66,17,152.294117647059,255,258.332941176471,20.9625,149,0.0111105288395191,4.76334677070414,0,0,0,0,8.38769024512352,5.55811272333615,2.89037175789616,0
13881,40431.84,43,585.674418604651,1849.4,940.275348837209,3,198,0.0133622226467442,4.76530576520857,786.6,8,-786.6,1,10.6073976050354,6.84723570978702,3.78418963391826,6.66899034676497
13882,1172.72,5,190.6,371.2,234.544,2.06527777777778,54,0.0250480065256004,3.81816576225358,54,1,-59.85,0.902255639097744,7.0679334710904,5.46189773252275,1.79175946922805,4.00733318523247
13883,6560.02,15,238.933333333333,564.7,437.334666666667,10.0868055555556,212,0.00837934975124725,5.07974742318037,217.28,11,-217.28,1,8.78890135765604,6.08298269776422,2.77258872223978,5.38577864231803
13884,1888.48,10,79.7,169.9,188.848,6.84722222222222,111,0.0206197198910459,4.19749880266257,36.1,4,-36.1,1,7.54405693792273,5.24622375198972,2.39789527279837,3.61361696961339
13885,506.8,2,91,152.2,253.4,188.946527777778,28,0.0434743175527896,3.24348231938538,0,0,0,0,6.23008766927058,5.53890783146597,1.09861228866811,0
13886,243.56,1,126,126,243.56,71.0229166666667,16,0.0658277915739436,2.74542663528987,0,0,0,0,5.49946067758258,5.49946067758258,0.693147180559945,0
13887,349.55,1,147,147,349.55,203.852777777778,19,0.0604697504184273,2.87379765124968,0,0,0,0,5.85950334965298,5.85950334965298,0.693147180559945,0
13888,2169.05,7,129,244.9,309.864285714286,119.150694444444,124,0.0157346170285028,4.46956800411238,0,0,0,0,7.68250548774371,5.73935643659771,2.07944154167984,0
13889,1991.23,6,163.166666666667,260.5,331.871666666667,92.1923611111111,57,0.0294212206119168,3.76381143516688,135.5,2,-135.5,1,7.59700989332673,5.80775703031503,1.94591014905531,4.91632461462501
13890,2927.38,14,99.4285714285714,185,209.098571428571,0.884722222222222,102,0.0149395138199375,4.40063899273921,68.65,8,-68.65,1,7.98220464808109,5.3475768083446,2.70805020110221,4.24348270022581
13891,861.61,3,159.666666666667,246.4,287.203333333333,377.870138888889,97,0.0191680713780181,4.1870269267646,0,0,0,0,6.75996267700534,5.66366624954064,1.38629436111989,0
13892,822.09,6,242.833333333333,572.25,137.015,26.0416666666667,33,0.0572312928740844,3.17362106235103,0,0,0,0,6.71306555071272,4.92736237490243,1.94591014905531,0
13893,821.1,1,190,190,821.1,297.055555555556,21,0.170070192723666,2.41457760131987,0,0,0,0,6.71186204215809,6.71186204215809,0.693147180559945,0
13894,564.62,3,118,137.7,188.206666666667,23.1291666666667,25,0.0756223156158292,2.96357793588062,28.65,2,-28.65,1,6.33792247463611,5.24283989207875,1.38629436111989,3.38946212544373
13895,3934.62,6,343.333333333333,487.75,655.77,27.8284722222222,155,0.0123880946477472,4.77308715391113,22.95,2,-84.9,0.270318021201413,8.27782370879596,6.48733388109017,1.94591014905531,3.17596832385692
13896,388.55,1,149,149,388.55,625.163194444444,19,0.0846920522422495,2.73359185120792,0,0,0,0,5.96499222677687,5.96499222677687,0.693147180559945,0
13897,1160.72,3,273.333333333333,414.2,386.906666666667,49.9722222222222,58,0.0231216262256997,3.93953389821054,0,0,0,0,7.05765694451998,5.96076476085834,1.38629436111989,0
13898,687.84,2,272,397.1,343.92,325.098611111111,43,0.0281755302770337,3.66078232944275,0,0,0,0,6.5350090234367,5.84331250608412,1.09861228866811,0
13899,388.52,2,78,117.6,194.26,15.9652777777778,19,0.06329427131515,2.86315983959089,0,0,0,0,5.96491521187445,5.27433200379753,1.09861228866811,0
13900,1610.59,6,156.333333333333,252.75,268.431666666667,182.766666666667,80,0.0199252042980252,4.17724017726897,2.5,1,-2.5,1,7.38497654828429,5.59631480223046,1.94591014905531,1.25276296849537
13901,5611.54,15,222.933333333333,580.9,374.102666666667,71.9597222222222,282,0.00475291448200903,5.50995558813101,77,5,-77,1,8.63275865897389,5.92719976627789,2.77258872223978,4.35670882668959
13902,2258.46,5,1353.2,3201.6,451.692,631.986805555556,58,0.0280946584441236,3.85685943905787,227.2,3,-3684,0.0616720955483171,7.72288112566299,6.11521198253847,1.79175946922805,5.43022243742798
13903,165.45,1,103,103,165.45,399.795833333333,10,0.100876288108998,2.29829735068204,0,0,0,0,5.11469496402103,5.11469496402103,0.693147180559945,0
13904,332.64,2,166,217.3,166.32,36.9645833333333,24,0.0477342873176207,3.10047947245033,0,0,0,0,5.81006256737341,5.119908146574,1.09861228866811,0
13905,312.65,1,135,135,312.65,732.047916666667,12,0.210891985216679,2.03042746317676,68.2,2,-68.2,1,5.74827771454275,5.74827771454275,0.693147180559945,4.23700086262362
13906,42,1,100,100,42,408.951388888889,1,1,0,0,0,0,0,3.76120011569356,3.76120011569356,0.693147180559945,0
13907,136.8,1,68,68,136.8,691.019444444444,4,0.259926131117267,1.36602842657172,0,0,0,0,4.92580335857956,4.92580335857956,0.693147180559945,0
13908,2337.55,4,369.5,529.3,584.3875,79.0840277777778,104,0.0148325593895688,4.45073401139409,22.5,1,-22.5,1,7.75728635816465,6.37227402110873,1.6094379124341,3.15700042115011
13909,287.8,2,151,164.5,143.9,422.852777777778,36,0.0398525272115365,3.39018771057146,0,0,0,0,5.66573440701867,4.97604384932664,1.09861228866811,0
13911,4165.15,20,206.35,445.35,208.2575,56.9215277777778,178,0.0212352478497292,4.75717119932614,34.95,2,-34.95,1,8.33474762693365,5.34356555102117,3.04452243772342,3.58212908416706
13912,124.95,1,29,29,124.95,423.213194444444,7,0.146240969376946,1.93402564272406,0,0,0,0,4.83588500279862,4.83588500279862,0.693147180559945,0
13913,42.22,1,10,10,42.22,506.152083333333,3,0.33646330683988,1.09398898808808,0,0,0,0,3.76630335107874,3.76630335107874,0.693147180559945,0
13914,627.41,2,190,248.5,313.705,11.09375,29,0.0476568164985401,3.19614522372206,12.5,1,-12.5,1,6.44319281968578,5.75163569209159,1.09861228866811,2.60268968544438
13915,70.8,1,24,24,70.8,393.897916666667,2,0.625,0.562335144618808,39.6,1,-39.6,1,4.27388447605418,4.27388447605418,0.693147180559945,3.70376806660769
13916,1164.91,4,168.25,261.9,291.2275,463.156944444444,72,0.0163433515949443,4.20532933043375,15.3,1,-15.3,1,7.06125717696739,5.677532608509,1.6094379124341,2.79116510781272
13917,272.76,2,114,182.4,136.38,49.1625,16,0.0899085999302218,2.56334219031683,0,0,0,0,5.61225181014388,4.92275080878574,1.09861228866811,0
13918,1024.44,2,390,651,512.22,49.0590277777778,30,0.0634371910066604,3.1016195894433,0,0,0,0,6.93287706775592,6.24070460314347,1.09861228866811,0
13919,1360.68,4,283.25,471.45,340.17,58.9763888888889,66,0.0247254324216873,3.9787583853862,34.65,1,-34.65,1,7.21647451049972,5.83238088678121,1.6094379124341,3.57374914686031
13920,1776.6,4,443,585.85,444.15,431.050694444444,82,0.0213902342900956,4.16249529523683,39.8,1,-39.8,1,7.48301941888537,6.09841130401968,1.6094379124341,3.70868208141012
13921,730.7,4,52.5,74.45,182.675,401.845833333333,36,0.0415542900243816,3.41793427230807,9.95,1,-9.95,1,6.59537059388998,5.21316789150634,1.6094379124341,2.39333945626251
13922,865.2,3,155.666666666667,225.4,288.4,351.091666666667,30,0.0508294242855027,3.19120883985756,40.5,2,-40.5,1,6.76411582878053,5.66780981419738,1.38629436111989,3.72569342723665
13923,351.13,1,185,185,351.13,53.0534722222222,20,0.0676783745892522,2.8142885242693,0,0,0,0,5.86400042559874,5.86400042559874,0.693147180559945,0
13924,1849.83,6,262.5,590.75,308.305,1.13263888888889,90,0.0176682701333238,4.27125619674088,156.77,5,-156.77,1,7.52338946610831,5.73432784509544,1.94591014905531,5.06113827626936
13925,678.25,4,82.75,188.45,169.5625,92.04375,28,0.0467748764226359,3.19619613219388,61.6,2,-61.6,1,6.52098924830646,5.13910179846856,1.6094379124341,4.13676527810605
13926,201.9,1,104,104,201.9,22.9819444444444,11,0.113743851440047,2.27016271441826,0,0,0,0,5.31271324683177,5.31271324683177,0.693147180559945,0
13927,708.26,2,231.5,247.25,354.13,74.0763888888889,39,0.03180919590502,3.57175496344396,18.3,1,-18.3,1,6.56422217299034,5.87248391962469,1.09861228866811,2.96010509591084
13928,464.57,4,32.25,60.55,116.1425,10.0951388888889,23,0.0486474163806374,3.07690958682212,0,0,0,0,6.14326246135164,4.76339114241785,1.6094379124341,0
13929,3366.66,11,111.818181818182,331.5,306.06,168.933333333333,38,0.174253334842443,2.626547968468,176,3,-176,1,8.12197342014765,5.72704316823075,2.484906649788,5.17614973257383
13930,337.34,2,137,202.7,168.67,57.1701388888889,15,0.0752773761714189,2.64460203164252,0,0,0,0,5.82405130704715,5.13385537405485,1.09861228866811,0
13931,5186.82,11,286.545454545455,590,471.529090909091,95.1513888888889,211,0.00936078018409031,5.08219280595355,6.6,1,-6.6,1,8.55406884938339,6.15809931310013,2.484906649788,2.02814824729229
13932,307.4,1,72,72,307.4,294.033333333333,16,0.0711732057946917,2.70948121958916,0,0,0,0,5.73139764168917,5.73139764168917,0.693147180559945,0
13933,608.79,2,102.5,111.95,304.395,108.990972222222,23,0.0550065256601054,3.02068882311454,0,0,0,0,6.41311463560041,5.72160602067932,1.09861228866811,0
13934,922.1,1,390,390,922.1,263.174305555556,31,0.0467651797154266,3.24929312588828,0,0,0,0,6.82773757099611,6.82773757099611,0.693147180559945,0
13935,6022.52,3,724,1344.9,2007.50666666667,596.103472222222,70,0.021450124861611,4.02685287904118,0,0,0,0,8.70342708503011,7.60514677302045,1.38629436111989,0
13936,933.43,3,220.333333333333,321.1,311.143333333333,179.210416666667,56,0.0222853392391427,3.91004044785248,15.3,1,-15.3,1,6.83993671772295,5.74346248402623,1.38629436111989,2.79116510781272
13937,880.13,2,293.5,446.95,440.065,168.885416666667,53,0.0202606829975783,3.93363997177869,12.75,1,-12.75,1,6.78120517464171,6.08919225687592,1.09861228866811,2.62103882411258
13938,71.66,1,70,70,71.66,34.9256944444444,7,0.170407221935008,1.85979152073736,0,0,0,0,4.28579102679306,4.28579102679306,0.693147180559945,0
13939,1563.6,7,229.714285714286,468.3,223.371428571429,22.9701388888889,91,0.0230486455059302,4.19783161630347,27.3,3,-27.3,1,7.35538547925098,5.41330284188546,2.07944154167984,3.34286180464919
13940,839.14,4,129,140,209.785,16.8993055555556,39,0.0368604991314058,3.47374375063176,0,0,0,0,6.73356854461668,5.35083865664014,1.6094379124341,0
13941,10486.1,15,318.533333333333,731.799999999999,699.073333333333,21.1298611111111,43,0.090729258790393,2.9603910476433,276.15,2,-276.15,1,9.25790120940447,6.55118509146102,2.77258872223978,5.62455887586581
13942,38.4,1,120,120,38.4,534.052083333333,1,1,0,0,0,0,0,3.67376581630389,3.67376581630389,0.693147180559945,0
13943,246.54,1,94,94,246.54,577.097222222222,15,0.0687180867953286,2.69307555925414,0,0,0,0,5.51157218511188,5.51157218511188,0.693147180559945,0
13944,200.43,1,153,153,200.43,652.908333333333,35,0.0312851168819548,3.51025065683089,0,0,0,0,5.30544192649033,5.30544192649033,0.693147180559945,0
13945,854.15,2,206.5,316.75,427.075,394.118055555556,49,0.0356219818936432,3.65209075386411,0,0,0,0,6.7512768921457,6.05929841387503,1.09861228866811,0
13946,1456.87,6,209.833333333333,340,242.811666666667,79.0118055555556,49,0.102149969510368,2.76506365105448,130.8,1,-130.8,1,7.28473174535601,5.49639606933401,1.94591014905531,4.88128562206841
13947,90.6,1,44,44,90.6,64.9638888888889,5,0.203653348537345,1.59974436786714,0,0,0,0,4.51743127168008,4.51743127168008,0.693147180559945,0
13948,549.24,4,62,76.35,137.31,360.105555555556,23,0.0543441219729074,3.01492210356585,11.9,1,-11.9,1,6.31035454668396,4.92949754263662,1.6094379124341,2.55722731136763
13949,2456.56,6,412.333333333333,640.25,409.426666666667,2.13541666666667,124,0.025414494065073,4.32994451264827,0,0,0,0,7.80692426677923,6.01719726900359,1.94591014905531,0
13950,745.06,4,80.75,115,186.265,10.9208333333333,33,0.0486926529463232,3.2853200448611,16.5,1,-16.5,1,6.61480602592395,5.23252472599803,1.6094379124341,2.86220088092947
13951,676.85,3,153,171.9,225.616666666667,175.879861111111,38,0.0317022586732145,3.55113523858071,0,0,0,0,6.5189260245254,5.42325989693359,1.38629436111989,0
13952,12808.37,14,423.071428571429,939.2,914.883571428571,217.201388888889,264,0.00730070967755666,5.22075694369509,32.63,3,-32.63,1,9.45793221335352,6.81988925116823,2.70805020110221,3.51541852575218
13953,2065.68,12,130.333333333333,180.6,172.14,6.86527777777778,8,0.762166769534564,0.620476451396195,0,0,0,0,7.63369873395717,5.15410051578763,2.56494935746154,0
13954,439.92,2,75,98.4,219.96,1,24,0.0510055468184944,3.08340870975867,61.33,1,-61.33,1,6.08886345309511,5.39798168966098,1.09861228866811,4.13244285082076
13955,545.17,3,91.3333333333333,119,181.723333333333,153.854861111111,82,0.0284510674016484,3.90981578322574,0,0,0,0,6.30293028259525,5.20797316915005,1.38629436111989,0
13956,1014.47,5,98.2,215.4,202.894,4.97916666666667,123,0.0186191000603263,4.4020575115034,0,0,0,0,6.92310683848657,5.31760025095814,1.79175946922805,0
13957,458.25,3,52.3333333333333,70.5,152.75,417.158333333333,23,0.0497388826833267,3.07168065411393,0,0,0,0,6.12959472409524,5.03532790668663,1.38629436111989,0
13958,4709.23,8,283,813.2,588.65375,379.110416666667,172,0.0123456055641513,4.79261902076734,306.9,4,-306.9,1,8.45749201808997,6.37953550022067,2.19722457733622,5.72977505493045
13959,1076.18,6,116.666666666667,211.5,179.363333333333,78.9472222222222,119,0.0246758341590974,4.21730022975228,0,0,0,0,6.98210179411079,5.19497333493751,1.94591014905531,0
13960,230.22,2,71,98.9,115.11,20.8909722222222,11,0.154201145194157,2.13429880214309,0,0,0,0,5.44336963824718,4.75453801763891,1.09861228866811,0
13961,538.4,1,226,226,538.4,391.923611111111,19,0.091817353685677,2.65682089790805,39.7,1,-39.7,1,6.29045741070563,6.29045741070563,0.693147180559945,3.70622809244855
13962,358.85,3,53.3333333333333,71.4,119.616666666667,21.16875,23,0.0467919844189778,3.09925894820904,0,0,0,0,5.88568727795381,4.79261747264403,1.38629436111989,0
13963,3009.66,17,121.235294117647,326.8,177.038823529412,307.921527777778,135,0.0109885764558902,4.70745751384102,103.5,1,-112.25,0.922048997772829,8.00991460280996,5.18200163622542,2.89037175789616,4.64918707140487
13964,438.9,2,114,170.7,219.45,386.95625,22,0.0782850724441544,2.87820136055076,17,1,-17,1,6.08654742835467,5.39567091180395,1.09861228866811,2.89037175789616
13965,996.61,3,141.666666666667,234.9,332.203333333333,476.131944444444,23,0.111950130442305,2.6090939790452,218.95,2,-218.95,1,6.90536241837332,5.80875291424425,1.38629436111989,5.39340024779473
13966,320.3,1,436,436,320.3,435.029166666667,21,0.0516994048956406,3.00164306907516,0,0,0,0,5.77237526612181,5.77237526612181,0.693147180559945,0
13967,166.3,2,33,41.1,83.15,145.075,4,0.336963930388285,1.20186784631574,0,0,0,0,5.11978860799278,4.43260092063681,1.09861228866811,0
13968,123.66,1,174,174,123.66,423.019444444444,8,0.144603894653156,2.0101472735709,0,0,0,0,4.8255900313807,4.8255900313807,0.693147180559945,0
13969,13106.71,35,194.771428571429,516,374.477428571429,6.90208333333333,494,0.00667718254193013,5.50699114214031,109.2,4,-153.1,0.713259307642064,9.48095588568016,5.92819835906841,3.58351893845611,4.70229689671881
13970,707.35,2,186.5,256.25,353.675,385.978472222222,10,0.205798656663276,1.85677626327445,0,0,0,0,6.56293832182536,5.87120187719805,1.09861228866811,0
13971,4667.57,14,220.285714285714,266.3,333.397857142857,18.0305555555556,191,0.00813296557317855,5.03376575761426,73.74,4,-73.74,1,8.44860809392103,5.8123314731244,2.70805020110221,4.31401542405734
13972,190.75,2,93.5,139.85,95.375,70.0805555555555,15,0.0768754502558535,2.62987968978445,0,0,0,0,5.25619244024737,4.56824683188349,1.09861228866811,0
13973,264.7,1,109,109,264.7,286.895138888889,11,0.132045544428125,2.21344422557641,0,0,0,0,5.58236785276577,5.58236785276577,0.693147180559945,0
13974,677.72,2,178,241.9,338.86,48.9645833333333,43,0.0245853334723911,3.73165480581149,14.2,2,-14.2,1,6.52020867137632,5.82853376810596,1.09861228866811,2.72129542785223
13975,5359.8,12,327.833333333333,565.25,446.65,30.9798611111111,448,0.00498933932055893,5.66817663717675,31.55,2,-31.55,1,8.58686849665896,6.10401167708017,2.56494935746154,3.48277736865458
13976,1192.36,4,113,148.6,298.09,206.192361111111,50,0.0308554514847664,3.71609986232182,0,0,0,0,7.08452813684567,5.70074453144275,1.6094379124341,0
13977,519.81,1,303,303,519.81,410.9875,13,0.121180719806249,2.32537736875403,0,0,0,0,6.2553852919389,6.2553852919389,0.693147180559945,0
13978,201.59,2,157.5,283.05,100.795,14.0513888888889,14,0.142788171011538,2.18967553595123,0,0,0,0,5.31118423225486,4.62296098699664,1.09861228866811,0
13979,3417.79,7,328,729.3,488.255714285714,73.0125,359,0.00458242069553033,5.58085605198931,89.4,4,-89.4,1,8.13704196628466,6.19288528589263,2.07944154167984,4.50424426739813
13980,800.9,5,95.4,170,160.18,60.0111111111111,57,0.0361243772437865,3.67354198607661,46.8,4,-46.8,1,6.68698391181298,5.08252175289637,1.79175946922805,3.86702563949741
13981,332.1,1,234,234,332.1,415.157638888889,22,0.0515064310668534,3.02272610029468,3.75,1,-3.75,1,5.80844274519963,5.80844274519963,0.693147180559945,1.55814461804655
13982,4445.59,9,304,512,493.954444444444,38.8513888888889,134,0.0565870774493963,4.0828616555017,26.8,4,-26.8,1,8.39989278927356,6.20446572690817,2.30258509299405,3.32503602069659
13983,6331.33,21,196.809523809524,440,301.491904761905,29.0722222222222,243,0.0107520121104211,4.96822820932053,115.04,9,-115.04,1,8.7534235358779,5.71205451599514,3.09104245335832,4.7539349592532
13984,1743.32,12,94.4166666666667,178.4,145.276666666667,26.0083333333333,53,0.124374151704063,2.83208324601759,127.2,1,-432.48,0.294117647058824,7.46412007387592,4.98549980567308,2.56494935746154,4.85359154448657
13985,10021.28,22,224.454545454545,355,455.512727272727,3.82222222222222,157,0.0129961383237891,4.63741952396375,38.55,2,-38.55,1,9.21256589366462,6.12361657976188,3.13549421592915,3.67756569421366
13986,290.22,1,358,358,290.22,16.9097222222222,12,0.132380181707649,2.25220877484887,0,0,0,0,5.67407899528276,5.67407899528276,0.693147180559945,0
13987,682.54,2,246,321.6,341.27,379.104166666667,46,0.0242546781108404,3.77253496666582,0,0,0,0,6.52728517676327,5.83559989927639,1.09861228866811,0
13988,4720.02,8,423.125,881.75,590.0025,19.1076388888889,220,0.00753474318790722,5.14650592474278,49.16,3,-49.16,1,8.45978015692791,6.38182024751559,2.19722457733622,3.91521789632467
13989,1975.9,5,419.8,753.6,395.18,65.16875,63,0.0266099642552159,3.87441065398041,0,0,0,0,7.58928524020189,5.98186865343454,1.79175946922805,0
13990,311.3,1,190,190,311.3,212.938194444444,16,0.0725200425270688,2.69456311264782,0,0,0,0,5.74396426428903,5.74396426428903,0.693147180559945,0
13991,856.41,6,166.333333333333,291.5,142.735,11.8555555555556,59,0.0322999349016219,3.6720464675957,5.34,1,-5.34,1,6.75391621726358,4.96797132640676,1.94591014905531,1.84687876844913
13992,219.5,3,51.3333333333333,62.6,73.1666666666667,29.89375,10,0.176233000036322,2.03843371638477,0,0,0,0,5.3958976948869,4.30631481293819,1.38629436111989,0
13993,6707.91,19,112.368421052632,201.2,353.047894736842,42.1972222222222,125,0.017788890697312,4.42377966818565,85.35,5,-85.35,1,8.81119177265699,5.8694321998489,2.99573227355399,4.45840880459269
13994,2313.14,6,156.666666666667,339.5,385.523333333333,3.07291666666667,122,0.0122272270211357,4.5894107940298,0,0,0,0,7.74679340721995,5.95719223705473,1.94591014905531,0
13995,3902.01,14,168.5,343.8,278.715,14.9361111111111,152,0.0120117580295141,4.72930028103415,65.75,4,-65.75,1,8.26950332930903,5.63377122765803,2.70805020110221,4.20095429728036
13996,853.44,2,294.5,315.65,426.72,385.849305555556,29,0.0502138233230548,3.16857404437974,0,0,0,0,6.75044628358947,6.05846877588846,1.09861228866811,0
13997,382.31,3,48.6666666666667,90.5,127.436666666667,518.822222222222,36,0.0477003930464017,3.32813556924417,0,0,0,0,5.94884406127134,4.85543591642944,1.38629436111989,0
13998,566.7,3,68,127.3,188.9,446.145833333333,30,0.0368124734916568,3.35292555637756,0,0,0,0,6.34159311017668,5.24649761781824,1.38629436111989,0
13999,9502.5,29,173.896551724138,263.8,327.672413793103,9.96527777777778,201,0.0123563037999181,4.82186721300094,64.25,7,-64.25,1,9.15941543079089,5.79506155196756,3.40119738166216,4.1782260462028
14000,1994.26,5,348.4,624.4,398.852,210.875,28,0.0551169210341693,3.07421860506564,168.75,3,-168.75,1,7.59852964664683,5.99109447864109,1.79175946922805,5.13432676643881
14001,4530.09,9,208.111111111111,454.8,503.343333333333,45.1381944444444,63,0.0371694715442222,3.63319199671614,12.75,1,-12.75,1,8.41871780763473,6.22325725307965,2.30258509299405,2.62103882411258
14002,555.25,2,438.5,780.05,277.625,133.913194444444,47,0.0257583726700293,3.74093677890227,0,0,0,0,6.32121783348045,5.62986679170603,1.09861228866811,0
14003,209.41,1,149,149,209.41,732.164583333333,16,0.0679765995171441,2.72285610074481,0,0,0,0,5.34905800825122,5.34905800825122,0.693147180559945,0
14004,6258.45,11,311.363636363636,502.5,568.95,42.9652777777778,131,0.0123685850663545,4.59971208986449,0,0,0,0,8.74184760080936,6.34554863768279,2.484906649788,0
14005,2824.8,5,471.6,1083.6,564.96,9.00625,53,0.0435136376749975,3.48871549654546,0,0,0,0,7.94654678933171,6.33852340432775,1.79175946922805,0
14006,2145.79,7,304.714285714286,634.6,306.541428571429,115.174305555556,58,0.040075960997642,3.61178496820524,0,0,0,0,7.67172898219605,5.72860980523325,2.07944154167984,0
14007,79.48,1,16,16,79.48,512.197222222222,5,0.204710461988836,1.59780174714307,0,0,0,0,4.38800870635143,4.38800870635143,0.693147180559945,0
14008,509.04,1,326,326,509.04,432.028472222222,32,0.0327822544074977,3.44316962112623,15.3,1,-15.3,1,6.23448915401534,6.23448915401534,0.693147180559945,2.79116510781272
14009,1099.91,3,317,549.7,366.636666666667,197.91875,72,0.01579541724353,4.20709730784411,9.68,1,-9.68,1,7.00389238951226,5.90709513160805,1.38629436111989,2.36837283353205
14010,445.15,2,88.5,151.05,222.575,565.034722222222,20,0.116958822702163,2.45352744863578,157.05,1,-157.05,1,6.10065521834616,5.40974692823225,1.09861228866811,5.06291143866163
14011,457.82,2,322,442.6,228.91,479.929861111111,32,0.0367319634256307,3.39142510567989,5.9,1,-5.9,1,6.12865797628419,5.43768792799584,1.09861228866811,1.93152141160321
14012,328.8,1,160,160,328.8,277.016666666667,11,0.0979620281078137,2.35377767313009,0,0,0,0,5.7984864101255,5.7984864101255,0.693147180559945,0
14013,1088.89,5,155,252.2,217.778,109.950694444444,57,0.025401968424736,3.86642507859525,77.4,1,-78.35,0.987874920229739,6.99383205269949,5.38805751704642,1.79175946922805,4.36182392735636
14014,1925.65,3,636,1022.4,641.883333333333,77.0222222222222,76,0.0339834481263099,3.86146439553189,0,0,0,0,7.56353802244187,6.46596326661396,1.38629436111989,0
14015,917.34,1,378,378,917.34,52.1583333333333,20,0.0679682125515448,2.82032965147916,0,0,0,0,6.82256769242069,6.82256769242069,0.693147180559945,0
14016,11276.38,11,520.181818181818,699.5,1025.12545454545,161.097916666667,360,0.00778763102151495,5.46471040904305,23.7,2,-23.7,1,9.33055422856977,6.93354529364112,2.484906649788,3.20680324363393
14017,229.75,1,73,73,229.75,570.956944444444,14,0.0759556266510057,2.60900508478183,0,0,0,0,5.44133487338296,5.44133487338296,0.693147180559945,0
14018,367.15,1,224,224,367.15,644.935416666667,13,0.100056907269556,2.41982076499492,0,0,0,0,5.90849046381473,5.90849046381473,0.693147180559945,0
14019,1412.97,3,337.666666666667,446,470.99,46.1506944444444,38,0.0409196620963888,3.39380428761168,22.65,1,-22.65,1,7.25415662982409,6.15695779892044,1.38629436111989,3.16336311493794
14020,1249.01,4,162,248.85,312.2525,16.1444444444444,63,0.020390863553414,4.02430163931128,35.75,1,-35.75,1,7.13090683026435,5.7470095745903,1.6094379124341,3.60413822565885
14021,1716.58,7,125.428571428571,305.4,245.225714285714,154.919444444444,84,0.0190714823240808,4.23613633367601,0,0,0,0,7.44867160234214,5.50624865299872,2.07944154167984,0
14022,792.15,2,340.5,472.35,396.075,224.965972222222,45,0.0262462373155059,3.71668897376994,0,0,0,0,6.67601235885446,5.98412517972122,1.09861228866811,0
14023,584.07,2,172.5,181.95,292.035,6.95277777777778,30,0.0416850069477605,3.29730808003884,0,0,0,0,6.37173149819305,5.68029205580793,1.09861228866811,0
14024,645.74,3,79.3333333333333,97.9,215.246666666667,121.097222222222,33,0.0326299025944323,3.46113398662368,0,0,0,0,6.47194435902159,5.376419731435,1.38629436111989,0
14025,3935.26,8,240,529.4,491.9075,464.152083333333,61,0.0368895963352536,3.69682923076449,88.8,2,-88.8,1,8.27798631290105,6.20032152966374,2.19722457733622,4.49758497530815
14026,713.11,2,213.5,241.85,356.555,470.138194444444,41,0.0294294412950873,3.61942271189953,0,0,0,0,6.57103701209796,5.8792891964548,1.09861228866811,0
14027,104.82,1,62,62,104.82,60.2006944444444,6,0.186905412140004,1.7291768846285,0,0,0,0,4.66173953747599,4.66173953747599,0.693147180559945,0
14028,1566,3,360,360,522,550.011805555556,3,0.333333333333333,1.09861228866811,540,2,-7221,0.0747818861653511,7.35691824235602,6.25958146406492,1.38629436111989,6.29341927884648
14029,467.66,2,99,166.5,233.83,62.9611111111111,15,0.091518618533173,2.5368506178642,0,0,0,0,6.14987755885026,5.45886184810572,1.09861228866811,0
14030,7458.34,20,217.5,449.15,372.917,17.8347222222222,597,0.00431810611912147,5.89894301211249,116.7,2,-116.7,1,8.91722221743407,5.92403384765182,3.04452243772342,4.76813901426623
14031,38793.97,44,304.068181818182,724.6,881.681136363636,6.81736111111111,294,0.0262779443193616,4.3441608170508,2348.58,11,-2973.2,0.789916588187811,10.5660458780322,6.78296402141564,3.80666248977032,7.76199186776102
14032,4818.59,16,232.75,354.5,301.161875,1.89375,83,0.0440431920172218,3.72161276870307,64.2,9,-64.2,1,8.48044414118598,5.71096288370663,2.83321334405622,4.17745946893261
14033,25.2,1,120,120,25.2,554.944444444444,1,1,0,0,0,0,0,3.26575941076705,3.26575941076705,0.693147180559945,0
14034,636.02,3,141,276.2,212.006666666667,21.95,82,0.0461934813183761,3.61426234166011,139.8,1,-139.8,1,6.45680105225354,5.36132346412416,1.38629436111989,4.94734044372394
14035,2856.72,9,157.666666666667,290,317.413333333333,28.1159722222222,71,0.0693760356074271,3.22447767545188,4.25,2,-4.25,1,7.95777938308156,5.76335032914035,2.30258509299405,1.65822807660353
14036,626.65,1,268,268,626.65,284.141666666667,38,0.0297941818503006,3.57247337135557,0,0,0,0,6.44198268626422,6.44198268626422,0.693147180559945,0
14037,837.76,6,98.3333333333333,210.25,139.626666666667,175.995138888889,97,0.0317110557420282,4.1006750063035,81,1,-81,1,6.73192461071854,4.9461086247403,1.94591014905531,4.40671924726425
14038,3069.88,5,341.6,476,613.976,78.0090277777778,110,0.0146721354940799,4.47566791096076,68.95,3,-68.95,1,8.02971944445757,6.4215832426548,1.79175946922805,4.24778070111149
14039,267.28,2,96,99.6,133.64,32.9597222222222,10,0.176200601382459,1.99929230143106,0,0,0,0,5.59203121123154,4.90260454988255,1.09861228866811,0
14040,12645.3,35,144.114285714286,303.4,361.294285714286,40.0055555555556,364,0.012117428992845,5.08133635315349,187.73,7,-187.73,1,9.44511996125351,5.89245682552792,3.58351893845611,5.24031742225005
14041,141.41,1,94,94,141.41,265.975694444444,21,0.165559953100668,2.28374893903099,0,0,0,0,4.95871022123134,4.95871022123134,0.693147180559945,0
14042,431.98,1,180,180,431.98,724.904861111111,21,0.0779242053492517,2.84458561241241,0,0,0,0,6.07069153755928,6.07069153755928,0.693147180559945,0
14043,306.41,2,76.5,83.25,153.205,490.813888888889,37,0.061391037006717,3.11483574330815,2.95,1,-2.95,1,5.72818236147974,5.03828288602507,1.09861228866811,1.37371557891303
14044,3014.02,10,179,439.05,301.402,26.03125,553,0.0045893963869269,5.88045352310693,16.95,1,-16.95,1,8.01136174263845,5.71175725804012,2.39789527279837,2.88759011493429
14045,9812.28,16,218.75,492,613.2675,108.932638888889,19,0.256298910412173,1.95259882535309,1468.8,3,-1652.4,0.888888888888889,9.19149184937732,6.42043050102395,2.83321334405622,7.29288161609477
14046,155.88,1,460,460,155.88,283.918055555556,14,0.130364833255403,2.30913615560242,0,0,0,0,5.05548118188809,5.05548118188809,0.693147180559945,0
14047,4255.03,14,117.785714285714,238.8,303.930714285714,8.04652777777778,93,0.0373078267706478,3.86486840663564,96.3,5,-96.3,1,8.35609207986882,5.7200845845249,2.70805020110221,4.57779898919196
14048,726.74,3,155.666666666667,277,242.246666666667,304.914583333333,126,0.0133437850760702,4.58084140219927,34.8,1,-34.8,1,6.58994384154884,5.49407601764917,1.38629436111989,3.57794789340665
14049,13003.57,13,662.230769230769,1441,1000.27461538462,16.0208333333333,586,0.00603257805869815,5.70089242867711,175,5,-175,1,9.47305611313004,6.90902908273417,2.63905732961526,5.17048399503815
14050,746.84,2,344.5,436.75,373.42,31.1180555555556,49,0.0271990325612099,3.76419722035478,0,0,0,0,6.61718905135049,5.92537816198012,1.09861228866811,0
14051,22434,37,160.72972972973,289.6,606.324324324324,0.104166666666667,90,0.0371962740793,3.75434495855327,329.5,5,-329.5,1,10.0183775184101,6.40906295532771,3.63758615972639,5.80060665929174
14052,480.81,2,93.5,97.55,240.405,19.0138888888889,115,0.0160404951683516,4.40515234042952,0,0,0,0,6.17754984546559,5.48647602095929,1.09861228866811,0
14053,561.7,4,120,137.75,140.425,123.974305555556,2,0.758912951156154,0.405325279209175,0,0,0,0,6.33274662643923,4.95176954122922,1.6094379124341,0
14054,92.46,1,62,62,92.46,64.9173611111111,6,0.170835998603602,1.77779213567137,0,0,0,0,4.53753353727228,4.53753353727228,0.693147180559945,0
14055,1512.32,3,232,360,504.106666666667,105.948611111111,33,0.0960774010658169,3.01171123710493,0,0,0,0,7.32206119175578,6.22476962809343,1.38629436111989,0
14056,8214.81,23,185.782608695652,339,357.165652173913,0.968055555555556,330,0.0120953269003466,5.04255003614291,90.25,6,-90.25,1,9.01381562573243,5.88099559495045,3.17805383034795,4.5136029924626
14057,8237,22,290.409090909091,501.55,374.409090909091,23.0958333333333,246,0.0173207528120619,4.79226171492086,70.56,1,-70.56,1,9.01651287499603,5.9280163404524,3.13549421592915,4.27053625864052
14058,469.19,2,105.5,124.85,234.595,462.179861111111,23,0.0572877546850219,3.00130279652573,0,0,0,0,6.15313686833409,5.46211422914137,1.09861228866811,0
14059,183.6,1,128,128,183.6,266.113888888889,8,0.154641377248067,1.9798183192999,0,0,0,0,5.21819132206875,5.21819132206875,0.693147180559945,0
14060,9407.72,30,265.033333333333,616.3,313.590666666667,4.01458333333333,101,0.0280412399681185,4.00189600425941,15.94,2,-15.94,1,9.14939219782234,5.7512723228817,3.43398720448515,2.82967768922391
14061,907.58,3,44.3333333333333,56.5,302.526666666667,506.852777777778,17,0.289115731858502,1.91767024506783,0,0,0,0,6.81188294119662,5.71546947045085,1.38629436111989,0
14062,24978.88,24,438.708333333333,1037.85,1040.78666666667,9.11527777777778,147,0.0332557132607137,3.89485719310048,169.37,3,-169.37,1,10.125825979825,6.94869246686738,3.2188758248682,5.13797254255745
14063,8407.42,9,308.666666666667,587.2,934.157777777778,437.897222222222,30,0.0776390709784632,2.89404874439021,72,4,-26477.4,0.0027193002334066,9.03698886373547,6.84071526133903,2.30258509299405,4.29045944114839
14064,2932.1,15,191.533333333333,285.5,195.473333333333,28.9833333333333,134,0.0253704425968563,4.24066650681438,180.35,6,-292.67,0.616223049851369,7.98381516317974,5.28052671387281,2.77258872223978,5.20042886572891
14065,891.02,3,194,318.9,297.006666666667,388.859027777778,42,0.0328116296779916,3.58155801911166,1.65,1,-1.65,1,6.79348855385331,5.69711585761982,1.38629436111989,0.974559639998131
14066,152.55,1,45,45,152.55,266.020138888889,7,0.170943517720869,1.85664572004074,0,0,0,0,5.03402624688683,5.03402624688683,0.693147180559945,0
14067,373.75,2,180.5,212.45,186.875,63.1451388888889,51,0.0334232145054306,3.60750800855357,0,0,0,0,5.92625913698271,5.23577684807314,1.09861228866811,0
14068,1528.37,4,128.25,198.05,382.0925,319.866666666667,94,0.0158702174398589,4.3416449626947,23.4,1,-23.4,1,7.33261116488223,5.94827647438106,1.6094379124341,3.19458313229916
14069,230.06,2,29.5,34.45,115.03,514.068055555556,39,0.0433592009444388,3.34553634869727,0,0,0,0,5.44267741705487,4.75384877835945,1.09861228866811,0
14070,314.6,1,86,86,314.6,684.015972222222,40,0.036403152127304,3.47123832328822,0,0,0,0,5.75447558897172,5.75447558897172,0.693147180559945,0
14071,1445.12,8,124.375,239.65,180.64,3.01597222222222,271,0.011572537722141,4.94261673908381,131.41,1,-131.41,1,7.2766393868273,5.20202670622975,2.19722457733622,4.88590316935167
14072,390.85,1,65,65,390.85,666.013194444444,19,0.0694602247598411,2.80338486092955,0,0,0,0,5.97087911349887,5.97087911349887,0.693147180559945,0
14073,151.04,1,130,130,151.04,31.8756944444444,13,0.082138591920874,2.53029684155768,11.5,1,-11.5,1,5.02414364412105,5.02414364412105,0.693147180559945,2.52572864430826
14074,219.4,1,228,228,219.4,622.954861111111,6,0.185161487075466,1.73836845270001,0,0,0,0,5.39544407727876,5.39544407727876,0.693147180559945,0
14075,1712.92,6,249,372.25,285.486666666667,4.175,59,0.0304338161647557,3.74305988432679,0,0,0,0,7.4465384236227,5.65769199638655,1.94591014905531,0
14076,122.47,1,81,81,122.47,128.938194444444,43,0.0464776655734821,3.39419669864549,0,0,0,0,4.81599821157965,4.81599821157965,0.693147180559945,0
14077,615.08,6,62.6666666666667,99,102.513333333333,40.0104166666667,44,0.0817277992240027,3.12529482590576,0,0,0,0,6.42337682523099,4.63970042888491,1.94591014905531,0
14078,1692.63,9,68.6666666666667,141.2,188.07,101.065277777778,107,0.186456751147944,3.01787554237697,0,0,0,0,7.43462943340964,5.24211731685984,2.30258509299405,0
14079,393.1,2,151,286,196.55,124.069444444444,13,0.220453710505197,1.98963490289061,0,0,0,0,5.97660468420096,5.2859917168574,1.09861228866811,0
14080,956.03,5,53.6,80.6,191.206,32.0701388888889,74,0.023765251072077,3.99145922309192,18,1,-39.95,0.450563204005006,6.863834738924,5.25856771353073,1.79175946922805,2.94443897916644
14081,5378.35,10,371.2,721.25,537.835,301.85625,486,0.00565376326407249,5.69276501223636,120.05,6,-120.05,1,8.5903228280129,6.28940940159498,2.39789527279837,4.79620368338407
14082,413.36,2,123,134.7,206.68,364.075,48,0.0456752755807772,3.44607310370298,0,0,0,0,6.0267351611899,5.33599843351573,1.09861228866811,0
14083,1420.22,11,87.8181818181818,339.5,129.110909090909,3.98333333333333,169,0.0119919219731909,4.73690439118458,0,0,0,0,7.25927093666255,4.86838723358581,2.484906649788,0
14084,154.5,1,306,306,154.5,511.968055555556,7,0.160652276369121,1.8830092388213,0,0,0,0,5.04664573161929,5.04664573161929,0.693147180559945,0
14085,10105.05,33,198.909090909091,423.6,306.213636363636,1.96111111111111,492,0.00575886789060828,5.6219015900964,12.75,1,-12.75,1,9.22088953339552,5.72754338949289,3.52636052461616,2.62103882411258
14086,18,1,1,1,18,462.123611111111,1,1,0,0,0,0,0,2.94443897916644,2.94443897916644,0.693147180559945,0
14087,854.44,3,242.333333333333,272.6,284.813333333333,2.00625,178,0.0138092809916036,4.69626310665882,42.75,2,-42.75,1,6.7516159564484,5.65533891707843,1.38629436111989,3.77849161280362
14088,63151.25,16,954.75,2513.25,3946.953125,9.85694444444444,437,0.00458462544119024,5.69797843418673,341.17,4,-1636.78,0.208439741443566,11.0533037565976,8.28095252738258,2.83321334405622,5.83530768958463
14089,161,1,134,134,161,56.1333333333333,13,0.139483816210794,2.15440049639134,0,0,0,0,5.08759633523238,5.08759633523238,0.693147180559945,0
14090,76.32,1,72,72,76.32,324.082638888889,1,1,0,0,0,0,0,4.34795265434013,4.34795265434013,0.693147180559945,0
14091,4714.16,2,760,1012,2357.08,653.897916666667,13,0.0988879640760098,2.4100989626476,0,0,0,0,8.45853812874419,7.76560300757863,1.09861228866811,0
14092,7229.45,24,150.25,233.85,301.227083333333,7.02569444444444,183,0.013161394858368,4.74610261595787,19.71,3,-19.71,1,8.88605655387984,5.71117866638329,3.2188758248682,3.03061667540749
14093,443.57,1,406,406,443.57,11.8493055555556,95,0.0200277371358827,4.21921309626335,0,0,0,0,6.0971075228702,6.0971075228702,0.693147180559945,0
14094,335.22,1,177,177,335.22,439.077777777778,41,0.0598005605082108,3.21943770144427,0.95,1,-0.95,1,5.81776570760491,5.81776570760491,0.693147180559945,0.667829372575655
14095,2.95,1,1,1,2.95,722.000694444444,1,1,0,0,0,0,0,1.37371557891303,1.37371557891303,0.693147180559945,0
14096,53174.88,17,961.882352941176,2178.6,3127.93411764706,3.81458333333333,1129,0.00357559289453153,6.24836360364425,282.57,17,-8043.88,0.0351285697946762,10.8813601890617,8.04844768804519,2.89037175789616,5.64745900626991
14097,422.86,2,176,177.8,211.43,480.979166666667,39,0.0405491655819229,3.40346295014019,0,0,0,0,6.04940321202843,5.35861252233179,1.09861228866811,0
14098,147.35,1,104,104,147.35,36.1090277777778,21,0.205677075914968,2.18586909700963,0,0,0,0,4.99957434673683,4.99957434673683,0.693147180559945,0
14099,5772.31,20,183.5,275.15,288.6155,15.95625,281,0.0114650842787355,4.9755692789145,65.2,2,-65.2,1,8.66100085186971,5.66855418117875,3.04452243772342,4.19268046294296
14100,194.9,1,64,64,194.9,137.117361111111,24,0.0576766288430925,3.00444948044106,0,0,0,0,5.2776043249505,5.2776043249505,0.693147180559945,0
14101,8243.09,13,435.846153846154,644,634.083846153846,73.0569444444444,19,0.12864510932864,2.3545695432364,19.8,1,-19.8,1,9.01725185898133,6.45375703136318,2.63905732961526,3.03495298670727
14102,1360.28,5,192.2,261.2,272.056,4.88333333333333,35,0.118939538128731,2.65080020009106,45.55,3,-45.55,1,7.21618071257182,5.60967690235417,1.79175946922805,3.84052700372308
14103,1.05,1,5,5,1.05,664.911111111111,1,1,0,0,0,0,0,0.717839793150317,0.717839793150317,0.693147180559945,0
14104,702.8,5,101.8,150,140.56,154.041666666667,118,0.0209477979617428,4.28752500941265,0,0,0,0,6.55649422488748,4.95272365547726,1.79175946922805,0
14105,5988.83,5,706.8,1288,1197.766,238.827777777778,206,0.00891254130356542,5.03945912673564,284.85,4,-284.85,1,8.69781831007237,7.08904797334528,1.79175946922805,5.65546719770998
14106,214.8,1,24,24,214.8,736.945138888889,1,1,0,0,0,0,0,5.37435205282403,5.37435205282403,0.693147180559945,0
14107,4877.3,11,317.181818181818,600,443.390909090909,51.0680555555556,114,0.0151730871313272,4.45608422595484,23.6,2,-23.6,1,8.49255207749979,6.09670460096512,2.484906649788,3.20274644293832
14108,1047.69,4,168.25,203.75,261.9225,30.0895833333333,51,0.0264436501960446,3.78957528490118,3.75,1,-3.75,1,6.95529704517937,5.57185931194594,1.6094379124341,1.55814461804655
14109,144.2,1,88,88,144.2,72.1472222222222,9,0.121538124157194,2.14978602865649,64,1,-64,1,4.9781121023907,4.9781121023907,0.693147180559945,4.17438726989564
14110,12990.47,33,176.878787878788,422.8,393.650606060606,3.01666666666667,189,0.0464202363084311,4.19215665729938,30.35,2,-30.35,1,9.47204826723437,5.97800083184462,3.52636052461616,3.44521426707893
14111,679.65,4,108.5,236.2,169.9125,13.9625,10,0.146596527874554,2.04812849736255,4.25,1,-4.25,1,6.52304822395848,5.1411517296352,1.6094379124341,1.65822807660353
14112,5834.59,13,272.230769230769,680.2,448.814615384615,22.0138888888889,227,0.00807566646573455,5.15190260431987,310.08,14,-310.08,1,8.67173065357642,6.10883553207117,2.63905732961526,5.74005011382674
14113,6887.81,16,206.9375,432,430.488125,3.02222222222222,82,0.129089042792024,3.08054489179431,935.86,15,-935.86,1,8.83765363501254,6.06723998986669,2.83321334405622,6.84253385805491
14114,1364.09,7,92.8571428571429,161.1,194.87,273.130555555556,72,0.0183307489970563,4.16274504134466,0,0,0,0,7.21897563951144,5.27745117386665,2.07944154167984,0
14115,622.67,2,254.5,436.75,311.335,501.051388888889,22,0.0722447883167778,2.85109719470893,0,0,0,0,6.43562138232713,5.74407632973537,1.09861228866811,0
14116,1382.74,5,141.4,206.8,276.548,19.0979166666667,61,0.0260052365899485,3.91343261169824,0,0,0,0,7.2325452572578,5.62599389120136,1.79175946922805,0
14117,90,1,72,72,90,143.167361111111,3,0.333333333333333,1.09861228866811,0,0,0,0,4.51085950651685,4.51085950651685,0.693147180559945,0
14118,458.45,1,97,97,458.45,428.077083333333,15,0.0880629665359317,2.55768405856544,0,0,0,0,6.13003012194689,6.13003012194689,0.693147180559945,0
14119,183.37,2,88.5,116.85,91.685,375.095138888889,11,0.112563698943494,2.28638558520981,19.9,1,-19.9,1,5.2169446080823,4.52920664718105,1.09861228866811,3.03974915897077
14121,2770.83,4,520.5,772.2,692.7075,3.02152777777778,148,0.00974791848009277,4.82407686240631,32.85,2,-39.85,0.824341279799247,7.92726303086785,6.54205040192284,1.6094379124341,3.52193899935828
14122,362.42,3,38,82,120.806666666667,405.94375,12,0.142596939718493,2.20708102427258,52.65,2,-52.65,1,5.89555919022091,4.80243508831541,1.38629436111989,3.98248146907671
14123,436.18,1,234,234,436.18,732.885416666667,24,0.0469752579828542,3.12012044250965,0,0,0,0,6.08034500960186,6.08034500960186,0.693147180559945,0
14124,216.48,1,552,552,216.48,84.0125,4,0.306542249054823,1.27164075246803,0,0,0,0,5.38210689227772,5.38210689227772,0.693147180559945,0
14125,2733.43,3,546.666666666667,923.4,911.143333333333,10.0020833333333,159,0.00732971474658293,4.99234509906338,0,0,0,0,7.9136782836294,6.81579714146809,1.38629436111989,0
14126,994.38,4,179.75,347.65,248.595,7.04513888888889,37,0.0650192942722218,3.188962994947,62.5,1,-62.5,1,6.90312457379744,5.51983960424335,1.6094379124341,4.15103990589865
14127,1878.13,6,138,200.75,313.021666666667,122.125694444444,95,0.013256917094092,4.44667979110648,0,0,0,0,7.53856418275734,5.74946198565086,1.94591014905531,0
14128,925.89,3,271.333333333333,292.4,308.63,60.0763888888889,54,0.0275181861322169,3.7883030510972,14.85,1,-14.85,1,6.83183489617325,5.73537803624595,1.38629436111989,2.76316950032329
14129,2591.34,9,157.111111111111,277.2,287.926666666667,1.075,44,0.036906830672922,3.52226435952602,0,0,0,0,7.86031622170927,5.66617290735457,2.30258509299405,0
14130,1880.72,4,309.75,500.65,470.18,318.864583333333,190,0.014516024698062,4.71865825549189,0,0,0,0,7.53994153118094,6.15524018661484,1.6094379124341,0
14131,187.87,1,118,118,187.87,648.035416666667,45,0.0345628776977488,3.57420965060177,0,0,0,0,5.24105894770775,5.24105894770775,0.693147180559945,0
14132,3603.43,11,306.181818181818,397,327.584545454545,1.96875,99,0.0215366385723317,4.17835549157774,5.9,1,-5.9,1,8.18991892348683,5.79479417301372,2.484906649788,1.93152141160321
14133,843.29,4,99.5,169,210.8225,129.094444444444,34,0.0357715864401913,3.42535305911097,15.3,2,-15.3,1,6.73849603747408,5.35574865981967,1.6094379124341,2.79116510781272
14134,10983.11,15,386,1121.4,732.207333333333,382.016666666667,131,0.0328369094036538,4.28748588318923,0,0,0,0,9.3042049619643,6.59742851773404,2.77258872223978,0
14135,9058.16,24,344.125,1064.4,377.423333333333,1.05,141,0.0214665645531903,4.32495690228162,38.87,1,-38.87,1,9.11153167950691,5.93601349841969,3.2188758248682,3.68562416139326
14136,1583.29,5,229.6,375.4,316.658,400.039583333333,86,0.0167009382682112,4.29161574548939,16.85,2,-16.85,1,7.36789163642521,5.7609753323474,1.79175946922805,2.88200350822565
14137,317.1,1,438,438,317.1,695.013888888889,11,0.122425027903359,2.26120173657552,38.6,1,-38.6,1,5.7623657987551,5.7623657987551,0.693147180559945,3.67882911826043
14138,982.38,2,305,443.6,491.19,1.00416666666667,40,0.039675929388022,3.46257627286148,0,0,0,0,6.8909956171668,6.19886482080623,1.09861228866811,0
14139,1086.8,4,262.25,475.5,271.7,46.0111111111111,49,0.0288843545844543,3.71036853944581,0,0,0,0,6.99191258698886,5.60837228985154,1.6094379124341,0
14140,936.01,2,405.5,505.85,468.005,3.15625,60,0.0197120282353306,4.01220091133033,15,1,-15,1,6.84269395454006,6.15061342937026,1.09861228866811,2.77258872223978
14141,915.13,4,88.75,131.15,228.7825,2.12291666666667,27,0.0555163981136035,3.07987017712653,36.1,2,-36.1,1,6.82015827600162,5.43713320933818,1.6094379124341,3.61361696961339
14142,983.15,2,415.5,604.95,491.575,372.845138888889,42,0.0304514538415572,3.6053771902334,15.4,2,-15.4,1,6.891778324459,6.19964673328203,1.09861228866811,2.79728133483015
14143,115.8,1,30,30,115.8,133.168055555556,7,0.144227585528023,1.94121998860231,0,0,0,0,4.76046307039413,4.76046307039413,0.693147180559945,0
14144,30.6,1,12,12,30.6,485.939583333333,1,1,0,0,0,0,0,3.45315712059287,3.45315712059287,0.693147180559945,0
14145,7600.05,7,236.428571428571,330.1,1085.72142857143,46.0694444444444,12,0.232449479402952,1.81315285927754,594,1,-594,1,8.93604167462624,6.99092057881377,2.07944154167984,6.38856140554563
14146,9392.3,12,478.333333333333,1174.25,782.691666666667,8.10555555555556,343,0.00715595515608662,5.46832527369471,1241.43,1,-1241.43,1,9.14775194816223,6.66401566068171,2.56494935746154,7.12482441835557
14147,2439,9,105.222222222222,199.2,271,77.8194444444444,25,0.0921003859485089,2.70491871668997,480.9,3,-570.9,0.842354177614293,7.79975331828725,5.605802066296,2.30258509299405,6.17773662364629
14148,466.29,2,111.5,197.45,233.145,233.075,15,0.315318817861794,1.86091797347434,0,0,0,0,6.1469500499482,5.45594058156854,1.09861228866811,0
14149,446.62,1,218,218,446.62,220.170833333333,28,0.0375743100605247,3.30327818943263,187.19,2,-187.19,1,6.10394465819198,6.10394465819198,0.693147180559945,5.23745209077676
14150,659.6,2,248,260.6,329.8,35.1145833333333,23,0.155300945020247,2.45308056412831,0,0,0,0,6.49314851295669,5.80151396314954,1.09861228866811,0
14151,679.45,2,202.5,226.35,339.725,672.885416666667,44,0.0237788210749799,3.76168029520181,12.75,1,-12.75,1,6.52275434400633,5.83107570031358,1.09861228866811,2.62103882411258
14152,2002.14,7,263.428571428571,360.9,286.02,75.0388888888889,107,0.0146746485012024,4.46142161212683,21.9,2,-21.9,1,7.60247122838053,5.65955189974279,2.07944154167984,3.13113691056019
14153,233.4,1,312,312,233.4,482.96875,17,0.0611151129056773,2.81379506771341,0,0,0,0,5.45702905770286,5.45702905770286,0.693147180559945,0
14154,6275.8,8,402.75,866.75,784.475,238.891666666667,239,0.01213383439468,5.02438096583867,197.1,2,-197.1,1,8.74461557545529,6.66628863032732,2.19722457733622,5.28877195370451
14155,118.75,1,25,25,118.75,265.942361111111,6,0.174687202216067,1.770213488154,0,0,0,0,4.78540623629103,4.78540623629103,0.693147180559945,0
14156,240040.85,156,733.974358974359,3224,1538.7233974359,9.08055555555556,1565,0.00360497745526476,6.2795580957565,4482.29,46,-17381.68,0.257874382683377,12.3885685621226,7.33935806722089,5.05624580534831,8.40811243088766
14157,1002.78,5,108,181.2,200.556,19.0541666666667,75,0.0213176167000787,4.03640925729128,32.45,1,-32.45,1,6.91152815273464,5.3060672584081,1.79175946922805,3.51005178657424
14158,511.98,1,781,781,511.98,39.9041666666667,41,0.0300893791902545,3.60586556017072,0,0,0,0,6.24023685805601,6.24023685805601,0.693147180559945,0
14159,7824.88,20,325.15,700.3,391.244,19.0097222222222,741,0.00576578443320051,5.90879220686783,210.46,5,-366.13,0.57482315024718,8.96519146914909,5.97188409512904,3.04452243772342,5.35403585530438
14160,8034.53,7,623.857142857143,1568,1147.79,609.972222222222,80,0.026688584536843,3.94492276972625,0,0,0,0,8.99162823741505,7.0464644935207,2.07944154167984,0
14161,3319.87,7,231.857142857143,372.2,474.267142857143,215.089583333333,203,0.0106104469134181,4.8991671782798,0,0,0,0,8.10798207577468,6.16387705195869,2.07944154167984,0
14162,289.36,2,71,106.1,144.68,173.093055555556,25,0.0631272745228447,2.96934861770431,0,0,0,0,5.67112153241664,4.98141243541935,1.09861228866811,0
14163,2534.82,5,190,307.2,506.964,86.9388888888889,42,0.0797229353730687,3.0712013898332,0,0,0,0,7.83827233512008,6.23041057892563,1.79175946922805,0
14164,1488.57,2,476.5,797.35,744.285,70.0597222222222,28,0.0988305334158554,2.85579315770081,0,0,0,0,7.3062427666852,6.61376669556141,1.09861228866811,0
14165,122.54,1,54,54,122.54,275.007638888889,23,0.0650804236714264,2.89708493587121,0,0,0,0,4.81656499026775,4.81656499026775,0.693147180559945,0
14166,256.85,2,42,42.9,128.425,504.755555555556,45,0.0348012065284288,3.55401128818944,0,0,0,0,5.55237802049697,4.86310156278797,1.09861228866811,0
14167,1296.49,8,43.75,59.25,162.06125,38.93125,48,0.0778355930056093,2.93344855017255,0,0,0,0,7.16818690788125,5.09412589709524,2.19722457733622,0
14168,370.45,2,73.5,94.65,185.225,420.125694444444,14,0.12477929675947,2.36970552304678,64.55,1,-64.55,1,5.91741426559781,5.22695562006234,1.09861228866811,4.18281321020971
14169,624.43,2,104,163.4,312.215,430.211805555556,50,0.0408756308646364,3.47009181512177,0,0,0,0,6.4384394131729,5.74688985569014,1.09861228866811,0
14170,595.43,3,96.6666666666667,143.3,198.476666666667,374.986111111111,123,0.0157515608046682,4.47047904744305,0,0,0,0,6.39096188343636,5.29569727042535,1.38629436111989,0
14171,498.79,2,105.5,160.85,249.395,97.8798611111111,61,0.0592314802813205,3.53412344255214,0,0,0,0,6.21418801019749,5.52303967097546,1.09861228866811,0
14172,402.72,3,29.3333333333333,56.6,134.24,605.016666666667,38,0.0433698545559642,3.35860043180783,12.75,1,-12.75,1,6.00072156837066,4.90705097783969,1.38629436111989,2.62103882411258
14173,586,6,32.3333333333333,64.75,97.6666666666667,10.0388888888889,30,0.144141662104393,2.54140269497067,19.05,1,-19.05,1,6.3750248198281,4.59174716565595,1.94591014905531,2.99822915375258
14174,134.46,1,94,94,134.46,32.98125,26,0.0469894518494093,3.14307251042236,0,0,0,0,4.90867639378676,4.90867639378676,0.693147180559945,0
14175,7678.88,8,376.125,748.65,959.86,59.0798611111111,245,0.00765825702108879,5.20811673067046,328.44,9,-328.44,1,8.94635920101965,6.86782871677601,2.19722457733622,5.79739424327948
14176,916.01,5,65.2,112.8,183.202,296.984722222222,33,0.0480131749178055,3.25046591966572,2.9,1,-2.9,1,6.82111837732241,5.21603298152556,1.79175946922805,1.3609765531356
14177,2230.06,13,80.6153846153846,245,171.543076923077,85.94375,145,0.0185401883365554,4.40735744213662,4.95,1,-4.95,1,7.71023208784051,5.15064692658944,2.63905732961526,1.78339121955754
14178,1631.9,7,215,425.2,233.128571428571,8.03402777777778,191,0.0168819262317614,4.61099677887639,0,0,0,0,7.39811285410826,5.45587041501447,2.07944154167984,0
14179,719.78,2,165,215.4,359.89,40.0298611111111,135,0.0156705414140929,4.563224913544,0,0,0,0,6.58033395896134,5.88857320275834,1.09861228866811,0
14180,5871.15,33,26.6060606060606,47,177.913636363636,10.0791666666667,125,0.0162988423240212,4.45878696345926,194.6,9,-208.5,0.933333333333333,8.67797611492721,5.18690321099515,3.52636052461616,5.27607175760072
14181,310.55,2,61,84.4,155.275,410.224305555556,48,0.0504466175163903,3.36319884015584,0,0,0,0,5.74155983899023,5.05161727581788,1.09861228866811,0
14182,678.77,4,43.5,61.7,169.6925,443.086805555556,42,0.0494307219462206,3.3624347933707,18.7,1,-18.7,1,6.52175450566158,5.13986369210404,1.6094379124341,2.98061863574394
14183,286.29,2,30.5,34.55,143.145,410.961805555556,27,0.0546489600290094,3.09248275257524,0,0,0,0,5.66049215855733,4.97081973739196,1.09861228866811,0
14184,452.89,1,127,127,452.89,66.0465277777778,24,0.0463021115456978,3.12986515481974,0,0,0,0,6.1178548779353,6.1178548779353,0.693147180559945,0
14185,50.65,1,6,6,50.65,330.956944444444,3,0.344026178923745,1.08194736462315,0,0,0,0,3.94449019556565,3.94449019556565,0.693147180559945,0
14186,1552.79,5,310,455.6,310.558,427.013888888889,78,0.0189754009368901,4.1643336819113,0,0,0,0,7.34845238666088,5.74158551672186,1.79175946922805,0
14187,123.5,1,50,50,123.5,473.072222222222,8,0.129100624498025,2.06243751099165,0,0,0,0,4.82430571590476,4.82430571590476,0.693147180559945,0
14188,2054.36,6,193.666666666667,217.5,342.393333333333,30.0034722222222,36,0.0514769828667272,3.20316601257571,35.45,4,-35.45,1,7.62820629406943,5.83887653456885,1.94591014905531,3.59594145845467
14189,5795.84,16,288.875,508.5,362.24,1.87152777777778,200,0.0106935899291507,4.90994743120995,49.77,9,-49.77,1,8.66506822047582,5.89506377282163,2.83321334405622,3.9273056289593
14190,36,1,2,2,36,665.932638888889,1,1,0,0,0,0,0,3.61091791264422,3.61091791264422,0.693147180559945,0
14191,4822.22,15,248.266666666667,572.6,321.481333333333,1.14375,147,0.0175582250651276,4.50398746176342,104.25,2,-104.25,1,8.48119703379125,5.7760452534237,2.77258872223978,4.65633847256249
14192,293.74,1,218,218,293.74,387.795833333333,14,0.0838498414492976,2.56083826670586,0,0,0,0,5.68609361178512,5.68609361178512,0.693147180559945,0
14193,1210.19,3,217.666666666667,245.8,403.396666666667,67.1777777777778,49,0.0299794294625201,3.7267364140515,0,0,0,0,7.09935862637433,6.00239624444832,1.38629436111989,0
14194,18660.58,36,278.805555555556,601,518.349444444444,4.09166666666667,454,0.00458997296214307,5.7385148301499,227.72,18,-227.72,1,9.8342221439143,6.25257695996004,3.61091791264422,5.43249854801406
14195,1772.2,6,204.666666666667,440,295.366666666667,201.139583333333,10,0.167592052714076,2.00996878816825,234.36,4,-234.36,1,7.4805411028709,5.69159742645898,1.94591014905531,5.46111625685313
14196,335.52,1,142,142,335.52,106.142361111111,6,0.31514742544985,1.41455014379088,0,0,0,0,5.81865758268261,5.81865758268261,0.693147180559945,0
14197,390.05,1,143,143,390.05,410.159027777778,20,0.0529774243787355,2.96649294815307,0,0,0,0,5.96883542904762,5.96883542904762,0.693147180559945,0
14198,1556.31,9,69.2222222222222,106.4,172.923333333333,17.84375,59,0.031029165012633,3.79419238241317,42.15,4,-42.15,1,7.350715252851,5.15861458908927,2.30258509299405,3.76468241752944
14199,1091.7,4,63.5,158,272.925,218.004166666667,15,0.20517441768705,2.10962988134719,175.2,2,-175.2,1,6.9964069765767,5.61285434629146,1.6094379124341,5.17161971350208
14200,379.2,1,140,140,379.2,617.034027777778,21,0.0493824301438516,3.02637735663624,0,0,0,0,5.94069743005433,5.94069743005433,0.693147180559945,0
14201,1197.38,10,80.6,140.8,119.738,60.0159722222222,48,0.0453168485211988,3.54049843990854,59.4,2,-59.4,1,7.08872592370514,4.79362290871229,2.39789527279837,4.10098910494077
14202,796.16,3,55.3333333333333,67.9,265.386666666667,380.817361111111,27,0.0528418152005026,3.10647126646336,0,0,0,0,6.68105541146515,5.58494888736364,1.38629436111989,0
14203,339.34,1,80,80,339.34,396.96875,16,0.123140522721329,2.38676304876192,0,0,0,0,5.82994511794329,5.82994511794329,0.693147180559945,0
14204,1063.65,4,123,210.1,265.9125,1.96666666666667,188,0.0177559717308767,4.72700121748962,0,0,0,0,6.97040138563241,5.58692088933403,1.6094379124341,0
14205,2414.2,9,149.111111111111,244.2,268.244444444444,16.0798611111111,85,0.0212398139385188,4.19771647283839,505.82,3,-505.82,1,7.78953737839263,5.59561968237681,2.30258509299405,6.22815591096746
14206,1185.01,3,310,501,395.003333333333,238.883333333333,62,0.021929753823384,3.97081515061299,39.8,2,-39.8,1,7.07835001122533,5.98142262872747,1.38629436111989,3.70868208141012
14207,157.8,1,36,36,157.8,687.136805555556,2,0.542858795124984,0.649654080992224,0,0,0,0,5.06764554881304,5.06764554881304,0.693147180559945,0
14208,567.05,2,264.5,399.95,283.525,94.0430555555556,35,0.0303728901492627,3.52534739450597,0,0,0,0,6.34220944301591,5.65082112316795,1.09861228866811,0
14209,4972.67,15,115.933333333333,201.4,331.511333333333,10.1055555555556,135,0.0224513224635074,4.40157098764996,55.9,4,-55.9,1,8.51191327716846,5.80667394472805,2.77258872223978,4.04129534113228
14210,5861.52,16,162.75,271.5,366.345,105.051388888889,158,0.0114833711604567,4.77059213767632,47.2,5,-47.2,1,8.67633482426258,5.90630146097597,2.83321334405622,3.87535902105655
14211,4402.29,18,143.055555555556,247.8,244.571666666667,53.01875,167,0.0116617346625918,4.83147720776738,100.6,8,-100.6,1,8.39010726777031,5.50358882588301,2.94443897916644,4.62104353514438
14212,2040.38,2,919,963.1,1020.19,89.0451388888889,19,0.0629326241282393,2.85265643146082,0,0,0,0,7.6213813287234,6.92872389291829,1.09861228866811,0
14213,1192.2,1,244,244,1192.2,404.092361111111,5,0.236701747063006,1.51419913447674,2384.4,1,-2384.4,1,7.08439405264059,7.08439405264059,0.693147180559945,7.77712210414457
14214,1006.06,5,150.2,311.4,201.212,30.0965277777778,64,0.0184577840213835,4.06635388255927,4.15,2,-4.15,1,6.91479047386313,5.30931665200641,1.79175946922805,1.63899671467564
14215,3374.83,9,253.888888888889,452.2,374.981111111111,11.0215277777778,168,0.00826586698653353,4.96923720586118,11.8,1,-11.8,1,8.12439649899773,5.92953890572138,2.30258509299405,2.54944517092557
14216,2143.04,5,142.4,235.6,428.608,2.9125,65,0.0571152928345665,3.5401251971894,7.65,1,-7.65,1,7.67044717873308,6.0628731649952,1.79175946922805,2.15755932094379
14217,3414.04,23,54.6086956521739,160.4,148.43652173913,1.03958333333333,125,0.0190924034200322,4.50513199883826,210.02,10,-210.02,1,8.13594448496704,5.00687169890941,3.17805383034795,5.35195291571395
14218,169.96,1,160,160,169.96,42.1597222222222,12,0.0926048469810099,2.42461271457205,0,0,0,0,5.14142961101089,5.14142961101089,0.693147180559945,0
14219,633.83,3,121,222,211.276666666667,3.85208333333333,42,0.0283971996429359,3.63914181467761,0,0,0,0,6.45335724651479,5.35789045530516,1.38629436111989,0
14220,1515,4,117,137.4,378.75,247.01875,26,0.111910198695117,2.64182542227845,0,0,0,0,7.32383056620232,5.93951314147588,1.6094379124341,0
14221,6510.75,17,224,450.2,382.985294117647,42.0055555555556,169,0.0131922716781322,4.71810613079874,10.9,2,-10.9,1,8.78136351628205,5.95060425528577,2.89037175789616,2.47653840011748
14222,683.17,1,607,607,683.17,176.880555555556,41,0.0294999529857489,3.61656828147655,0,0,0,0,6.52820642475379,6.52820642475379,0.693147180559945,0
14223,992.09,3,195,254.3,330.696666666667,92.0083333333333,50,0.026771381724391,3.77924396332606,15.9,1,-15.9,1,6.90082129437921,5.80422089666123,1.38629436111989,2.82731362192903
14224,1783.95,9,95.8888888888889,179.4,198.216666666667,110.018055555556,191,0.0151617226974655,4.68331362451955,0,0,0,0,7.48714568261694,5.29439300965588,2.30258509299405,0
14225,2037.02,4,292,364,509.255,434.1375,70,0.0211977009523249,4.03545289944156,21.9,1,-21.9,1,7.61973402727721,6.23491060076002,1.6094379124341,3.13113691056019
14226,2928.93,6,277,589,488.155,28.0527777777778,89,0.0229083049221079,4.13377111637577,34.75,3,-34.75,1,7.98273381094074,6.19267941266455,1.94591014905531,3.57655026914002
14227,6368.71,15,269.866666666667,624.699999999999,424.580666666667,25.8763888888889,263,0.00702393873447674,5.28659258543535,41.4,7,-41.4,1,8.75930922162721,6.05345451093048,2.77258872223978,3.74714836223791
14228,723.55,3,86.6666666666667,141.7,241.183333333333,437.170138888889,38,0.0365992792096146,3.50517596543695,0,0,0,0,6.58555077249193,5.4896950150986,1.38629436111989,0
14229,2584.29,7,133.428571428571,273.4,369.184285714286,51.1569444444444,42,0.0576268606890416,3.2253965669385,125.05,4,-125.05,1,7.85759296633684,5.9140009511409,2.07944154167984,4.83667865363393
14230,979.8,3,82,126.9,326.6,435.196527777778,30,0.053671644458311,3.19114401220924,0,0,0,0,6.88836856518195,5.79179335197891,1.38629436111989,0
14231,1191.72,4,152.5,197.25,297.93,183.114583333333,66,0.017054552101779,4.13302328908443,59.75,2,-103.65,0.576459237819585,7.08399169212014,5.70020943226942,1.6094379124341,4.10676708222066
14232,2048.55,5,388.2,542,409.71,42.1118055555556,81,0.0218659044685309,4.11365459172077,4.14,3,-4.14,1,7.625375535841,6.01788736933909,1.79175946922805,1.63705307946707
14233,2788.27,7,168.714285714286,261.6,398.324285714286,48.9138888888889,51,0.0640737118104057,3.31766351147229,137.31,3,-137.31,1,7.93353519183389,5.98977383294165,2.07944154167984,4.92949754263662
14234,796.14,4,240.75,458.95,199.035,21.7895833333333,122,0.0191124116990058,4.3448676687483,0,0,0,0,6.68103032208423,5.29849235123732,1.6094379124341,0
14235,4717.99,9,334.888888888889,603.6,524.221111111111,74.9673611111111,111,0.0268225596950793,4.14465750711914,51,1,-51,1,8.45935007263111,6.26381933794812,2.30258509299405,3.95124371858143
14236,1745.14,5,162.4,267.8,349.028,80.1923611111111,39,0.136826027872018,2.72862730886648,11.9,2,-11.9,1,7.4651629164611,5.85801315128363,1.79175946922805,2.55722731136763
14237,632.14,2,138,193.8,316.07,372.979166666667,26,0.0507334782319438,3.1162333133451,5.1,1,-5.1,1,6.45069156672625,5.75912256968937,1.09861228866811,1.80828877117927
14238,434.23,3,63,105.9,144.743333333333,325.923611111111,13,0.154176617278894,2.20853132247128,0,0,0,0,6.07587462698944,4.98184708376138,1.38629436111989,0
14239,4263.17,21,82.3333333333333,159,203.008095238095,42.9652777777778,107,0.0174669322821032,4.35939363234088,59.45,3,-59.45,1,8.35800283371886,5.31815967559657,3.09104245335832,4.1018165770608
14240,1246.54,3,218.333333333333,328.8,415.513333333333,29.9618055555556,48,0.0354526448338753,3.61894345811349,0,0,0,0,7.12892889123989,6.03191847389962,1.38629436111989,0
14241,333.7,2,121,143.5,166.85,183.086111111111,12,0.127043799917184,2.25840078351757,0,0,0,0,5.81323460821728,5.12307072342604,1.09861228866811,0
14242,280.55,2,61.5,69.15,140.275,234.086111111111,13,0.0887332375132852,2.49334553997565,0,0,0,0,5.64031005170063,4.95070834551591,1.09861228866811,0
14243,7427.63,17,216.882352941176,512.599999999999,436.919411764706,8.06805555555556,243,0.00905626263068058,5.1093809382158,65.69,6,-65.69,1,8.91309673309255,6.08203490204317,2.89037175789616,4.20005501664421
14244,295.86,1,478,478,295.86,660.048611111111,16,0.0749364506971254,2.67411035104802,11.6,1,-11.6,1,5.69326064719662,5.69326064719662,0.693147180559945,2.53369681395743
14245,1693.45,2,488,616.7,846.725,219.215277777778,107,0.0107125695598904,4.60714924437092,15.97,3,-15.97,1,7.43511348338249,6.7425562907449,1.09861228866811,2.83144707924613
14246,1474.06,3,268,315.6,491.353333333333,110.083333333333,57,0.023535547107668,3.90789044344646,0,0,0,0,7.2964539459127,6.19919661592241,1.38629436111989,0
14247,772.66,5,76.4,144,154.532,277.895138888889,82,0.0197537828203558,4.13855658337456,2.95,1,-2.95,1,6.65113250059376,5.04685149822924,1.79175946922805,1.37371557891303
14248,1032.95,3,230.666666666667,393.4,344.316666666667,317.920138888889,41,0.0623880934337075,3.32211230701075,0,0,0,0,6.94114169799977,5.84446187043838,1.38629436111989,0
14249,5593.72,12,207.25,523.45,466.143333333333,410.052777777778,180,0.0145826981741228,4.70209321609163,0,0,0,0,8.629578574811,6.14663613420346,2.56494935746154,0
14250,1904.05,3,400,799,634.683333333333,6.93055555555556,94,0.0143684223826821,4.38766581643644,0,0,0,0,7.55226353393552,6.45470053578104,1.38629436111989,0
14251,2879.7,5,334.8,672.8,575.94,1.17916666666667,37,0.0538859118448515,3.21956894121926,0,0,0,0,7.96578859915233,6.35773827496598,1.79175946922805,0
14252,166.99,1,111,111,166.99,380.968055555556,10,0.118632777138383,2.22401724085056,0,0,0,0,5.12390445382212,5.12390445382212,0.693147180559945,0
14253,363.4,2,44,46.7,181.7,492.954861111111,11,0.138820052103763,2.1610446507356,0,0,0,0,5.8982521653858,5.20784546338396,1.09861228866811,0
14254,601.03,1,263,263,601.03,432.081944444444,23,0.07897067878065,2.82731836254298,0,0,0,0,6.4003072779542,6.4003072779542,0.693147180559945,0
14255,18,1,1,1,18,545.913888888889,1,1,0,54,3,-2442.23,0.0221109395920941,2.94443897916644,2.94443897916644,0.693147180559945,4.00733318523247
14256,2470.04,5,234.2,441.2,494.008,259.98125,107,0.0138497973508636,4.49294412869778,76.65,4,-76.65,1,7.81239439363582,6.20457392405425,1.79175946922805,4.3522115495947
14257,5811.7,9,356.888888888889,737.2,645.744444444444,63.8722222222222,176,0.0135735580386041,4.74016334737925,12.45,1,-12.45,1,8.6678004579058,6.47195123107091,2.30258509299405,2.59897910604785
14258,29931.18,25,492.48,847.2,1197.2472,8.89097222222222,113,0.0206282377614016,4.26332276397709,1023.99,7,-1023.99,1,10.3066894348131,7.08861510129593,3.25809653802148,6.93243813542736
14259,120,1,68,68,120,141.129166666667,5,0.2366125,1.52143294486793,0,0,0,0,4.79579054559674,4.79579054559674,0.693147180559945,0
14260,824.28,3,181.333333333333,350,274.76,470.954861111111,50,0.0237478075070045,3.84581876885215,0,0,0,0,6.71572272269298,5.61953092220861,1.38629436111989,0
14261,1163.45,2,203,368.6,581.725,50.1569444444444,52,0.0250008239689693,3.82860545224211,0,0,0,0,7.0600041515198,6.36771537695273,1.09861228866811,0
14262,2618.23,8,205.625,269.8,327.27875,7.93958333333333,88,0.021097046047396,4.18256871979727,0,0,0,0,7.87063566043032,5.79386309502915,2.19722457733622,0
14263,322.93,1,171,171,322.93,422.986805555556,16,0.0694253752579324,2.72228902491738,0,0,0,0,5.78052744306758,5.78052744306758,0.693147180559945,0
14264,1495.51,6,92.1666666666667,216.75,249.251666666667,154.145833333333,62,0.0233140210446559,3.95340843328706,56,2,-56,1,7.31089100952903,5.52246707817981,1.94591014905531,4.04305126783455
14265,1373.35,4,178.75,265.15,343.3375,109.0125,73,0.0185598811140648,4.16060238326343,0,0,0,0,7.22573617105718,5.84162228105595,1.6094379124341,0
14266,40.56,1,24,24,40.56,428.0125,1,1,0,0,0,0,0,3.72713816623103,3.72713816623103,0.693147180559945,0
14267,1516.24,3,176.666666666667,239,505.413333333333,162.153472222222,25,0.0661651385837102,2.94282781692293,257.05,6,-257.05,1,7.3246481738226,6.22735320013053,1.38629436111989,5.55315336459474
14268,354.85,1,147,147,354.85,470.128472222222,19,0.0563577729400375,2.91143425882328,0,0,0,0,5.87450929374528,5.87450929374528,0.693147180559945,0
14269,295.73,1,123,123,295.73,439.039583333333,16,0.0699695001383944,2.71740590915821,34.05,1,-34.05,1,5.69282263441986,5.69282263441986,0.693147180559945,3.5567756134806
14270,492.65,1,197,197,492.65,331.136805555556,29,0.0380929306600182,3.31862729301995,0,0,0,0,6.20182676405746,6.20182676405746,0.693147180559945,0
14271,219.13,2,74.5,86.65,109.565,225.04375,37,0.0447445838746213,3.33263691960723,0,0,0,0,5.39421828092524,4.70560358330936,1.09861228866811,0
14272,945.25,4,274.25,495.35,236.3125,73.1541666666667,62,0.0190701000373462,4.03889195594471,0,0,0,0,6.85250680475166,5.46937783799202,1.6094379124341,0
14273,559.97,4,66,84.15,139.9925,51.0208333333333,22,0.0657403371051034,2.92114925685,0,0,0,0,6.32966742815698,4.94870669747409,1.6094379124341,0
14274,256.6,1,178,178,256.6,685.999305555556,15,0.0782324042017169,2.63160206761005,0,0,0,0,5.5514079942302,5.5514079942302,0.693147180559945,0
14275,1189.38,6,89.6666666666667,192,198.23,395.155555555556,14,0.223211252964104,1.92691639251073,0,0,0,0,7.08202786286242,5.29445993622073,1.94591014905531,0
14276,2102.68,7,200.857142857143,277.7,300.382857142857,98.1701388888889,86,0.0148378931752235,4.33438993254873,173.36,6,-173.36,1,7.6514434710358,5.70838140714567,2.07944154167984,5.16112212737019
14277,6213.82,9,888.777777777778,3554.8,690.424444444444,14.9090277777778,335,0.00542909153813916,5.48105043489418,2211.27,5,-12901.34,0.171398474887105,8.73469204133714,6.53875388185886,2.30258509299405,7.70177441667615
14278,205.83,1,131,131,205.83,409.071527777778,13,0.111613561320647,2.40352135885347,0,0,0,0,5.33189719981123,5.33189719981123,0.693147180559945,0
14279,191.86,2,23,23.9,95.93,520.213888888889,3,0.346661494340561,1.07907449819648,0,0,0,0,5.26196453708224,4.57398906850452,1.09861228866811,0
14280,134.04,1,52,52,134.04,196.134027777778,8,0.138354489780707,2.01690344752448,0,0,0,0,4.90557103084765,4.90557103084765,0.693147180559945,0
14281,245.15,1,45,45,245.15,407.961805555556,7,0.200905313437614,1.78294644481217,0,0,0,0,5.50594110620421,5.50594110620421,0.693147180559945,0
14282,7889.94,25,219.12,573.2,315.5976,2.82361111111111,110,0.0343579547515324,3.87635267826232,5,1,-5,1,8.97347054489309,5.75763156687491,3.25809653802148,1.79175946922805
14283,628.92,4,137.5,171.75,157.23,462.961111111111,36,0.0387292223532713,3.41371512351691,0,0,0,0,6.44559282719543,5.06404967073089,1.6094379124341,0
14284,1299.65,3,170,323.2,433.216666666667,30.19375,59,0.020995314120665,3.97303331117142,16.8,1,-16.8,1,7.17061941849128,6.07354364147644,1.38629436111989,2.87919845729804
14285,3284.42,8,119.25,258.35,410.5525,20.9166666666667,48,0.0524175009691621,3.33964807990324,18,1,-125.78,0.1431070122436,8.09724977662738,6.01993659399624,2.19722457733622,2.94443897916644
14286,8444.98,7,1232.42857142857,1904.7,1206.42571428571,23.0944444444444,292,0.00490771054333962,5.49011485639413,83.06,5,-83.06,1,9.04144586750624,7.096245863374,2.07944154167984,4.43153082957697
14287,184.55,3,79,115.2,61.5166666666667,7.97569444444444,9,0.122195274467664,2.14860623632796,25.4,1,-25.4,1,5.22332438750661,4.13543318785979,1.38629436111989,3.27336401015227
14288,426.6,1,188,188,426.6,213.019444444444,16,0.0830944708528429,2.63570789545211,12.75,1,-12.75,1,6.05818817915089,6.05818817915089,0.693147180559945,2.62103882411258
14289,911.26,6,48.6666666666667,121,151.876666666667,8.04583333333333,34,0.0795915280140663,3.10866072173894,0,0,0,0,6.81592503716385,5.02963149610108,1.94591014905531,0
14290,4494.61,8,200,386.75,561.82625,10.95,122,0.0224769043322412,4.32693593123312,307.63,6,-307.63,1,8.41085664403883,6.33297096594358,2.19722457733622,5.73214314842516
14291,7904.1,23,267.217391304348,525,343.65652173913,1.1,253,0.00776020508677185,5.20506634461501,59.7,2,-59.7,1,8.97526339978494,5.84254833194134,3.17805383034795,4.10594369806545
14292,9226.25,16,214.3125,405,576.640625,7.04166666666667,127,0.0583210195842774,3.71365270707174,338.35,11,-338.35,1,9.12991634160839,6.35895191924656,2.83321334405622,5.82703202314977
14293,3253.77,9,189.555555555556,376.4,361.53,2.89791666666667,91,0.0253326810036586,4.0727622175915,78,1,-93.6,0.833333333333333,8.08787689162382,5.89310722949111,2.30258509299405,4.36944785246702
14294,375.34,1,190,190,375.34,406.892361111111,23,0.0515763432550733,3.05405090210788,0,0,0,0,5.9304929901165,5.9304929901165,0.693147180559945,0
14295,2362.91,5,205.8,436.6,472.582,39.875,66,0.0403730038306434,3.76587215219606,46.85,3,-46.85,1,7.76807230673528,6.16032507609076,1.79175946922805,3.86807111789896
14296,456.4,2,157,190.3,228.2,420.983333333333,27,0.040074803303835,3.25756153799747,7.95,1,-7.95,1,6.12555828158868,5.43459498484058,1.09861228866811,2.19165353228676
14297,1305.33,4,216.25,438.2,326.3325,17.1555555555556,48,0.0286921535641342,3.70593747426204,21.27,2,-21.27,1,7.17497695785692,5.79097647385827,1.6094379124341,3.10324048126928
14298,88189.33,82,1111.07317073171,3736.9,1075.47963414634,7.98472222222222,1393,0.00241096922230866,6.67750398666968,373.68,2,-705.18,0.529907257721433,11.3872525987961,6.98145139804333,4.4188406077966,5.92607232834093
14299,14368.47,27,289.925925925926,589,532.165555555556,7.86458333333333,172,0.0445862493509673,4.09820836299009,1671.72,14,-1671.72,1,9.57286109599902,6.27883198673471,3.3322045101752,7.42220632296317
14300,43.2,1,32,32,43.2,18.1618055555556,3,0.347511574074074,1.07604310365571,0,0,0,0,3.78872478908365,3.78872478908365,0.693147180559945,0
14301,1945.38,4,376.5,534.15,486.345,116.928472222222,37,0.0716315719475151,3.01597689371804,35.95,3,-35.95,1,7.57372651603633,6.18897229116354,1.6094379124341,3.60956564739421
14302,742.9,3,99.3333333333333,144.6,247.633333333333,430.236111111111,25,0.1756188675417,2.54925861377215,0,0,0,0,6.6119066171973,5.51597925429301,1.38629436111989,0
14303,277.94,2,109,117.1,138.97,406.925694444444,21,0.0527703719998522,2.98378117630984,0,0,0,0,5.63099670493055,4.94142811393255,1.09861228866811,0
14304,1725.01,3,258.333333333333,333.2,575.003333333333,222.083333333333,71,0.0206797938735706,4.08180202169917,201.2,2,-201.2,1,7.45356766536935,6.35611344771618,1.38629436111989,5.30925730658637
14305,1859.44,3,363,573.6,619.813333333333,70.93125,96,0.0145810673797383,4.39989444916529,55.2,2,-55.2,1,7.52856829787133,6.4310304463016,1.38629436111989,4.02891675689965
14306,2958.92,6,294.833333333333,745.25,493.153333333333,51.01875,43,0.088826868592423,3.09349965886621,9.9,1,-9.9,1,7.99291751992584,6.20284586038951,1.94591014905531,2.3887627892351
14307,5073.78,10,337.4,853.199999999999,507.378,88.175,205,0.00780770733456992,5.09027301243678,7.95,1,-7.95,1,8.53203845321667,6.23122526536562,2.39789527279837,2.19165353228676
14308,36,2,1,1,18,548.876388888889,1,1,0,54,3,-1996.47,0.0270477392597935,3.61091791264422,2.94443897916644,1.09861228866811,4.00733318523247
14309,3744.57,11,228.272727272727,475,340.415454545455,7.97013888888889,125,0.0217122041337728,4.33129720396108,32.85,1,-32.85,1,8.22832908730688,5.83310007748297,2.484906649788,3.52193899935828
14310,492.1,1,230,230,492.1,432.052777777778,22,0.0526293490389363,3.01264418907599,0,0,0,0,6.20071199323008,6.20071199323008,0.693147180559945,0
14311,516.45,2,117.5,143.15,258.225,242.15,31,0.0416070637062992,3.32695120575511,80.55,1,-80.55,1,6.24891290211418,5.55769641044434,1.09861228866811,4.40121632906702
14312,3040.41,11,173.090909090909,587.5,276.400909090909,46.1694444444444,149,0.0102512684832374,4.8168143726095,0,0,0,0,8.02007650266045,5.6254637850596,2.484906649788,0
14314,243.24,2,166,283,121.62,106.132638888889,10,0.214534227007914,1.88229908566199,7.9,1,-7.9,1,5.49815134842662,4.80909014233454,1.09861228866811,2.18605127673809
14315,3181.97,8,168,305.4,397.74625,44.0722222222222,84,0.0250678946588592,4.03815143673875,29.1,2,-29.1,1,8.06557000216699,5.98832524966612,2.19722457733622,3.40452517175483
14316,820.98,5,375.6,588,164.196,421.888194444444,21,0.0901123089725725,2.69705783007873,15,1,-15,1,6.71171606385994,5.10713264771868,1.79175946922805,2.77258872223978
14317,508.58,1,255,255,508.58,64.1291666666667,24,0.0530861241807095,3.07108549565977,0,0,0,0,6.23358685701997,6.23358685701997,0.693147180559945,0
14318,158.02,1,152,152,158.02,459.929166666667,9,0.129370242281713,2.12088957537395,0,0,0,0,5.06902998047334,5.06902998047334,0.693147180559945,0
14319,494.85,1,329,329,494.85,424.008333333333,26,0.0483371879801176,3.1372368641737,17.9,1,-17.9,1,6.20627346163213,6.20627346163213,0.693147180559945,2.9391619220656
14320,1342.85,5,142.6,221,268.57,206.184722222222,68,0.0200769614576005,4.08213400006356,142.63,2,-142.63,1,7.2032939077117,5.59682809688213,1.79175946922805,4.96724054844373
14321,2265.04,7,467.857142857143,661.1,323.577142857143,10.1270833333333,162,0.00941747391949824,4.90507630629383,19.48,1,-19.48,1,7.72578909368281,5.78252323626455,2.07944154167984,3.01944880017131
14322,474.1,4,39.5,106.7,118.525,428.939583333333,10,0.181375197250924,1.97238630843839,89.8,2,-89.8,1,6.16352530819288,4.78352555451217,1.6094379124341,4.50865928560725
14323,605.06,2,175,217.3,302.53,114.092361111111,32,0.0411090360931278,3.32896698566778,30.8,2,-30.8,1,6.40697899106915,5.71548045240201,1.09861228866811,3.45946628978613
14324,701.61,2,201,224.4,350.805,409.0875,41,0.0291153112624817,3.62242893023475,0,0,0,0,6.55480197257986,5.86307704482327,1.09861228866811,0
14325,245.48,1,320,320,245.48,569.1875,18,0.0633643930960042,2.82089658186556,0,0,0,0,5.50728085428841,5.50728085428841,0.693147180559945,0
14326,940.98,3,190.666666666667,314.1,313.66,241.948611111111,54,0.0230961302716885,3.8883360156682,17,1,-17,1,6.84798404292847,5.75149269081228,1.38629436111989,2.89037175789616
14327,1895.89,6,216,303.25,315.981666666667,162.994444444444,99,0.0164108088920363,4.41561557280093,0,0,0,0,7.5479709819596,5.75884393834574,1.94591014905531,0
14328,18,1,1,1,18,437.909027777778,1,1,0,36,2,-890.11,0.0404444394513038,2.94443897916644,2.94443897916644,0.693147180559945,3.61091791264422
14329,9866.64,15,383.533333333333,674.2,657.776,16.875,364,0.00525988627372595,5.58596607438363,185.85,13,-191.7,0.969483568075117,9.19701599542723,6.49038356776741,2.77258872223978,5.23030615593149
14330,200.63,1,103,103,200.63,623.152777777778,13,0.0800412683002239,2.5430526356333,0,0,0,0,5.30643433464998,5.30643433464998,0.693147180559945,0
14331,462.66,2,126,225,231.33,124.022916666667,27,0.0449946527487162,3.2135084551515,0,0,0,0,6.13915152500675,5.4481587747872,1.09861228866811,0
14332,1943.51,5,178.6,235.2,388.702,22.0388888888889,47,0.0354573697085431,3.57461554852582,0,0,0,0,7.57276529629279,5.96538234448443,1.79175946922805,0
14333,415.2,1,58,58,415.2,67.1333333333333,15,0.11239606768426,2.46072427074697,63.75,1,-63.75,1,6.03116591395953,6.03116591395953,0.693147180559945,4.17053370057965
14334,4318.48,12,248.833333333333,379.75,359.873333333333,16.1173611111111,151,0.015297376727861,4.65579177210672,25.5,2,-25.5,1,8.37089030362269,5.88852701956809,2.56494935746154,3.27714473299218
14335,468.26,2,189.5,324.95,234.13,15.9645833333333,55,0.0332287840458069,3.6246519432342,0,0,0,0,6.15115698584157,5.46013855267951,1.09861228866811,0
14336,1623.79,4,439.75,719.6,405.9475,16.0486111111111,77,0.0195931289726428,4.14047844279627,0,0,0,0,7.39313385564359,6.00868418449334,1.6094379124341,0
14338,928.1,3,207.333333333333,329.3,309.366666666667,160.9875,45,0.0267584376467612,3.72415537774091,34,2,-34,1,6.83421637564727,5.73775439422637,1.38629436111989,3.55534806148941
14339,620.27,2,228,282,310.135,242.113888888889,21,0.0705617754256869,2.84009051333768,19.61,3,-19.61,1,6.4317657700516,5.74022690159349,1.09861228866811,3.02577639490237
14340,134.7,1,58,58,134.7,218.170833333333,6,0.186095307066929,1.73137489594641,0,0,0,0,4.91044656684082,4.91044656684082,0.693147180559945,0
14341,4468.28,18,156.611111111111,279.45,248.237777777778,44.9180555555556,199,0.00895434091651943,5.03595502629253,23.85,2,-23.85,1,8.40498260080833,5.51840737164276,2.94443897916644,3.21285775254264
14342,918.44,6,86.8333333333333,119.25,153.073333333333,20.9784722222222,27,0.133777423150608,2.59408587164875,75.7,3,-75.7,1,6.8237647890605,5.03742867954711,1.94591014905531,4.33990170837321
14343,1088.91,4,157.75,258.65,272.2275,421.03125,193,0.00946477624460211,4.97915945745695,0,0,0,0,6.99385040300686,5.61030478148885,1.6094379124341,0
14344,3311.75,20,83.45,195.35,165.5875,126.999305555556,140,0.0397148251862948,4.04006388882769,0,0,0,0,8.10553393914475,5.11552069690585,3.04452243772342,0
14345,108.98,1,50,50,108.98,38.1243055555556,6,0.222555142782634,1.63373449547131,0,0,0,0,4.70029853107967,4.70029853107967,0.693147180559945,0
14346,2249.23,5,375.6,745.8,449.846,120.16875,124,0.0109740671478801,4.66708482967657,0,0,0,0,7.71878771219635,6.11112581777614,1.79175946922805,0
14347,82.6,1,48,48,82.6,736.084027777778,6,0.176098822177535,1.76168054753703,0,0,0,0,4.42604352009066,4.42604352009066,0.693147180559945,0
14348,409.57,1,183,183,409.57,259.852083333333,18,0.0913195913320121,2.67891334721549,0,0,0,0,6.01754643810648,6.01754643810648,0.693147180559945,0
14349,133.5,1,86,86,133.5,9.88263888888889,31,0.0436656763315519,3.26998144089297,0,0,0,0,4.90156419904189,4.90156419904189,0.693147180559945,0
14350,949.13,3,181,206.4,316.376666666667,273.941666666667,55,0.0219998619613591,3.91430305167593,24.23,1,-24.23,1,6.85659881733782,5.76008929142237,1.38629436111989,3.22803376265297
14351,51,1,12,12,51,164.079166666667,1,1,0,0,0,0,0,3.95124371858143,3.95124371858143,0.693147180559945,0
14352,1078.96,4,134.5,285.7,269.74,156.922916666667,44,0.0290801809545375,3.66262876147425,0,0,0,0,6.98467928239534,5.60115895075764,1.6094379124341,0
14353,376.5,3,114.666666666667,199.2,125.5,214.905555555556,18,0.08625388309533,2.65664936280181,0,0,0,0,5.93357056868908,4.84024230816757,1.38629436111989,0
14354,163.62,2,105,118.5,81.81,5.05416666666667,9,0.136283607580902,2.09019444569853,0,0,0,0,5.1036397875445,4.41654882704561,1.09861228866811,0
14355,1014.45,3,236.333333333333,311.7,338.15,365.023611111111,57,0.0228227254911659,3.90504067463979,0,0,0,0,6.92308714297912,5.82644248739209,1.38629436111989,0
14356,701.23,2,138.5,147.05,350.615,79.1888888888889,33,0.0518518721011114,3.27443660124364,34.29,2,-34.29,1,6.55426098569271,5.86253682701706,1.09861228866811,3.56359963768718
14357,225.77,1,148,148,225.77,42.89375,39,0.0502517741428663,3.30836720000155,0,0,0,0,5.42393628797219,5.42393628797219,0.693147180559945,0
14358,400.06,2,169,216.7,200.03,388.874305555556,21,0.0657584684798905,2.8913496149856,15.76,1,-15.76,1,5.99411104204889,5.30345415065319,1.09861228866811,2.81899509505394
14359,912.18,3,123.666666666667,183.3,304.06,18.98125,44,0.0276716832780082,3.68884512375096,29.6,3,-29.6,1,6.81693301340836,5.72050847857179,1.38629436111989,3.42100000895834
14360,2128.23,4,287.75,664.9,532.0575,31.1513888888889,104,0.0132654687624094,4.48035128745258,0,0,0,0,7.66351569099833,6.27862929827218,1.6094379124341,0
14361,214.71,1,251,251,214.71,578.05625,14,0.0798061745433483,2.58586249858094,0,0,0,0,5.37393491300663,5.37393491300663,0.693147180559945,0
14362,161.32,1,100,100,161.32,21.9041666666667,37,0.0383204712252113,3.43073376316721,0,0,0,0,5.08956969551756,5.08956969551756,0.693147180559945,0
14363,227.47,2,52.5,66.45,113.735,401.825694444444,8,0.191870542402518,1.82205472759561,0,0,0,0,5.43140491068639,4.74262512144194,1.09861228866811,0
14364,3717.83,8,245.875,364.35,464.72875,108.117361111111,62,0.0390479309937208,3.56009111061057,0,0,0,0,8.22116438166759,6.14360338310535,2.19722457733622,0
14365,634.68,2,278.5,324.85,317.34,394.123611111111,50,0.0235603986196645,3.81552352993961,0,0,0,0,6.45469529206629,5.76311999400171,1.09861228866811,0
14366,136,1,16,16,136,524.852083333333,1,1,0,0,0,0,0,4.91998092582813,4.91998092582813,0.693147180559945,0
14367,9261.52,16,277.375,515,578.845,7.97986111111111,272,0.0108380434822729,5.02558403114415,93.7,3,-93.7,1,9.13373142884627,6.36276082644581,2.83321334405622,4.55071400019203
14368,155,1,36,36,155,319.123611111111,8,0.13306638917794,2.04828591977561,0,0,0,0,5.04985600724954,5.04985600724954,0.693147180559945,0
14369,469.13,2,127.5,160.35,234.565,641.877083333333,24,0.0615572749967901,2.99030304432343,0,0,0,0,6.15300925220323,5.4619868838657,1.09861228866811,0
14370,1147.53,6,44.3333333333333,76.5,191.255,450.122916666667,37,0.0597377114441668,3.23961553614642,82.7,3,-83.65,0.988643156007173,7.04623814281543,5.2588226158499,1.94591014905531,4.42723897749543
14371,100.5,1,34,34,100.5,294.84375,4,0.28379594564491,1.32104926809521,0,0,0,0,4.62005879848184,4.62005879848184,0.693147180559945,0
14372,860.08,2,189,194.4,430.04,442.897916666667,36,0.050214334216117,3.3532727616719,29.9,1,-29.9,1,6.75818741532625,6.066200893222,1.09861228866811,3.4307561839037
14373,69.6,1,17,17,69.6,357.881944444444,4,0.274784482758621,1.33635909670849,0,0,0,0,4.2570301444992,4.2570301444992,0.693147180559945,0
14374,108,1,20,20,108,540.975694444444,7,0.145572273662551,1.93600712394402,0,0,0,0,4.69134788222914,4.69134788222914,0.693147180559945,0
14375,1127.82,3,219.666666666667,283.1,375.94,185.004166666667,177,0.0140356080593335,4.65876653629878,0,0,0,0,7.02892811831219,5.93208602358848,1.38629436111989,0
14376,215.46,1,50,50,215.46,682.884722222222,17,0.12959494424528,2.31094716786012,0,0,0,0,5.377405772867,5.377405772867,0.693147180559945,0
14377,597.15,2,109.5,122.55,298.575,191.0125,11,0.146389263147709,2.12969667658976,0,0,0,0,6.39384155861691,5.70236480356858,1.09861228866811,0
14378,131.25,1,57,57,131.25,621.061111111111,9,0.116604081632653,2.17529634727595,0,0,0,0,4.88469407073841,4.88469407073841,0.693147180559945,0
14379,1254.11,4,178.25,269.4,313.5275,43.8798611111111,95,0.0199619454154738,4.23075934019139,0,0,0,0,7.13497849712729,5.75107151269937,1.6094379124341,0
14380,18,1,1,1,18,681.81875,1,1,0,18,1,-148.69,0.121057233169682,2.94443897916644,2.94443897916644,0.693147180559945,2.94443897916644
14381,631.49,2,226.5,298.95,315.745,51.8611111111111,104,0.0199133403507648,4.25716337364753,0,0,0,0,6.44966441020001,5.75809703375701,1.09861228866811,0
14382,1295.08,2,810.5,1122.35,647.54,25.8555555555556,227,0.00961433100227165,4.98586113618001,5.95,1,-5.95,1,7.16709960340216,6.47472368265617,1.09861228866811,1.9387416595767
14383,1265.17,3,272.333333333333,376.8,421.723333333333,37.8729166666667,49,0.0403542063082568,3.57405045724914,0,0,0,0,7.14375187488984,6.04671790674319,1.38629436111989,0
14384,58.5,1,30,30,58.5,500.164583333333,3,0.333333333333333,1.09861228866811,0,0,0,0,4.08597631255158,4.08597631255158,0.693147180559945,0
14385,202.11,3,53,64.8,67.37,8.88472222222222,13,0.100057698391954,2.44363840382269,0,0,0,0,5.31374770420339,4.2249341319257,1.38629436111989,0
14386,142.4,1,54,54,142.4,296.128472222222,7,0.161259429049362,1.88298424255512,0,0,0,0,4.96563792816552,4.96563792816552,0.693147180559945,0
14387,1759.36,3,273,371.4,586.453333333333,32.0145833333333,125,0.0136561576699499,4.57555219986174,0,0,0,0,7.47327361257017,6.37579681023926,1.38629436111989,0
14388,6705.32,16,272.5,359.5,419.0825,9.97083333333333,200,0.0118096289358783,4.88561014451442,111.7,4,-111.7,1,8.81080564434876,6.04045112055928,2.83321334405622,4.72472942104573
14389,1898.01,5,277.6,486.2,379.602,64.9395833333333,52,0.0285087531284332,3.72529039906899,76.94,6,-76.94,1,7.54908797672786,5.94175420970899,1.79175946922805,4.35593929991056
14390,6386.52,13,223.846153846154,428.2,491.270769230769,9.95902777777778,202,0.0173823544534236,4.60219774604077,76.5,5,-76.5,1,8.76210136562252,6.19902890907359,2.63905732961526,4.3502779363593
14391,135.6,1,168,168,135.6,576.172222222222,14,0.0721669668728953,2.63361499803551,0,0,0,0,4.91705694713669,4.91705694713669,0.693147180559945,0
14392,266.4,1,114,114,266.4,432.0375,14,0.10119409950491,2.48771410347787,0,0,0,0,5.58874566466784,5.58874566466784,0.693147180559945,0
14393,67.95,1,13,13,67.95,217.815277777778,5,0.211199855323651,1.57985183576647,0,0,0,0,4.23338160423931,4.23338160423931,0.693147180559945,0
14394,93.8,1,58,58,93.8,564.129861111111,6,0.167216006473875,1.79013282822153,0,0,0,0,4.55176940926098,4.55176940926098,0.693147180559945,0
14395,8208.01,20,203.6,355.9,410.4005,1.92777777777778,331,0.00924584867667848,5.16460057593157,47.2,4,-47.2,1,9.0129876105227,6.0195671925803,3.04452243772342,3.87535902105655
14396,2121.93,7,146,247.6,303.132857142857,64.9034722222222,200,0.0114226587865691,4.86177077750886,0,0,0,0,7.66055248895052,5.71746463601158,2.07944154167984,0
14397,2595.68,19,98.2105263157895,189.8,136.614736842105,2.14444444444444,18,0.185717694846023,2.14306994008086,56.28,4,-56.28,1,7.86198898497169,4.92445801890775,2.99573227355399,4.04795152265239
14398,707.79,2,133.5,188.85,353.895,400.961111111111,50,0.0317845657313642,3.66664781554856,0,0,0,0,6.5635592908392,5.87182197107758,1.09861228866811,0
14399,2113.16,8,121,190.9,264.145,393.977083333333,120,0.0530083751477502,3.92874041701147,15,1,-15,1,7.65641284946965,5.58027684615473,2.19722457733622,2.77258872223978
14400,1667.43,3,536.666666666667,631.6,555.81,148.916666666667,71,0.0237220286737073,4.00140409695675,29.47,2,-29.47,1,7.41963834346058,6.32222406862905,1.38629436111989,3.41674259299762
14401,6808.64,22,289.863636363636,507.95,309.483636363636,3.97222222222222,174,0.0260039415585482,4.38671302860379,92.5,3,-92.5,1,8.82609453431011,5.73813119906252,3.13549421592915,4.53796143629464
14402,255.6,1,216,216,255.6,651.979166666667,8,0.369580550596222,1.47513044425061,0,0,0,0,5.54751845218154,5.54751845218154,0.693147180559945,0
14403,1880.51,6,122.833333333333,243.5,313.418333333333,130.036805555556,20,0.123333168667046,2.40896269081957,57.75,3,-57.75,1,7.53982992492769,5.75072437098389,1.94591014905531,4.07329115302427
14404,2851.34,13,127.384615384615,256.8,219.333846153846,33.0138888888889,125,0.0293717877187347,4.01514798256476,99,2,-99,1,7.95589498901495,5.39514387865672,2.63905732961526,4.60517018598809
14405,195,1,100,100,195,386.048611111111,2,0.52,0.673011667009257,0,0,0,0,5.27811465923052,5.27811465923052,0.693147180559945,0
14406,156.75,1,77,77,156.75,118.872222222222,8,0.133358872024196,2.04707133107191,0,0,0,0,5.06101150142132,5.06101150142132,0.693147180559945,0
14407,2123.89,6,215.833333333333,490.5,353.981666666667,106.991666666667,67,0.0563293157965775,3.62245380380632,46.65,3,-46.65,1,7.6614753153128,5.87206614494937,1.94591014905531,3.86388263010021
14408,4109.93,11,222.181818181818,419.5,373.63,10.0479166666667,65,0.0713687903074358,3.13122839700768,0,0,0,0,8.32140455926568,5.92593887222777,2.484906649788,0
14409,3717.74,9,264.111111111111,568.6,413.082222222222,70.8138888888889,80,0.0570325376200406,3.6782171244531,302.4,1,-302.4,1,8.22114018021469,6.02606455850757,2.30258509299405,5.71505206691443
14410,2651.56,11,125.363636363636,403,241.050909090909,91.9458333333333,308,0.0075146623402049,5.29433203122248,528.77,6,-528.77,1,7.88328049040196,5.48914807217666,2.484906649788,6.27244295009314
14411,1063,1,196,196,1063,310.079166666667,14,0.074967684954189,2.61374362912681,0,0,0,0,6.96979066990159,6.96979066990159,0.693147180559945,0
14412,1445.13,3,476,663.6,481.71,42.1284722222222,75,0.0237383596446897,4.06689396266643,8.7,1,-8.7,1,7.27664630185885,6.17941605925318,1.38629436111989,2.27212588550934
14413,445.57,4,70,128.25,111.3925,361.967361111111,95,0.0213077951401226,4.1509555692564,0,0,0,0,6.10159616294466,4.72199720925467,1.6094379124341,0
14414,2373.82,8,350.625,503.1,296.7275,91.0701388888889,99,0.0157677904328518,4.34525851217861,11.85,1,-11.85,1,7.77267692412289,5.69617863862947,2.19722457733622,2.55334381134123
14415,12058.75,23,274.086956521739,589,524.29347826087,0.925,491,0.0057790335630594,5.6281201682663,176.47,9,-176.47,1,9.39762874038141,6.26395711261704,3.17805383034795,5.17880158054647
14416,490.22,2,163,252.1,245.11,21.8944444444444,13,0.389696728546454,1.61301311616955,0,0,0,0,6.19689209261641,5.50577859046014,1.09861228866811,0
14417,615,1,567,567,615,387.079861111111,106,0.0206333071584374,4.25355199328532,0,0,0,0,6.42324696353352,6.42324696353352,0.693147180559945,0
14418,1928.38,3,570.333333333333,787.5,642.793333333333,3.04930555555556,114,0.0141489599570116,4.51584401012376,0,0,0,0,7.56495398676586,6.46737776362832,1.38629436111989,0
14419,1260.91,7,79.4285714285714,116.1,180.13,10.0611111111111,118,0.0195328011497171,4.2915160150264,0,0,0,0,7.14038172518567,5.19921500550483,2.07944154167984,0
14420,1639.17,4,280,333.1,409.7925,98.8215277777778,86,0.0173940418861077,4.27354386488201,11.45,3,-11.45,1,7.40255517398265,6.01808822082834,1.6094379124341,2.52172062291072
14421,2469.37,6,223.666666666667,533.75,411.561666666667,57.0180555555556,78,0.052871745801847,3.6697952217321,12.75,1,-12.75,1,7.81212321597434,6.02238568955097,1.94591014905531,2.62103882411258
14422,10265.54,19,319.315789473684,662.299999999999,540.291578947368,0.0583333333333333,326,0.00540013501583116,5.48774576522159,70.6,2,-70.6,1,9.23664534255511,6.29395809659226,2.99573227355399,4.2710950739666
14423,916.61,3,139.666666666667,194.7,305.536666666667,217.943055555556,12,0.519334333288312,1.23051042237936,1.65,1,-1.65,1,6.82177246375055,5.72533737845496,1.38629436111989,0.974559639998131
14424,322.08,1,48,48,322.08,17.0430555555556,1,1,0,0,0,0,0,5.7778999705741,5.7778999705741,0.693147180559945,0
14425,661.39,3,108.333333333333,146.7,220.463333333333,434.143055555556,37,0.0288122130016251,3.58098643382038,25.5,2,-25.5,1,6.49585450633874,5.40025703778377,1.38629436111989,3.27714473299218
14426,11532.77,17,413.117647058824,860.2,678.398235294118,23.0173611111111,468,0.00509647984803135,5.7814175387357,620.02,10,-623.97,0.993669567447153,9.35303453293266,6.52120745827554,2.89037175789616,6.43136328753404
14427,986.52,4,134.5,273.45,246.63,49.9770833333333,43,0.0303593046520266,3.62556229577664,0,0,0,0,6.89519674973474,5.51193569663717,1.6094379124341,0
14428,1237.83,5,87.2,150.6,247.566,6.98125,108,0.0253889655325247,4.11537103842579,14.69,2,-14.69,1,7.12192266479,5.51570840383433,1.79175946922805,2.75302356674494
14429,516.28,1,286,286,516.28,403.1125,22,0.0524617771313203,3.01360203359963,0,0,0,0,6.24858431397712,6.24858431397712,0.693147180559945,0
14430,1220.9,3,148.666666666667,262.4,406.966666666667,511.09375,29,0.0432532054056925,3.23833013123961,264.5,2,-264.5,1,7.10816230332248,6.01118547172018,1.38629436111989,5.58161484068199
14431,2614.2,4,300.5,636.8,653.55,302.090277777778,72,0.0316541822534169,3.85688061490506,72.6,1,-72.6,1,7.86909585541,6.48394797662611,1.6094379124341,4.29864502573483
14432,2271.89,6,345,651.25,378.648333333333,9.19861111111111,256,0.0135139309885011,4.84523199637224,0,0,0,0,7.72880742848881,5.93924538564127,1.94591014905531,0
14433,289.6,1,134,134,289.6,465.052083333333,72,0.0220922338107811,4.04261179182258,0,0,0,0,5.67194775113618,5.67194775113618,0.693147180559945,0
14434,1372.8,6,61.3333333333333,92,228.8,21.1625,3,0.382861020098782,1.01374723695899,0,0,0,0,7.22533590177978,5.43720936541466,1.94591014905531,0
14435,85.38,1,258,258,85.38,501.053472222222,3,0.350584637782362,1.07366963549957,0,0,0,0,4.45875616753256,4.45875616753256,0.693147180559945,0
14436,247.22,2,136.5,143.25,123.61,98.1506944444444,11,0.297590333871113,1.72701008503458,0,0,0,0,5.51431544970137,4.82518885995478,1.09861228866811,0
14437,958.84,5,97.2,150.4,191.768,365.140972222222,37,0.0359865623351939,3.46075567341516,40.5,2,-128.9,0.314197051978278,6.86676660390478,5.26148739329732,1.79175946922805,3.72569342723665
14438,131.9,1,82,82,131.9,305.9125,9,0.126454725677837,2.12386057282228,0,0,0,0,4.8895969657192,4.8895969657192,0.693147180559945,0
14439,9375.24,5,448.8,726,1875.048,319.049305555556,115,0.0132281528473628,4.49292134485346,0,0,0,0,9.14593410875881,7.53692271559279,1.79175946922805,0
14440,6638.73,13,135,292.2,510.671538461538,7.88055555555556,64,0.0497285459304932,3.41816355287321,111.9,2,-111.9,1,8.80082657899313,6.23768289273106,2.63905732961526,4.72650247115562
14441,4610.74,11,114.545454545455,165,419.158181818182,0.154861111111111,104,0.0231840492456379,4.19713122550389,211.2,8,-250.1,0.844462215113954,8.43636050512508,6.04063126374926,2.484906649788,5.35752922617988
14442,5023.07,7,204.428571428571,334.6,717.581428571429,204.093055555556,132,0.0115706288102684,4.66111688933934,95,5,-95,1,8.52199564117199,6.57727903044263,2.07944154167984,4.56434819146784
14443,2368.52,5,304,400.4,473.704,53.1527777777778,119,0.0123106158320447,4.60640776733676,34.89,3,-34.89,1,7.7704426819713,6.16269145189632,1.79175946922805,3.58045870515952
14444,135.4,1,180,180,135.4,455.7875,11,0.121709383434171,2.24869723241935,0,0,0,0,4.91559174540936,4.91559174540936,0.693147180559945,0
14445,221.65,1,83,83,221.65,455.111805555556,32,0.0405603361658753,3.33525304333015,0,0,0,0,5.40560103176771,5.40560103176771,0.693147180559945,0
14446,1254.03,5,223.2,359.6,250.806,0.0527777777777778,261,0.00870114798055785,5.11064886427572,0,0,0,0,7.13491475566265,5.52865894976162,1.79175946922805,0
14447,1711.73,6,152.166666666667,300.75,285.288333333333,18.1819444444444,87,0.015014928639592,4.32886607018131,0,0,0,0,7.4458438676874,5.65699946147752,1.94591014905531,0
14448,375.35,2,52,59.2,187.675,8.95833333333333,20,0.416688822327171,1.56812868422151,0,0,0,0,5.93051956148054,5.24002595817093,1.09861228866811,0
14449,2483.96,8,222.25,433.85,310.495,18.0305555555556,303,0.0103436218639854,5.11998552869578,0,0,0,0,7.8180118418217,5.74138328673432,2.19722457733622,0
14450,1129.32,7,74.5714285714286,109.3,161.331428571429,180.127777777778,48,0.0466144703292905,3.38248663257041,0,0,0,0,7.03025605745755,5.08964010069941,2.07944154167984,0
14451,3304.87,12,146.416666666667,229.65,275.405833333333,60.0083333333333,258,0.0119664636380463,4.94048394647567,43.18,6,-43.18,1,8.10345495516378,5.62187019635002,2.56494935746154,3.78827219799197
14452,665.59,4,72.25,99.35,166.3975,10.0305555555556,114,0.0136550611570654,4.49268942239608,0,0,0,0,6.50217516426097,5.12037122365473,1.6094379124341,0
14453,119.93,1,49,49,119.93,189.982638888889,22,0.0641237823150249,2.89856795268967,0,0,0,0,4.79521186579718,4.79521186579718,0.693147180559945,0
14454,977.3,5,80,108,195.46,375.975,94,0.033980639133104,3.98088771438027,6.6,1,-6.6,1,6.88581637146338,5.28045884824672,1.79175946922805,2.02814824729229
14455,628.21,4,179.75,345.05,157.0525,431.918055555556,67,0.0363372504572869,3.60652907796876,33.35,1,-33.35,1,6.44446506425554,5.06292725631571,1.6094379124341,3.53660201866836
14456,3097.55,9,323.111111111111,647.4,344.172222222222,4.95208333333333,582,0.00419914033677166,5.87808368262444,14.77,5,-14.77,1,8.03868953911237,5.84404348732208,2.30258509299405,2.75810940097495
14457,113.64,1,88,88,113.64,310.132638888889,4,0.315885545305634,1.21688335711453,0,0,0,0,4.74179678351992,4.74179678351992,0.693147180559945,0
14458,237.42,1,328,328,237.42,380.004861111111,46,0.0431182008319136,3.44217842751142,0,0,0,0,5.47403382428986,5.47403382428986,0.693147180559945,0
14459,5375.95,2,1151.5,1503.85,2687.975,155.010416666667,113,0.0122167804955256,4.54671330087793,18,1,-36.6,0.491803278688525,8.5898765779009,7.89691535908916,1.09861228866811,2.94443897916644
14460,1045.68,9,192.111111111111,427,116.186666666667,109.979861111111,33,0.0484000240888201,3.2637593606686,173.9,3,-173.9,1,6.95337852900655,4.76376810502834,2.30258509299405,5.16421438202456
14461,6711.57,13,232.846153846154,366.8,516.274615384615,147.860416666667,516,0.00444307972228988,5.87405196518162,15.9,1,-15.9,1,8.81173716706815,6.24857390444377,2.63905732961526,2.82731362192903
14462,2269.11,12,89.3333333333333,172.1,189.0925,65.9131944444444,181,0.013229790236782,4.68057823722407,38.12,4,-38.12,1,7.72758356745117,5.24751079579658,2.56494935746154,3.66663384516662
14463,786.57,4,52.5,89.4,196.6425,97.9375,7,0.276338265347163,1.54809517316631,0,0,0,0,6.66895225563829,5.28645984315883,1.6094379124341,0
14464,111,2,31,46.3,55.5,567.826388888889,4,0.362647918188459,1.19431193312863,0,0,0,0,4.71849887129509,4.0342406381524,1.09861228866811,0
14465,3608.11,11,183.454545454545,324,328.01,246.05,129,0.0695172528069747,3.32125390485919,0,0,0,0,8.19121648353546,5.79608814544023,2.484906649788,0
14466,4646.9,13,203.384615384615,402.2,357.453846153846,28.9465277777778,87,0.0377279951686752,3.78472504754728,0,0,0,0,8.44417078367036,5.88179991020043,2.63905732961526,0
14467,2220.99,12,99.6666666666667,181.45,185.0825,17.0013888888889,151,0.0142029553747744,4.59002835354279,0,0,0,0,7.7061584697394,5.22619012376179,2.56494935746154,0
14468,204.24,1,164,164,204.24,733.020138888889,12,0.102098333581116,2.36710568865323,0,0,0,0,5.32418002607376,5.32418002607376,0.693147180559945,0
14469,2087.98,4,239,370.9,521.995,415.972222222222,120,0.0193799773124186,4.31906172632733,0,0,0,0,7.6444311875519,6.25957190378978,1.6094379124341,0
14470,698.04,3,94,133.1,232.68,11.0965277777778,56,0.0296230219847447,3.77873379984501,0,0,0,0,6.54970796520313,5.45395265807949,1.38629436111989,0
14471,400.95,2,93.5,116.45,200.475,590.859722222222,38,0.0373976719868191,3.43949279195784,0,0,0,0,5.99632770277397,5.30566530421058,1.09861228866811,0
14472,2214.42,9,145,261,246.046666666667,103.117361111111,175,0.0126289079419924,4.7665009568826,0,0,0,0,7.70319728075717,5.50957725265537,2.30258509299405,0
14473,234.34,2,44,74.6,117.17,73.9444444444444,7,0.210798512899397,1.73929021322425,0,0,0,0,5.46103127703578,4.77212426565092,1.09861228866811,0
14474,1278.08,2,226.5,304.35,639.04,46.0166666666667,126,0.0124605726758797,4.57365678565583,9.95,1,-9.95,1,7.15389634848905,6.46153067440067,1.09861228866811,2.39333945626251
14475,1151.15,4,135.25,193.05,287.7875,71.1277777777778,40,0.0450433029821127,3.42446592712288,126.03,3,-126.03,1,7.0493850411128,5.66569112353348,1.6094379124341,4.84442327903537
14476,215.7,1,132,132,215.7,256.924305555556,17,0.0801439137145312,2.65639375670933,0,0,0,0,5.37851390854231,5.37851390854231,0.693147180559945,0
14477,1969.6,7,160,228,281.371428571429,19.06875,8,0.159360253101406,1.95246732966701,8.99,3,-8.99,1,7.58609334388837,5.64322332688677,2.07944154167984,2.30158459266046
14478,1274.71,4,306.5,363,318.6775,381.889583333333,59,0.0373783337696608,3.60426469740088,0,0,0,0,7.1512581653471,5.76731267510929,1.6094379124341,0
14479,1299.11,4,155,246.65,324.7775,253.196527777778,127,0.0163081330190141,4.40915678497461,0,0,0,0,7.17020415525456,5.78621463300966,1.6094379124341,0
14480,1299.52,4,167.5,209,324.88,10.84375,52,0.027637960003727,3.759120182988,4.25,1,-4.25,1,7.17051946347095,5.78652921544244,1.6094379124341,1.65822807660353
14481,2311.49,5,316.8,465.8,462.298,164.133333333333,119,0.0226174861857,4.3382236595681,18,1,-376.17,0.0478507057979105,7.74608014505291,6.13837047555596,1.79175946922805,2.94443897916644
14482,4300.31,12,234.25,466.65,358.359166666667,17.9833333333333,188,0.063842933418291,3.74931192580359,165.66,2,-165.66,1,8.3666749064477,5.88432235261002,2.56494935746154,5.11595580895406
14483,257.1,2,96.5,96.95,128.55,281.1,13,0.095250316904237,2.43584153729025,7.9,1,-7.9,1,5.55334710672457,4.86406690700812,1.09861228866811,2.18605127673809
14484,1070.98,4,186,249.25,267.745,49.9854166666667,47,0.0279563407397423,3.71835183425768,0,0,0,0,6.97726268474029,5.59376297461764,1.6094379124341,0
14485,165.75,1,71,71,165.75,38.0173611111111,44,0.0316220989196235,3.59650973415744,0,0,0,0,5.11649568479573,5.11649568479573,0.693147180559945,0
14486,175.5,2,45,49.5,87.75,511.172222222222,4,0.333333333333333,1.21488965394912,0,0,0,0,5.17332087637335,4.48582342835553,1.09861228866811,0
14487,1446.62,7,119.571428571429,249.5,206.66,26.0229166666667,129,0.0202253335826283,4.32973816094134,25.5,1,-25.5,1,7.27767610756541,5.33590212687531,2.07944154167984,3.27714473299218
14488,1064.28,1,799,799,1064.28,67.1805555555556,46,0.0497557161700325,3.49238467494904,16.85,1,-16.85,1,6.97099295438666,6.97099295438666,0.693147180559945,2.88200350822565
14489,1570.98,4,252.75,298.85,392.745,206.957638888889,75,0.0184801369525117,4.15643408549798,0,0,0,0,7.36009125026191,5.97570349164652,1.6094379124341,0
14490,1273.47,2,466.5,486.75,636.735,405.948611111111,72,0.0187419887711305,4.14518839386193,0,0,0,0,7.15028568489653,6.45792283655716,1.09861228866811,0
14491,468.13,2,89.5,98.05,234.065,174.936111111111,17,0.108394913685389,2.5317904914911,0,0,0,0,6.15087991553854,5.45986207164329,1.09861228866811,0
14492,1921.91,7,107.285714285714,205.9,274.558571428571,430.020138888889,70,0.0255399355535041,3.98259696108857,347.55,3,-347.55,1,7.56159494262146,5.61880020646338,2.07944154167984,5.85378169193241
14493,5034.3,10,318.3,635.8,503.43,6.85833333333333,298,0.00625225649223689,5.37310727470168,94.1,4,-94.1,1,8.52422838629724,6.22342907892797,2.39789527279837,4.55492896955134
14494,401.46,3,70,91.6,133.82,25.1451388888889,17,0.116252877713726,2.5456086625797,0,0,0,0,5.99759571303822,4.90394055542529,1.38629436111989,0
14495,174.8,3,22.6666666666667,38.2,58.2666666666667,50.0569444444444,7,0.16875252004252,1.87259715284977,8.5,1,-8.5,1,5.16934698525108,4.08204703441169,1.38629436111989,2.2512917986065
14496,2666.28,7,141.571428571429,303.6,380.897142857143,311.159027777778,65,0.0412537754931574,3.68416021343931,22.35,3,-22.35,1,7.88881450554792,5.94515131281344,2.07944154167984,3.15059698411491
14497,697.06,2,166,228.1,348.53,308.825694444444,40,0.028335341523166,3.62825897509861,17.9,1,-17.9,1,6.54830505895342,5.85658939489996,1.09861228866811,2.9391619220656
14498,3713.32,10,212.2,417.25,371.332,42.0701388888889,280,0.00947890055230642,5.14961172943204,0,0,0,0,8.21995089867493,5.91978592937409,2.39789527279837,0
14499,2139.17,7,178.571428571429,286.3,305.595714285714,25.9923611111111,203,0.0136206210173063,4.70094682454383,18.35,3,-18.35,1,7.6686405441131,5.725529988146,2.07944154167984,2.96269241947579
14500,356.85,3,39,93.7,118.95,87.8784722222222,6,0.239132658767579,1.57047309648314,0,0,0,0,5.88011390418461,4.7870749892857,1.38629436111989,0
14501,251.21,2,80.5,112.45,125.605,183.075,9,0.129321809047451,2.11649258906675,60.9,1,-60.9,1,5.53026207381532,4.84107200340096,1.09861228866811,4.12552017969055
14502,2473.35,11,136.181818181818,342.5,224.85,19.0416666666667,369,0.011117742335267,5.3204764416443,119.65,3,-119.65,1,7.81373301424785,5.41987106210061,2.484906649788,4.79289379207104
14503,3543.26,6,334,541,590.543333333333,2.97222222222222,113,0.0187931626006601,4.33573599445814,0,0,0,0,8.17308467246516,6.38273494080831,1.94591014905531,0
14504,673.26,4,77,115.95,168.315,46.9097222222222,85,0.0226960290981704,4.06851411681885,0,0,0,0,6.51361579320389,5.13176088533246,1.6094379124341,0
14505,11965.44,19,283.315789473684,522.1,629.76,16.8784722222222,916,0.00321488299804319,6.290782463891,283.04,8,-283.04,1,9.38986134412469,6.44692544153739,2.99573227355399,5.64911507331389
14506,3290.67,7,154,247.1,470.095714285714,16.9916666666667,259,0.0102976556048893,5.00268346837589,0,0,0,0,8.09915031375893,6.15506128841502,2.07944154167984,0
14507,3284.43,11,139.636363636364,329,298.584545454545,23.0201388888889,182,0.0171928138911751,4.65970442469231,111.96,3,-111.94,1.00017866714311,8.09725282037362,5.70239666638248,2.484906649788,4.72703377374493
14508,874.94,5,71.8,79.4,174.988,21.7097222222222,145,0.0144910661352181,4.5663282067945,18.85,1,-18.85,1,6.77529759543994,5.17041581089548,1.79175946922805,2.9882040071332
14509,110.95,1,38,38,110.95,534.020138888889,25,0.0519301838499533,3.06389560323247,0,0,0,0,4.71805234304476,4.71805234304476,0.693147180559945,0
14510,1007.53,3,273.666666666667,495.9,335.843333333333,375.002777777778,67,0.0313333523838195,3.7455368603907,15.3,1,-15.3,1,6.91624910410106,5.81961793600801,1.38629436111989,2.79116510781272
14511,1307.81,5,156.8,249.8,261.562,10.8229166666667,54,0.0332420809274525,3.68597061984973,47.4,1,-47.4,1,7.17687360640609,5.57048724461929,1.79175946922805,3.87949981372259
14512,1209.57,7,106,250.2,172.795714285714,187.049305555556,55,0.0329842855329084,3.63430747634399,0,0,0,0,7.09884660205025,5.15788055364184,2.07944154167984,0
14513,736.17,6,86.8333333333333,155.5,122.695,100.100694444444,15,0.127802134408236,2.20274800337725,17.1,1,-17.1,1,6.60281853044782,4.81781885820965,1.94591014905531,2.89591193827178
14514,4598.98,9,277.333333333333,447,510.997777777778,60.90625,219,0.0147804490811247,4.81316041476361,4.25,1,-4.25,1,8.43380723464165,6.23832028475231,2.30258509299405,1.65822807660353
14515,3747.31,12,159.75,331.35,312.275833333333,17.0506944444444,111,0.0230912606288011,4.10002176350221,30.36,3,-30.36,1,8.22906035071705,5.7470840591175,2.56494935746154,3.44553319548221
14516,163.92,1,68,68,163.92,515.988194444444,35,0.0595249983267439,3.17641642113038,0,0,0,0,5.1054605078387,5.1054605078387,0.693147180559945,0
14517,330.45,2,45.5,70.25,165.225,32.9375,17,0.0703900587563129,2.75250127283918,0,0,0,0,5.8034769686874,5.11334229228852,1.09861228866811,0
14518,178.21,1,278,278,178.21,63.9631944444444,16,0.111705569543155,2.37211937699837,0,0,0,0,5.1885583025553,5.1885583025553,0.693147180559945,0
14519,206.09,2,41,49.1,103.045,683.063888888889,38,0.0405063577187833,3.43819648566703,0,0,0,0,5.33315348138349,4.64482349786474,1.09861228866811,0
14520,270.6,2,73,97.3,135.3,1.12777777777778,3,0.722489073308391,0.526336133819793,0,0,0,0,5.60433039568454,4.91485833870249,1.09861228866811,0
14521,202.57,1,211,211,202.57,490.885416666667,17,0.069900697398941,2.73121255786499,31.8,1,-31.8,1,5.31600992607896,5.31600992607896,0.693147180559945,3.4904285153901
14522,1758.62,8,121,221.95,219.8275,23.9763888888889,37,0.0590996768597913,3.09503663812761,0,0,0,0,7.47285315562956,5.39738185374904,2.19722457733622,0
14523,241.09,1,251,251,241.09,108.025694444444,12,0.114277134213822,2.3148360368978,0,0,0,0,5.48930955784516,5.48930955784516,0.693147180559945,0
14524,2863.87,13,90.4615384615385,201.2,220.297692307692,31.0145833333333,253,0.0162312357181347,4.85213569040933,0,0,0,0,7.9602782529012,5.3995088191115,2.63905732961526,0
14525,8193.44,17,306.058823529412,603.6,481.967058823529,19.0506944444444,342,0.0758229227690341,4.1079847644115,110.83,4,-110.83,1,9.01121115449282,6.17994845013324,2.89037175789616,4.7169798610401
14526,262.4,1,179,179,262.4,388.970833333333,41,0.0326059898544393,3.55948466215788,0,0,0,0,5.57367378930918,5.57367378930918,0.693147180559945,0
14527,27372.72,122,55.4262295081967,147,224.366557377049,2.02152777777778,662,0.00640633336117701,5.63497858039969,1637.68,68,-2017.76,0.811632701609706,10.2173387080347,5.41772822048705,4.81218435537242,7.40164631868121
14528,364.22,1,278,278,364.22,36.8201388888889,18,0.0776125785907808,2.68667735062023,0,0,0,0,5.90049991173389,5.90049991173389,0.693147180559945,0
14529,620.59,3,116,148,206.863333333333,59.9326388888889,177,0.0130717093838521,4.76585815002147,0,0,0,0,6.43228071140794,5.33688081246647,1.38629436111989,0
14530,6122.9,16,179.9375,365.75,382.68125,25.0916666666667,269,0.010531469439935,4.98043285755767,120.25,3,-120.25,1,8.71995442744765,5.94981212975711,2.83321334405622,4.79785452981759
14531,376.34,1,260,260,376.34,479.148611111111,29,0.0381473367411011,3.31560570815011,0,0,0,0,5.93314663778347,5.93314663778347,0.693147180559945,0
14532,3859.18,11,101.363636363636,190,350.834545454545,236.03125,225,0.0246633749929798,4.48595611180001,12.75,1,-12.75,1,8.25846909349599,5.86316102377173,2.484906649788,2.62103882411258
14533,3222.05,11,339.454545454545,629.5,292.913636363636,24.03125,74,0.0246087605055254,3.97817979456949,222.45,4,-281.25,0.790933333333333,8.07808339519185,5.68328597031938,2.484906649788,5.40918767537946
14534,6293.72,26,109.846153846154,205.75,242.066153846154,2.02152777777778,442,0.00762380389225899,5.45274338351689,484.69,12,-484.69,1,8.74746646574336,5.49333364434051,3.29583686600433,6.1855705602989
14535,6047.85,9,360,720.2,671.983333333333,59.9243055555556,602,0.00386711439943624,5.96864464805723,158.1,2,-158.1,1,8.70762345031226,6.51172056460306,2.30258509299405,5.06953293534374
14536,171.8,1,40,40,171.8,259.020138888889,18,0.125916136883861,2.49161741975988,0,0,0,0,5.15213485636996,5.15213485636996,0.693147180559945,0
14537,641.4,2,114,119.4,320.7,57.1222222222222,23,0.0542631768341956,3.01294570582327,5.95,1,-5.95,1,6.46521116263255,5.77361943424498,1.09861228866811,1.9387416595767
14538,1203.14,5,56.8,110.4,240.628,64.1381944444445,45,0.0445130245599301,3.49668004071758,0,0,0,0,7.09352089817865,5.4873993533852,1.79175946922805,0
14539,539.16,2,214,358.9,269.58,15.125,31,0.0384841435549429,3.33826289781239,0,0,0,0,6.29186539196754,5.60056780317521,1.09861228866811,0
14540,3788.39,11,147.181818181818,216,344.399090909091,9.10763888888889,200,0.0154216858484141,4.68789759999821,9.9,1,-9.9,1,8.23996033525458,5.84470053371459,2.484906649788,2.3887627892351
14541,2499.68,14,80.6428571428571,188.75,178.548571428571,58.1541666666667,112,0.034363781813128,3.89610471244036,0,0,0,0,7.824317973871,5.19044576424151,2.70805020110221,0
14542,103.25,1,19,19,103.25,185.229861111111,5,0.23376463483986,1.53040138468312,0,0,0,0,4.64679186067891,4.64679186067891,0.693147180559945,0
14543,14571.67,39,67.6153846153846,153.8,373.632564102564,28.0034722222222,110,0.0283044987481229,4.0682709904367,2503.36,11,-2712.76,0.922809242247748,9.58690313566055,5.92594571656429,3.68887945411394,7.82578849185413
14544,2965.15,3,804.666666666667,887.4,988.383333333333,23.9055555555556,150,0.0129590145815801,4.64655420453866,0,0,0,0,7.99502009458161,6.89708185342566,1.38629436111989,0
14545,349.25,1,236,236,349.25,673.89375,23,0.0513432557443627,3.06379438199527,0,0,0,0,5.85864718521712,5.85864718521712,0.693147180559945,0
14546,5196.95,11,245.090909090909,382,472.45,4.99305555555556,430,0.00639555732558045,5.57083142978073,196.87,9,-196.87,1,8.55601959607091,6.16004631042951,2.484906649788,5.28761024940435
14547,4005.81,8,333.5,630.7,500.72625,3.07222222222222,199,0.00967016163501633,4.90903147470058,20.8,1,-20.8,1,8.29575069249171,6.2180546522263,2.19722457733622,3.08190996979504
14548,2586.69,9,111.666666666667,213.4,287.41,150.063194444444,67,0.374818276644829,1.98690990085852,0,0,0,0,7.85852086482947,5.66438307887346,2.30258509299405,0
14549,916.55,4,98.75,133.9,229.1375,310.960416666667,120,0.0222226869223202,4.28188861124824,0,0,0,0,6.82170707435668,5.43867695638333,1.6094379124341,0
14550,1353.31,4,194,246.95,338.3275,10.0263888888889,81,0.0281588967506452,4.0046393582349,0,0,0,0,7.21104737852242,5.82696571772485,1.6094379124341,0
14551,880.04,7,69.5714285714286,130.9,125.72,17.9680555555556,70,0.0413397714539592,3.66888060897491,21.45,2,-21.45,1,6.78110302785669,4.84197992806612,2.07944154167984,3.11129061418826
14552,511.28,3,87,92.8,170.426666666667,151.042361111111,137,0.0142495296717843,4.58334329683045,0,0,0,0,6.23887135055787,5.14415557554794,1.38629436111989,0
14553,1695.28,9,126.666666666667,238.6,188.364444444444,18.9791666666667,237,0.0191254333113241,4.77850081119757,25.5,1,-25.5,1,7.4361928970649,5.24367343580294,2.30258509299405,3.27714473299218
14554,2374.09,4,369.5,709.35,593.5225,9.8375,147,0.0157632235399847,4.53936845708031,0,0,0,0,7.7727906104876,6.38775856234485,1.6094379124341,0
14555,2317.79,6,141.666666666667,237.5,386.298333333333,56.8930555555556,96,0.0183557496372926,4.27097287871184,9.15,1,-9.15,1,7.74880077688081,5.95919528321512,1.94591014905531,2.3174737054878
14556,835.34,3,110.333333333333,133,278.446666666667,595.953472222222,160,0.0135929603008999,4.69614906036333,0,0,0,0,6.72903522896985,5.63281145745228,1.38629436111989,0
14557,788.38,1,510,510,788.38,84.9180555555556,16,0.0879826442470167,2.56223516301681,788.38,1,-788.38,1,6.67124782720979,6.67124782720979,0.693147180559945,6.67124782720979
14558,655.5,3,54,99.5,218.5,653.999305555556,13,0.123996041242296,2.29044371701176,41.4,2,-41.4,1,6.48692269374285,5.39135223251523,1.38629436111989,3.74714836223791
14559,75.6,1,72,72,75.6,389.864583333333,2,0.518140589569161,0.674895273743828,0,0,0,0,4.33859707674655,4.33859707674655,0.693147180559945,0
14560,5889.15,44,92.0909090909091,262.2,133.844318181818,6.89444444444444,71,0.0385487557611087,3.70001870792525,63.59,2,-63.59,1,8.6810367432144,4.90412091434002,3.80666248977032,4.16805960004438
14561,1081.72,3,338,594.3,360.573333333333,75.0493055555555,67,0.0176746919544258,4.1168960438263,0,0,0,0,6.98723167248392,5.89046487948594,1.38629436111989,0
14562,6685.5,26,100.153846153846,225,257.134615384615,3.07291666666667,255,0.0132680077009954,4.86395579018919,365.55,4,-365.55,1,8.80784584731285,5.55348121390621,3.29583686600433,5.9041349376696
14563,679.44,2,167.5,273.25,339.72,509.075694444444,95,0.0293264888779033,3.99529645682451,0,0,0,0,6.52273964774138,5.83106102561496,1.09861228866811,0
14564,2605.62,2,647.5,835.15,1302.81,434.2,107,0.0125552001011512,4.52627818937781,86.3,3,-86.3,1,7.86580964189769,7.17304602634904,1.09861228866811,4.46935046284556
14565,3763.22,5,388,606.4,752.644,95.1965277777778,139,0.0100231932622647,4.76655592785998,25.35,2,-25.35,1,8.23329594745631,6.62492010796962,1.79175946922805,3.27146827498737
14566,2859.2,4,420,497,714.8,110.114583333333,10,0.125417268467095,2.17167332701471,0,0,0,0,7.95864683143884,6.57340079833193,1.6094379124341,0
14567,1530.36,2,206,236.6,765.18,56.1451388888889,33,0.04215722317885,3.33253185824075,5.9,1,-5.9,1,7.3339115084476,6.64141712908065,1.09861228866811,1.93152141160321
14568,919.7,1,645,645,919.7,434.857638888889,47,0.0297675555429817,3.68216395466208,10.2,1,-10.2,1,6.8251342502938,6.8251342502938,0.693147180559945,2.41591377830105
14569,598.98,4,64.5,90.9,149.745,0.911111111111111,31,0.103537113630753,2.66177000422101,0,0,0,0,6.39689632132724,5.01558966756139,1.6094379124341,0
14570,613.75,3,143.666666666667,310.9,204.583333333333,280.077777777778,65,0.0595747961224651,3.50093384513159,0,0,0,0,6.4212156810963,5.32585146674136,1.38629436111989,0
14571,161.65,1,57,57,161.65,424.947222222222,30,0.0632798232042761,3.05347809763868,0,0,0,0,5.09160065291936,5.09160065291936,0.693147180559945,0
14572,5630.52,11,266.636363636364,618.5,511.865454545455,2.92361111111111,345,0.0106072619496427,5.24505466902607,41.9,4,-41.9,1,8.6361346669331,6.24001353893028,2.484906649788,3.75887182593397
14573,2617.65,13,64.2307692307692,203.2,201.357692307692,179.107638888889,185,0.0183399568273936,4.5516510395463,49.7,4,-49.7,1,7.87041419678382,5.31003688546314,2.63905732961526,3.92592591059714
14574,143.7,1,63,63,143.7,732.005555555556,11,0.210082330533776,1.78111276451395,0,0,0,0,4.97466263363744,4.97466263363744,0.693147180559945,0
14575,460.71,1,176,176,460.71,487.957638888889,71,0.0431923774375252,3.82078592314972,0,0,0,0,6.13493698836437,6.13493698836437,0.693147180559945,0
14576,70.8,1,24,24,70.8,371.790972222222,1,1,0,0,0,0,0,4.27388447605418,4.27388447605418,0.693147180559945,0
14577,1374.25,7,81.8571428571429,124.7,196.321428571429,12.0020833333333,107,0.0187411409249671,4.31204665512199,0,0,0,0,7.22639081175557,5.28483401621075,2.07944154167984,0
14578,169.51,1,240,240,169.51,2.81388888888889,24,0.0706934900322636,2.89042789999542,0,0,0,0,5.13879394603006,5.13879394603006,0.693147180559945,0
14579,105.56,1,56,56,105.56,431.968055555556,24,0.0685565218777251,2.87679480317326,0,0,0,0,4.66870820679208,4.66870820679208,0.693147180559945,0
14580,14.85,1,3,3,14.85,517.9375,1,1,0,0,0,0,0,2.76316950032329,2.76316950032329,0.693147180559945,0
14581,434.52,2,154.5,210.75,217.26,16.0076388888889,59,0.029691917578348,3.76244503402671,0,0,0,0,6.0765407194631,5.38568701268494,1.09861228866811,0
14582,114.11,1,73,73,114.11,40.0375,6,0.223851507816307,1.58681791853486,0,0,0,0,4.74588819292697,4.74588819292697,0.693147180559945,0
14583,1784.05,8,144.375,203.9,223.00625,5.0125,362,0.0054637039509001,5.51543823500242,0,0,0,0,7.48720170502591,5.41167395325151,2.19722457733622,0
14584,1748.05,8,120.375,210,218.50625,168.803472222222,125,0.0147269679205755,4.47334319810401,13,1,-13,1,7.46682806237442,5.39138070591396,2.19722457733622,2.63905732961526
14585,1143.27,5,126,170.2,228.654,49.9701388888889,88,0.190591553965702,2.9502890986059,0,0,0,0,7.04252215807884,5.43657382842982,1.79175946922805,0
14586,237.36,1,444,444,237.36,276.115277777778,19,0.0555667448096912,2.9163667358504,103.2,2,-103.2,1,5.47378213587878,5.47378213587878,0.693147180559945,4.64631212931927
14587,1601.14,9,84.5555555555556,135.4,177.904444444444,18.0527777777778,175,0.0127551129575726,4.69506006830439,2.9,1,-2.9,1,7.3790955145715,5.18685183338353,2.30258509299405,1.3609765531356
14588,135.39,1,62,62,135.39,577.945833333333,16,0.112113388627223,2.42208460645771,0,0,0,0,4.91551842893878,4.91551842893878,0.693147180559945,0
14589,79.5,1,10,10,79.5,371.047222222222,3,0.36,1.05492016798614,0,0,0,0,4.38825718442452,4.38825718442452,0.693147180559945,0
14590,3006.62,20,45.2,97.1,150.331,424.072222222222,134,0.0380727292090337,3.94987924495389,122.33,8,-122.33,1,8.00890434730222,5.01946949075217,3.04452243772342,4.8148636895779
14591,1464.6,4,324.25,709.6,366.15,14.9534722222222,139,0.0175343260956759,4.43533957149264,0,0,0,0,7.29001999391987,5.90577048389762,1.6094379124341,0
14592,570.7,3,138.333333333333,222,190.233333333333,34.84375,132,0.0141371898899501,4.50593542903452,0,0,0,0,6.34861437826993,5.25349432293972,1.38629436111989,0
14593,3714.56,12,156.25,337.55,309.546666666667,21.0013888888889,442,0.00669091852755741,5.50014851062316,73.72,6,-96.84,0.761255679471293,8.22028468603395,5.7383341853031,2.56494935746154,4.31374779392059
14594,634.83,2,165.5,279.35,317.415,6.97361111111111,48,0.0309050957083667,3.6239279618318,0,0,0,0,6.4549312320128,5.76335556341332,1.09861228866811,0
14595,2164.45,8,153.5,479.2,270.55625,19.0263888888889,120,0.0129725739986397,4.57728191695829,0,0,0,0,7.68038347103231,5.60416930023514,2.19722457733622,0
14596,207.56,1,79,79,207.56,626.025694444444,50,0.032858080197741,3.67011632532618,0,0,0,0,5.34022676962525,5.34022676962525,0.693147180559945,0
14597,2201.54,6,241.166666666667,470.25,366.923333333333,10.9840277777778,79,0.0336524389800304,3.65009247138677,0,0,0,0,7.6973665188259,5.90787458313119,1.94591014905531,0
14598,384.04,2,177,187.8,192.02,44.0215277777778,83,0.0168173919190295,4.24410540060039,162.07,1,-162.07,1,5.95334722499485,5.26279381047899,1.09861228866811,5.09417955647319
14599,474.54,2,147.5,202.85,237.27,389.917361111111,77,0.0221376659309994,4.01545328566432,0,0,0,0,6.16445100042426,5.47340448444656,1.09861228866811,0
14600,865.17,2,243.5,350.15,432.585,305.126388888889,53,0.0209859506504323,3.91593899172062,0,0,0,0,6.76408119414704,6.07208785543111,1.09861228866811,0
14601,213.96,1,168,168,213.96,10.1263888888889,7,0.24665525249529,1.64329677803657,0,0,0,0,5.37045196430724,5.37045196430724,0.693147180559945,0
14602,205.36,1,80,80,205.36,655.877083333333,31,0.045499298200513,3.26684536305793,0,0,0,0,5.32962221637645,5.32962221637645,0.693147180559945,0
14603,396,1,240,240,396,274.099305555556,2,0.648760330578512,0.535959889216217,0,0,0,0,5.98393628068719,5.98393628068719,0.693147180559945,0
14604,143.86,1,88,88,143.86,632.993055555556,20,0.111621343788736,2.58935183320894,0,0,0,0,4.97576775876718,4.97576775876718,0.693147180559945,0
14605,940.81,4,106,160.25,235.2025,373.946527777778,90,0.0419604447764222,3.82847619183764,0,0,0,0,6.84780355571868,5.46468948795788,1.6094379124341,0
14606,30613.71,192,81.4322916666667,174.25,159.44640625,0.723611111111111,1372,0.00291172097643243,6.51538355787174,766.79,67,-766.68,1.00014347576564,10.3292358913864,5.07795996936174,5.26269018890489,6.64351625825682
14607,19100.72,22,489.863636363636,1092.6,868.214545454545,15.09375,119,0.02692607191294,4.10769907857273,4156.82,5,-5392.07,0.770913582353345,9.85753366233627,6.76758998254339,3.13549421592915,8.33274617743763
14608,3354.86,11,84.2727272727273,135,304.987272727273,3.83194444444444,15,0.22844403521218,1.83950196374205,79.5,1,-79.5,1,8.11846335038798,5.72354350869286,2.484906649788,4.38825718442452
14609,358.32,10,132.6,185.7,35.832,72.0388888888889,6,0.221011067948708,1.64026752520939,25.2,1,-120,0.21,5.88421335636101,3.60636703253947,2.39789527279837,3.26575941076705
14610,24.35,2,7.5,10.65,12.175,395.077777777778,10,0.145807420025383,2.08025707311176,0,0,0,0,3.23277873003719,2.57832109442743,1.09861228866811,0
14611,604.33,2,291,312.6,302.165,443.188194444444,37,0.0370880205161397,3.47424486885587,4.95,1,-4.95,1,6.40577376387004,5.71427721174884,1.09861228866811,1.78339121955754
14612,877.7,1,134,134,877.7,414.909027777778,14,0.0940671697933825,2.45599495508455,0,0,0,0,6.7784435425018,6.7784435425018,0.693147180559945,0
14613,76.32,1,72,72,76.32,679.991666666667,1,1,0,0,0,0,0,4.34795265434013,4.34795265434013,0.693147180559945,0
14614,295.13,1,189,189,295.13,385.990277777778,19,0.0559743719586772,2.91321088515926,0,0,0,0,5.69079854709791,5.69079854709791,0.693147180559945,0
14615,951.76,5,99,175.4,190.352,393.968055555556,40,0.0392881665065678,3.47772279787096,17.5,1,-17.5,1,6.85936303563171,5.2541146638683,1.79175946922805,2.91777073208428
14616,527.78,5,34,49.6,105.556,242.163888888889,3,0.817524621757113,0.372943547241446,0,0,0,0,6.27057246633962,4.66867066854999,1.79175946922805,0
14617,190.47,2,40.5,50.85,95.235,402.047916666667,7,0.215387730531231,1.72898846844571,0,0,0,0,5.25473113838511,4.56679311686709,1.09861228866811,0
14618,1342.32,7,100.571428571429,185,191.76,8.96180555555556,40,0.0492781242482169,3.33743478062665,46.65,2,-46.65,1,7.20289944066505,5.26144589177213,2.07944154167984,3.86388263010021
14619,1291.24,2,297,427.5,645.62,245.259027777778,58,0.025349269059185,3.88694025979674,14.93,1,-14.93,1,7.1641324256055,6.4717587958368,1.09861228866811,2.76820412392196
14620,412.78,2,107,137.6,206.39,205.077777777778,26,0.0458731037888613,3.15339631028928,19.5,1,-19.5,1,6.0253344316156,5.33460107862528,1.09861228866811,3.02042488614436
14621,3000.57,9,189.555555555556,319.4,333.396666666667,0.852777777777778,136,0.0101642778186096,4.76082404915133,122.3,7,-122.3,1,8.00689076409245,5.81232791305879,2.30258509299405,4.8146204101703
14622,320.58,1,146,146,320.58,184.047222222222,21,0.0526243606882576,2.97797570383515,0,0,0,0,5.77324634631627,5.77324634631627,0.693147180559945,0
14623,2060.42,10,105.9,177,206.042,31.9541666666667,195,0.0136641805758248,4.70090705808583,28.75,2,-28.75,1,7.6311503446998,5.33292167123497,2.39789527279837,3.39282913199164
14624,814.07,6,107.5,229.5,135.678333333333,57.0041666666667,39,0.0322584763052806,3.55187021815008,0,0,0,0,6.70327399912312,4.91763023324045,1.94591014905531,0
14625,4497.88,11,195.909090909091,315,408.898181818182,195.929166666667,180,0.0102114452583313,4.9339286427131,106.35,7,-106.35,1,8.41158375589154,6.01590879182878,2.484906649788,4.67609452432479
14626,5390.25,11,285,439.5,490.022727272727,23.0923611111111,181,0.0192300600605897,4.70154544734963,36.15,4,-36.15,1,8.59253254796205,6.19649041444777,2.484906649788,3.61496377116377
14627,462.75,1,284,284,462.75,378.845833333333,29,0.0387069059871269,3.31529169572503,56.35,2,-56.35,1,6.13934561392164,6.13934561392164,0.693147180559945,4.04917284357538
14628,1998,5,229.4,437.4,399.6,90.9527777777778,72,0.0228568630692755,4.03865341722735,0,0,0,0,7.6004023345004,5.99296342323172,1.79175946922805,0
14629,959.13,2,190,212.5,479.565,3.82986111111111,133,0.0145496530249354,4.4952284754265,19.8,1,-19.8,1,6.86706869196054,6.17496249501583,1.09861228866811,3.03495298670727
14630,338.65,1,111,111,338.65,483.883333333333,21,0.050106173431741,3.01790375001068,0,0,0,0,5.82791567563731,5.82791567563731,0.693147180559945,0
14631,2004.22,6,234.5,275.25,334.036666666667,50.10625,67,0.0368973027618633,3.73555666482312,2.52,1,-2.52,1,7.60350905940703,5.81423997857187,1.94591014905531,1.25846098961001
14632,114.56,1,96,96,114.56,262.167361111111,8,0.139713509156237,2.01455422368264,0,0,0,0,4.74978987559803,4.74978987559803,0.693147180559945,0
14633,344.9,1,96,96,344.9,265.821527777778,20,0.0522490204572262,2.97365206195692,0,0,0,0,5.84614971594312,5.84614971594312,0.693147180559945,0
14634,2124.46,4,476.5,1362.3,531.115,437.131944444444,105,0.0142642623164141,4.48119080557982,152.64,3,-152.64,1,7.66174352852038,6.2768596313948,1.6094379124341,5.0346122034777
14635,215.22,1,118,118,215.22,453.127083333333,15,0.0730826013782954,2.66058368975597,0,0,0,0,5.37629640786463,5.37629640786463,0.693147180559945,0
14636,609.85,2,120.5,123.65,304.925,35.8597222222222,27,0.0450803375099616,3.20548162159791,0,0,0,0,6.41485142985007,5.72333997387173,1.09861228866811,0
14637,106.68,1,100,100,106.68,676.873611111111,7,0.157759948172958,1.88827708781769,0,0,0,0,4.67916386589642,4.67916386589642,0.693147180559945,0
14638,443.6,1,166,166,443.6,50.1527777777778,16,0.0802052871375361,2.63125840644233,0,0,0,0,6.0971750015301,6.0971750015301,0.693147180559945,0
14639,4977.01,9,267.777777777778,521.2,553.001111111111,51.9472222222222,208,0.00814444022578627,5.10594005024277,32.15,2,-32.15,1,8.51278549176441,6.317166692361,2.30258509299405,3.50104271663187
14640,3667.06,10,165.1,248.7,366.706,23.9881944444444,166,0.0100223263194517,4.88830846434157,203.03,6,-203.03,1,8.20741819093068,5.90728370582435,2.39789527279837,5.31826704185566
14641,110.46,1,90,90,110.46,21.0888888888889,7,0.202810271559071,1.77637913466989,0,0,0,0,4.71366578214139,4.71366578214139,0.693147180559945,0
14642,96.12,1,76,76,96.12,58.1125,2,0.672880809100983,0.508598413388068,0,0,0,0,4.57594732731119,4.57594732731119,0.693147180559945,0
14643,1614.01,5,275.4,420.4,322.802,169.964583333333,56,0.0473253585159803,3.59484188736929,25.2,1,-25.2,1,7.38709642758805,5.78013221787671,1.79175946922805,3.26575941076705
14644,2247.72,7,110,217.2,321.102857142857,67.2222222222222,52,0.0884397958637288,3.28244750056703,170.25,5,-170.25,1,7.7181164444309,5.7748709266575,2.07944154167984,5.14312447714233
14645,859.98,3,195.666666666667,293.3,286.66,156.190972222222,45,0.0389344404126236,3.54066536575473,36.65,1,-36.65,1,6.75807127535422,5.66177922717574,1.38629436111989,3.6283329542459
14646,413179.99,152,1757.96710526316,6991.59999999999,2718.28940789474,1.02638888888889,1053,0.00385625478091192,6.1816008252009,2839.1,12,-5260.45,0.53970667908639,12.9316410083929,7.90812587806155,5.03043792139244,7.95159454180296
14647,510.22,2,90,94.5,255.11,201.006944444444,42,0.0674842424826972,3.24237501065278,0,0,0,0,6.23680002592869,5.54560703969033,1.09861228866811,0
14648,4434.62,15,200.933333333333,385.7,295.641333333333,416.026388888889,285,0.0144967226904046,4.84796583654126,88.65,4,-88.65,1,8.39742268204175,5.69252377715344,2.77258872223978,4.49591320005114
14649,3761.51,9,265.777777777778,408.6,417.945555555556,4.01388888888889,375,0.0180794331921472,5.02305035617223,21.15,2,-21.15,1,8.23284156686091,6.03774097247111,2.30258509299405,3.09783749649114
14650,62.5,1,22,22,62.5,588.724305555556,4,0.265888,1.35385576103289,0,0,0,0,4.15103990589865,4.15103990589865,0.693147180559945,0
14651,1982.84,9,98.4444444444444,174.8,220.315555555556,66.9152777777778,218,0.0204839180819797,4.6867392413241,0,0,0,0,7.59278963943153,5.39958953629726,2.30258509299405,0
14652,114.18,1,53,53,114.18,76.9784722222222,29,0.0736263457430826,2.98491357861359,0,0,0,0,4.74649612207853,4.74649612207853,0.693147180559945,0
14653,3452.52,12,164.666666666667,353.6,287.71,0.961805555555556,274,0.0103424909966474,5.11700319999127,0,0,0,0,8.14714927973855,5.66542272410157,2.56494935746154,0
14654,246.86,1,273,273,246.86,737.995138888889,27,0.0609953850303915,2.998021875032,0,0,0,0,5.51286407063673,5.51286407063673,0.693147180559945,0
14655,3878.51,7,334.428571428571,545.8,554.072857142857,7.84861111111111,75,0.0317140116763424,3.8053311935448,49.28,5,-49.28,1,8.26346413598244,6.31909937926201,2.07944154167984,3.91760738372205
14656,814.79,5,63.6,78.6,162.958,168.999305555556,146,0.0161464258489378,4.51877092513322,0,0,0,0,6.70415696890198,5.09961029746464,1.79175946922805,0
14657,1460.87,6,147.5,278.75,243.478333333333,17.0020833333333,144,0.0125895092801769,4.63846073125742,9.95,1,-9.95,1,7.28747171706752,5.49912668876469,1.94591014905531,2.39333945626251
14658,225.2,2,23.5,23.95,112.6,4.88541666666667,28,0.069461394489682,2.97079928176054,0,0,0,0,5.42141956368202,4.73268350628705,1.09861228866811,0
14659,2529.93,9,132.777777777778,276.6,281.103333333333,8.02291666666667,152,0.010904397722858,4.73297595333618,73.4,3,-73.4,1,7.83634210311011,5.64227343407899,2.30258509299405,4.30945594183905
14660,294.38,2,114,123,147.19,86.0944444444444,24,0.205223301301685,2.33426822690564,0,0,0,0,5.68826266299816,4.99849523420209,1.09861228866811,0
14661,107.95,1,35,35,107.95,26.0409722222222,4,0.470288961339168,0.913440773838735,0,0,0,0,4.69088906139063,4.69088906139063,0.693147180559945,0
14662,1416.33,7,133.571428571429,256.6,202.332857142857,28.0256944444444,201,0.0105565933223469,4.8612992156889,0,0,0,0,7.25653009895653,5.31484432657613,2.07944154167984,0
14663,491.08,2,198.5,207.05,245.54,430.020138888889,60,0.0347443218823104,3.67736770266584,0,0,0,0,6.19864130490011,5.50752425212337,1.09861228866811,0
14664,637.89,2,233,295.1,318.945,19.0770833333333,78,0.0280080319780448,3.91524702882265,0,0,0,0,6.4597322955841,5.76814910602157,1.09861228866811,0
14665,2749.65,7,163.428571428571,282.1,392.807142857143,60.1916666666667,96,0.0207081218244981,4.21124136263875,577.32,2,-577.32,1,7.9195925263675,5.97586130432682,2.07944154167984,6.36012734869204
14666,197.05,1,161,161,197.05,23.9951388888889,14,0.0967824639517635,2.44173445836813,0,0,0,0,5.28851952406793,5.28851952406793,0.693147180559945,0
14667,21796.89,54,236.037037037037,602.499999999999,403.646111111111,10.0555555555556,607,0.00596271795036443,5.72750943325968,206.55,7,-206.55,1,9.989568455102,6.00301288539537,4.00733318523247,5.33537227449905
14668,111.63,1,49,49,111.63,444.949305555556,10,0.266992962804579,1.65364320496785,0,0,0,0,4.72410811005961,4.72410811005961,0.693147180559945,0
14669,3246.09,7,293.428571428571,459.2,463.727142857143,241.088194444444,341,0.00455086357621131,5.60051340010091,0,0,0,0,8.08551448961215,6.14145044380446,2.07944154167984,0
14670,602,3,144.666666666667,250.9,200.666666666667,279.942361111111,159,0.010854986699926,4.78306583933163,0,0,0,0,6.40191719672719,5.30661616936273,1.38629436111989,0
14671,1127.45,2,285.5,447.05,563.725,549.007638888889,48,0.0306195661020578,3.64811753071486,0,0,0,0,7.02860028867434,6.33633888699334,1.09861228866811,0
14672,1113.98,4,161.5,283,278.495,234.146527777778,94,0.019482152655552,4.19923440254233,0,0,0,0,7.01659174651361,5.63298440334749,1.6094379124341,0
14673,3410.81,7,290.714285714286,455.4,487.258571428571,2.92986111111111,87,0.0299246631558228,3.99021623874864,0,0,0,0,8.13499822124629,6.19084512501195,2.07944154167984,0
14674,173.66,1,103,103,173.66,508.975694444444,14,0.0835897037514241,2.56087849311686,0,0,0,0,5.16284122698559,5.16284122698559,0.693147180559945,0
14675,1066.9,2,363,382.8,533.45,15.9944444444444,196,0.0131480021784882,4.7885713292516,0,0,0,0,6.9734493821775,6.28123818071995,1.09861228866811,0
14676,7913.99,12,627.666666666667,1740,659.499166666667,30.9729166666667,78,0.0211971255499225,4.09327297926116,71.3,4,-71.3,1,8.97651370889043,6.49299586229113,2.56494935746154,4.28082412916472
14677,184.91,1,139,139,184.91,592.168055555556,14,0.0801323903440788,2.57528011841638,0,0,0,0,5.22526268564213,5.22526268564213,0.693147180559945,0
14678,403.39,1,179,179,403.39,578.970833333333,24,0.0492846988256098,3.10262542615328,16.95,1,-16.95,1,6.00237975884849,6.00237975884849,0.693147180559945,2.88759011493429
14679,1291.36,3,264.666666666667,371.4,430.453333333333,381.040972222222,49,0.0321068924648825,3.66163312976531,19.04,2,-19.04,1,7.16422528330115,6.06715935481005,1.38629436111989,2.99773027621666
14680,56430.67,58,464.379310344828,1279.7,972.942586206897,24.8270833333333,256,0.0189562251157784,4.43047391494006,2611.43,29,-2611.43,1,10.9407858047128,6.88135235550564,4.07753744390572,7.86803610165572
14681,875.15,6,28.6666666666667,57,145.858333333333,70.9152777777778,19,0.192339597097954,2.20809871292614,0,0,0,0,6.77553730915443,4.98946840328232,1.94591014905531,0
14682,1513.86,6,158.166666666667,493.5,252.31,187.068055555556,79,0.0165653362333131,4.25238215012306,0,0,0,0,7.32307830443255,5.53461403510716,1.94591014905531,0
14683,153.31,1,386,386,153.31,587.855555555556,21,0.0571591647926878,2.94954445470585,0,0,0,0,5.03896356608311,5.03896356608311,0.693147180559945,0
14684,1473.39,6,173.166666666667,242,245.565,25.0534722222222,271,0.00978831081179899,5.12497607305811,0,0,0,0,7.29599962391265,5.50762565040577,1.94591014905531,0
14685,4617.84,8,251.5,602.35,577.23,576.029166666667,113,0.0262435913706599,4.02963149109537,295.48,5,-295.48,1,8.43789887029828,6.3599717133971,2.19722457733622,5.69197976253705
14686,885.83,5,95,168.4,177.166,413.804861111111,186,0.0107296974812368,4.87759416203069,7.95,1,-7.95,1,6.78765330666928,5.18271569997521,1.79175946922805,2.19165353228676
14687,1388.86,3,275.333333333333,425.6,462.953333333333,106.077083333333,34,0.0712852392411916,3.07335666282588,0,0,0,0,7.23695830162773,6.13978397245564,1.38629436111989,0
14688,7706.59,28,199.285714285714,299.25,275.235357142857,7.01666666666667,213,0.0275729645737192,4.34586186095097,523.49,6,-523.49,1,8.94996083663018,5.62125324560939,3.36729582998647,6.26242636187767
14689,112.8,1,76,76,112.8,208.102777777778,13,0.122313704039032,2.34511407184922,0,0,0,0,4.73444252169223,4.73444252169223,0.693147180559945,0
14690,794.33,4,86,92.65,198.5825,43.9243055555556,69,0.0310186925974969,3.80785035730634,13.09,1,-13.09,1,6.67875712286613,5.29622768468295,1.6094379124341,2.64546532591059
14691,2114.33,5,141.4,274,422.866,30.0138888888889,52,0.0380680045253476,3.59265258913333,0,0,0,0,7.65696610767801,6.04941736754566,1.79175946922805,0
14692,1745.25,12,75.4166666666667,134.6,145.4375,136.945833333333,102,0.0415194630499002,3.9259437314814,9.5,1,-9.5,1,7.46522591057117,4.98659871626801,2.56494935746154,2.35137525716348
14693,1165.44,7,55.4285714285714,101,166.491428571429,264,42,0.213610968027037,2.44959666058224,25.5,1,-25.5,1,7.0617116542192,5.12093217724786,2.07944154167984,3.27714473299218
14694,244.31,1,193,193,244.31,616.752777777778,15,0.0763547302257772,2.64049307739611,0,0,0,0,5.502522716842,5.502522716842,0.693147180559945,0
14695,1620.07,3,226,302.6,540.023333333333,518.980555555556,76,0.0341039210347508,3.80229397685198,67.5,1,-67.5,1,7.39084170402354,6.29346240792257,1.38629436111989,4.22683374526818
14696,2770.74,8,268.875,492.75,346.3425,3.96319444444444,137,0.0105098249119122,4.75181974519034,9.23,2,-9.23,1,7.92723056081696,5.85031132485165,2.19722457733622,2.32532457996354
14697,188.61,2,90.5,105.35,94.305,217.924305555556,22,0.0832201100429381,2.79266776885987,0,0,0,0,5.24496933104611,4.55708227518104,1.09861228866811,0
14698,1251.08,5,123,204.6,250.216,1.01666666666667,148,0.0113923711423066,4.70964755428235,0,0,0,0,7.13256144738225,5.52631312683317,1.79175946922805,0
14699,702.6,4,121,149.55,175.65,213.955555555556,45,0.0287106261975669,3.68326976498702,0,0,0,0,6.5562100128634,5.17417037380515,1.6094379124341,0
14700,3116.26,5,326.8,526.4,623.252,31.9236111111111,116,0.0203076349035638,4.24609546240099,0,0,0,0,8.04470968982728,6.43655413299936,1.79175946922805,0
14701,4356.64,15,118.8,273.9,290.442666666667,10.0083333333333,459,0.00898837080205225,5.45342424992818,63.15,3,-63.15,1,8.37968590539212,5.67484330262642,2.77258872223978,4.16122409106165
14702,6738.62,29,105.965517241379,277.2,232.366206896552,0.722916666666667,356,0.0058056021862903,5.47991034552651,58.5,3,-58.5,1,8.81575882249499,5.4526089231512,3.40119738166216,4.08597631255158
14703,318.17,1,183,183,318.17,14.14375,22,0.0484131627477484,3.05760474588586,0,0,0,0,5.76572387619638,5.76572387619638,0.693147180559945,0
14704,1813.91,11,109.909090909091,343.5,164.900909090909,10.9993055555556,320,0.00606698210350158,5.40011030376857,0,0,0,0,7.50379115869263,5.1113906769337,2.484906649788,0
14705,179,1,100,100,179,198.049305555556,1,1,0,0,0,0,0,5.19295685089021,5.19295685089021,0.693147180559945,0
14706,390.69,1,263,263,390.69,618.111805555556,25,0.057985186494945,2.99320305629631,0,0,0,0,5.97047071060375,5.97047071060375,0.693147180559945,0
14707,139.2,2,48,48,69.6,435.092361111111,1,1,0,0,0,0,0,4.94306997460049,4.2570301444992,1.09861228866811,0
14708,1994.81,5,258.6,507.2,398.962,2.18680555555556,27,0.140525605012075,2.49446379971402,29.7,1,-29.7,1,7.59880526195976,5.9913695425952,1.79175946922805,3.42426265459315
14709,8864.38,25,165.64,288.4,354.5752,14.88125,118,0.0278196972423033,4.04324609920549,19.85,2,-19.85,1,9.08990908278985,5.87373675992537,3.25809653802148,3.03735394824481
14710,1923.18,13,88.5384615384615,180,147.936923076923,13.9145833333333,312,0.008185961698348,5.26217402272417,0,0,0,0,7.5622551819432,5.00352288125967,2.63905732961526,0
14711,2303.8,11,88.9090909090909,156.5,209.436363636364,9.91111111111111,222,0.0140346657810159,4.79632254070027,30.6,1,-30.6,1,7.74274918377032,5.34918329690131,2.484906649788,3.45315712059287
14712,1328.07,4,102.75,117.3,332.0175,28.99375,24,0.116091082294426,2.42095054297875,0,0,0,0,7.19223472850751,5.80819504115216,1.6094379124341,0
14713,5419.37,21,164.571428571429,267,258.065238095238,8.85,243,0.0154614247125246,4.88488718089623,46.4,4,-46.4,1,8.59791935778635,5.55707991451955,3.09104245335832,3.85862222870103
14714,876,4,142.5,168.05,219,23.9881944444444,66,0.0306800475907508,3.77073399364661,9.84,3,-9.84,1,6.77650699237218,5.39362754635236,1.6094379124341,2.3832429960115
14715,1784.25,8,120.25,204.75,223.03125,24.0277777777778,102,0.0314253506892045,4.00749890925036,0,0,0,0,7.48731374042922,5.41178555105315,2.19722457733622,0
14716,572.17,3,250.666666666667,344.4,190.723333333333,42.8479166666667,85,0.0269164226131033,4.00615232752951,0,0,0,0,6.35118235683138,5.25605336060666,1.38629436111989,0
14717,81.3,1,32,32,81.3,732.989583333333,11,0.115520546349375,2.24887615440965,8.5,1,-8.5,1,4.41037110768302,4.41037110768302,0.693147180559945,2.2512917986065
14718,226.42,1,202,202,226.42,410.029861111111,11,0.110836764761773,2.29055680580364,0,0,0,0,5.42679852819658,5.42679852819658,0.693147180559945,0
14719,1602.61,5,206.4,245,320.522,1.00486111111111,177,0.0122192044788087,4.75396322290231,9.95,1,-9.95,1,7.38001261671798,5.77306597057445,1.79175946922805,2.39333945626251
14720,663.81,3,73,103.5,221.27,5.03333333333333,33,0.037402165735775,3.39793646834823,0,0,0,0,6.49950128554604,5.40389285909668,1.38629436111989,0
14721,115.77,1,59,59,115.77,378.9875,24,0.0637535237414863,2.91990652720275,0,0,0,0,4.76020618808762,4.76020618808762,0.693147180559945,0
14722,513.37,3,74,114.3,171.123333333333,146.952777777778,72,0.0236412251504723,3.98533832437805,0,0,0,0,6.24294285084946,5.14821127411644,1.38629436111989,0
14723,2093.93,11,118.909090909091,179.5,190.357272727273,9.89375,292,0.00940498418163833,5.13467042410924,0,0,0,0,7.64727541891019,5.25414221860841,2.484906649788,0
14724,341.35,1,187,187,341.35,590.016666666667,40,0.0427685881515997,3.400130695159,0,0,0,0,5.83583360556707,5.83583360556707,0.693147180559945,0
14725,1316.44,4,335,580.4,329.11,24.0055555555556,86,0.0199825875225267,4.15211595701026,50.4,1,-50.4,1,7.18344573858154,5.79942593225065,1.6094379124341,3.93963817246112
14726,124.75,1,91,91,124.75,654.010416666667,15,0.131705977084429,2.27439356693168,0,0,0,0,4.83429580897985,4.83429580897985,0.693147180559945,0
14727,478.73,3,156,359,159.576666666667,273.920138888889,43,0.0521929468698774,3.29219106229213,187.6,1,-176.8,1.06108597285068,6.17322344563946,5.07877150245581,1.38629436111989,5.23962837019936
14728,190.58,1,68,68,190.58,412.911805555556,14,0.0843934485865765,2.55369643060799,0,0,0,0,5.25530547595475,5.25530547595475,0.693147180559945,0
14729,907.42,3,191.333333333333,372.1,302.473333333333,373.004861111111,126,0.0150855385089289,4.47010590587398,0,0,0,0,6.81170682672176,5.71529374282821,1.38629436111989,0
14730,1999.6,8,141.5,212.45,249.95,0.924305555555556,317,0.0075943851002647,5.28671810803082,0,0,0,0,7.60120241455108,5.52525371610094,2.19722457733622,0
14731,380.02,3,85.3333333333333,95,126.673333333333,46.9138888888889,38,0.0463572295814922,3.3128935724028,0,0,0,0,5.94285186718729,4.8494749184703,1.38629436111989,0
14732,5514.13,19,119.631578947368,246.2,290.217368421053,7.92777777777778,164,0.0147693747627453,4.65078542107062,69.55,5,-69.55,1,8.61525050348594,5.67406995884695,2.99573227355399,4.25632167829882
14733,16184.97,15,432.733333333333,1185,1078.998,15.8826388888889,139,0.0207924942469336,4.32217425383316,134.37,3,-134.37,1,9.69190009660033,6.9847144682647,2.77258872223978,4.9080117701977
14734,1056.42,4,94.5,186.2,264.105,425.073611111111,50,0.0288621943761205,3.77131979946466,10.95,1,-10.95,1,6.96358725794062,5.58012597392436,1.6094379124341,2.48073127837752
14735,12240.16,56,80.5892857142857,229.5,218.574285714286,3.02847222222222,211,0.0122917303523477,4.82359194971014,330.45,3,-330.45,1,9.41255932281764,5.39169060676037,4.04305126783455,5.8034769686874
14736,401.08,2,82,83.8,200.54,484.936805555556,70,0.0291326749281876,3.87232482080939,0,0,0,0,5.99665107379528,5.30598787285226,1.09861228866811,0
14737,3554.17,4,267.75,640.05,888.5425,3.10694444444444,28,0.0581101368464217,3.05275712139687,0,0,0,0,8.17615816106587,6.79070728561597,1.6094379124341,0
14738,1818.48,9,84.1111111111111,165,202.053333333333,42.2041666666667,59,0.0360163603146208,3.70600539678131,56.79,3,-58.26,0.974768280123584,7.50630602496102,5.31346867031538,2.30258509299405,4.05681575032969
14739,11621.26,25,332.64,731.999999999999,464.8504,3.83055555555556,134,0.0200488806869467,4.3476082272614,17.93,3,-17.93,1,9.36067750374947,6.14386455254155,3.25809653802148,2.94074796522123
14740,4137.16,11,189.181818181818,299,376.105454545455,196.814583333333,176,0.00859873744292406,4.98247544901403,92.2,2,-92.2,1,8.32800652358021,5.93252486861331,2.484906649788,4.53474772169155
14741,1881.99,7,156.571428571429,258.8,268.855714285714,11.1680555555556,48,0.0419622970330996,3.48899762900914,0,0,0,0,7.5406162179686,5.59788742462594,2.07944154167984,0
14742,579.85,1,374,374,579.85,434.988194444444,34,0.0331548921083287,3.47191281299384,0,0,0,0,6.36449254795948,6.36449254795948,0.693147180559945,0
14743,50.48,1,40,40,50.48,592.141666666667,3,0.357690733145637,1.05892499606766,0,0,0,0,3.94119338272793,3.94119338272793,0.693147180559945,0
14744,3614.38,14,164.071428571429,542,258.17,15.9993055555556,62,0.0644641339544468,3.34203017791356,29.45,3,-64.06,0.459725257571027,8.1929522466341,5.5574842170389,2.70805020110221,3.41608599415591
14745,2571.81,12,164.75,285.25,214.3175,112.15625,76,0.0249683240314735,4.01737375566843,80.35,5,-80.35,1,7.85275396579301,5.37211368299931,2.56494935746154,4.39876083366505
14746,593.5,4,99.5,182.9,148.375,405.9625,7,0.21979103869567,1.7167670549417,0,0,0,0,6.38772071613084,5.00645992268578,1.6094379124341,0
14747,328.2,1,84,84,328.2,248.986805555556,18,0.0605140925276683,2.85024167513877,33.9,1,-33.9,1,5.79666546880291,5.79666546880291,0.693147180559945,3.55248682920838
14748,3177.32,10,275.2,513.6,317.732,28.7618055555556,129,0.00999593904384537,4.72491940702338,484.07,6,-480.07,1.00833211823276,8.06410803428682,5.76435062428988,2.39789527279837,6.18429321041983
14749,310.65,1,403,403,310.65,479.051388888889,18,0.0611532974387515,2.83672172903746,0,0,0,0,5.74188076325486,5.74188076325486,0.693147180559945,0
14750,112.03,1,65,65,112.03,735.786805555556,32,0.0531515046279134,3.15337325614931,0,0,0,0,4.72765327020264,4.72765327020264,0.693147180559945,0
14751,126.45,2,32.5,45.55,63.225,683.967361111111,7,0.164211868306295,1.86705227798123,0,0,0,0,4.84772413082212,4.16239254299595,1.09861228866811,0
14752,354.84,1,236,236,354.84,43.0798611111111,5,0.309423115609613,1.38324128637879,0,0,0,0,5.87448119162216,5.87448119162216,0.693147180559945,0
14753,869.51,2,206,210.5,434.755,86.9583333333333,45,0.0249461344757394,3.74749756168259,0,0,0,0,6.76907924679304,6.0770801588036,1.09861228866811,0
14754,1550.6,6,168.5,307.25,258.433333333333,44.0756944444444,111,0.0160511516667992,4.41218048659711,4.2,1,-4.2,1,7.34704193556581,5.55849976529723,1.94591014905531,1.64865862558738
14755,9948.65,25,176.04,357.4,397.946,9.05972222222222,232,0.0116994733398549,4.95013367815015,99.15,5,-121.1,0.818744838976053,9.20529265365456,5.98882606938494,3.25809653802148,4.60666906211183
14756,2613.86,3,474.333333333333,756.2,871.286666666667,14.7756944444444,102,0.014811349257697,4.41359142432788,40.3,1,-40.3,1,7.86896583778096,6.77111811606117,1.38629436111989,3.72086249996699
14757,420.5,1,160,160,420.5,74.9680555555556,19,0.060870681949607,2.86783524591849,0,0,0,0,6.04381977744191,6.04381977744191,0.693147180559945,0
14758,2847.27,7,120,185.3,406.752857142857,144.228472222222,92,0.0171736976565568,4.28106824507241,0,0,0,0,7.9544670714091,6.01066124857126,2.07944154167984,0
14759,1625.97,3,189.666666666667,302.6,541.99,4.03263888888889,92,0.0128476562084518,4.44462277092052,0,0,0,0,7.39447466820454,6.29709090355809,1.38629436111989,0
14760,89.2,1,40,40,89.2,296.849305555556,5,0.212288101510185,1.57644648605819,35.4,1,-35.4,1,4.50202942706858,4.50202942706858,0.693147180559945,3.5945687746427
14761,447.92,3,68.6666666666667,85.2,149.306666666667,58.0694444444444,21,0.0835555271715177,2.74662863390535,0,0,0,0,6.10684469814806,5.01267765150822,1.38629436111989,0
14762,417.57,2,214,328.3,208.785,263.1875,28,0.0499863886157387,3.16711885128004,0,0,0,0,6.03684413998069,5.3460831967427,1.09861228866811,0
14764,278.3,1,190,190,278.3,46.0805555555556,6,0.211741530665432,1.66287485628956,27.75,1,-27.75,1,5.63228647295113,5.63228647295113,0.693147180559945,3.35863776724336
14765,254.11,3,45,103.5,84.7033333333333,28.70625,38,0.0593605139224347,3.12936518040181,0,0,0,0,5.54169482469306,4.45089172021878,1.38629436111989,0
14766,6547.27,11,367.181818181818,864,595.206363636364,7.86458333333333,258,0.00846807196424366,5.20315358012581,124.15,3,-124.15,1,8.7869561716055,6.39058685484746,2.484906649788,4.82951301787778
14767,382.81,1,117,117,382.81,473.955555555556,18,0.0768415084918941,2.7235299361984,0,0,0,0,5.95014763847127,5.95014763847127,0.693147180559945,0
14768,192.6,2,26,38.6,96.3,16.9972222222222,4,0.329873545481896,1.22197321981407,53.1,1,-53.1,1,5.26579417484248,4.57779898919196,1.09861228866811,3.99083418585244
14769,15742.75,17,661.352941176471,1912,926.044117647059,2.10138888888889,852,0.00277097792747658,6.31295259999288,75.21,4,-75.21,1,9.66419874010092,6.83200115628567,2.89037175789616,4.33349268767803
14770,3637.64,8,199.75,437.4,454.705,231.978472222222,153,0.0131044668244308,4.73581616317587,12.75,1,-12.75,1,8.19936526444144,6.12184567034043,2.19722457733622,2.62103882411258
14771,598.46,2,311,363.2,299.23,621.040277777778,46,0.0249147007759154,3.75411743298858,14.7,1,-14.7,1,6.39602924997298,5.7045488475841,1.09861228866811,2.75366071235426
14772,139.26,1,82,82,139.26,111.948611111111,9,0.1187013530351,2.16517771164633,0,0,0,0,4.94349784310876,4.94349784310876,0.693147180559945,0
14773,140.55,1,53,53,140.55,592.139583333333,10,0.102942510878326,2.28837710874821,14.85,1,-14.85,1,4.95265301155791,4.95265301155791,0.693147180559945,2.76316950032329
14774,241.45,1,99,99,241.45,528.058333333333,13,0.0806358577451127,2.54214372970666,0,0,0,0,5.49079550355136,5.49079550355136,0.693147180559945,0
14775,1419.18,3,519.333333333333,733,473.06,57.9326388888889,57,0.0293323162939575,3.79037261253643,0,0,0,0,7.25853890312525,6.1613338959627,1.38629436111989,0
14776,3708.3,15,310.533333333333,558,247.22,50.9277777777778,68,0.0301822135130271,3.81971419837017,369.28,4,-369.28,1,8.21859845855403,5.51431544970138,2.77258872223978,5.91425947619901
14777,307.56,1,212,212,307.56,403,16,0.0723334970830278,2.69630357689885,68.3,3,-68.3,1,5.73191631389997,5.73191631389997,0.693147180559945,4.23844490619586
14778,730.86,2,153,163.8,365.43,126.935416666667,34,0.0391217515374781,3.39270997785326,0,0,0,0,6.59558923883879,5.90380750717743,1.09861228866811,0
14779,343.35,3,28,51.8,114.45,280.005555555556,39,0.0438355804747122,3.36029163916796,0,0,0,0,5.84165858199071,4.7488375358005,1.38629436111989,0
14780,447.68,2,155,204.5,223.84,54.0444444444444,26,0.0464331630747813,3.16755929877113,0,0,0,0,6.10630993877702,5.41538903813387,1.09861228866811,0
14782,200.1,1,114,114,200.1,319.068055555556,6,0.269948234278663,1.54348016086366,0,0,0,0,5.30380229677861,5.30380229677861,0.693147180559945,0
14783,307.3,1,262,262,307.3,658.856944444444,17,0.0710734148942603,2.72779731790862,1.95,1,-1.95,1,5.7310733348921,5.7310733348921,0.693147180559945,1.08180517035173
14784,427.98,3,121,175.5,142.66,25.9722222222222,25,0.0548058228544247,3.06322062661287,0,0,0,0,6.06141029779465,4.96744939664666,1.38629436111989,0
14785,77.4,2,42,47.4,38.7,9.97847222222222,2,0.525268914127757,0.6676610042353,0,0,0,0,4.36182392735636,3.68135118769314,1.09861228866811,0
14786,92.64,1,112,112,92.64,550.005555555556,7,0.158752583961986,1.8845835250708,0,0,0,0,4.53945764262271,4.53945764262271,0.693147180559945,0
14787,110.65,1,59,59,110.65,470.966666666667,14,0.10005025147176,2.44795252514131,0,0,0,0,4.71536897828617,4.71536897828617,0.693147180559945,0
14788,1156.32,3,239.666666666667,291,385.44,6.82222222222222,54,0.0326353582592139,3.74707814862172,0,0,0,0,7.05386226630844,5.95697661664931,1.38629436111989,0
14789,197.64,1,116,116,197.64,28.1604166666667,6,0.191667505342642,1.72320592376286,0,0,0,0,5.29149414119991,5.29149414119991,0.693147180559945,0
14790,2504.67,10,264.2,484.9,250.467,16.1402777777778,71,0.022934127815585,4.01013907385861,0,0,0,0,7.82631144282642,5.52731176820699,2.39789527279837,0
14791,303.63,1,127,127,303.63,606.143055555556,19,0.0543345477131012,2.92856557752335,0,0,0,0,5.71909792543398,5.71909792543398,0.693147180559945,0
14792,6.2,1,2,2,6.2,63.1881944444444,2,0.568808532778356,0.622666557534609,6.2,1,-6.2,1,1.97408102602201,1.97408102602201,0.693147180559945,1.97408102602201
14793,625.9,2,180.5,261.05,312.95,20.9166666666667,39,0.0278896740507059,3.61728536133264,14.85,1,-14.85,1,6.44078703827992,5.74923373756012,1.09861228866811,2.76316950032329
14794,1723.2,10,78.3,156.2,172.32,2.11041666666667,85,0.0182165504580453,4.22862339650623,64.75,3,-64.75,1,7.45251845377582,5.15513959687171,2.39789527279837,4.18585967105787
14795,131.45,1,17,17,131.45,166.031944444444,6,0.191247925058608,1.69301492678353,0,0,0,0,4.88620521571808,4.88620521571808,0.693147180559945,0
14796,10890.65,27,283.444444444444,583.9,403.357407407407,0.888194444444444,493,0.013592047351746,4.9704146599453,198.52,12,-198.52,1,9.29575171960126,6.00229915867021,3.3322045101752,5.29591448193173
14797,300.31,1,99,99,300.31,506.988194444444,16,0.0683264224361964,2.7302076357585,0,0,0,0,5.70813963509761,5.70813963509761,0.693147180559945,0
14798,724.31,8,75.125,131.05,90.53875,52.1194444444444,30,0.0629451596938562,3.1051884668337,9.2,1,-9.2,1,6.58659914967264,4.51676237989958,2.19722457733622,2.32238772029023
14799,338.87,2,163.5,179.25,169.435,50.8986111111111,22,0.0641744637854667,2.86009614541727,0,0,0,0,5.82856319155351,5.13835399236475,1.09861228866811,0
14800,7592.14,17,406.647058823529,936.2,446.596470588235,47.0444444444444,340,0.00762690451088321,5.28287482272351,245.4,6,-358.73,0.684079948707942,8.93500048707829,6.10389209121507,2.89037175789616,5.50695623165936
14801,193.78,1,175,175,193.78,60.9347222222222,56,0.0239410258055349,3.85382985487606,0,0,0,0,5.27187071653305,5.27187071653305,0.693147180559945,0
14802,36,2,1,1,18,437.886111111111,1,1,0,72,4,-3005.96,0.0239524145364542,3.61091791264422,2.94443897916644,1.09861228866811,4.29045944114839
14803,845.55,3,123.333333333333,205,281.85,161.994444444444,35,0.14464975847197,2.32989850312188,0,0,0,0,6.74116926657424,5.64491672178916,1.38629436111989,0
14804,353.27,1,121,121,353.27,8.0625,12,0.112387014535674,2.31741610007051,0,0,0,0,5.8700593342813,5.8700593342813,0.693147180559945,0
14805,1115.44,7,60.1428571428571,135.5,159.348571428571,14.8541666666667,89,0.037854325489941,3.84659358445544,0,0,0,0,7.01790033047212,5.07735001701667,2.07944154167984,0
14806,303.43,2,211.5,318.15,151.715,74.9291666666667,17,0.0666137456380102,2.76438208116536,0,0,0,0,5.71844117566486,5.02857343922727,1.09861228866811,0
14807,519.29,2,123.5,170.75,259.645,390.002083333333,37,0.0678026753555989,3.14763043440923,0,0,0,0,6.2543863484306,5.56315932821792,1.09861228866811,0
14808,2556.03,8,268.375,472.5,319.50375,39.0201388888889,176,0.0162021810228559,4.57832795897795,304.8,7,-565.8,0.538706256627784,7.84660170772138,5.76989397676029,2.19722457733622,5.72293129349496
14809,686.76,2,116,170.9,343.38,620.920833333333,18,0.116862273522307,2.51980954343929,0,0,0,0,6.53343993986619,5.84174569885804,1.09861228866811,0
14810,2535.07,13,95.9230769230769,176,195.005384615385,40.0631944444444,129,0.0171005901935814,4.35012256545986,0,0,0,0,7.83837091769983,5.27814213138063,2.63905732961526,0
14811,170.5,1,74,74,170.5,386.986805555556,28,0.051376751145931,3.13046542734505,0,0,0,0,5.14458326660599,5.14458326660599,0.693147180559945,0
14812,185.8,1,136,136,185.8,598.067361111111,36,0.037460126459809,3.42364999293164,0,0,0,0,5.23003852579474,5.23003852579474,0.693147180559945,0
14813,1082.97,4,118.5,196.6,270.7425,369.036805555556,111,0.0202484944687408,4.29593796432213,0,0,0,0,6.98838550633987,5.60485492672442,1.6094379124341,0
14814,160.46,1,96,96,160.46,580.986111111111,28,0.0663734524677424,2.960826099172,0,0,0,0,5.08425743396687,5.08425743396687,0.693147180559945,0
14815,778.5,2,372,451.2,389.25,36.0513888888889,53,0.0210818832553917,3.91366308008096,0,0,0,0,6.65865268849783,5.96678755939554,1.09861228866811,0
14816,57.85,1,5,5,57.85,197.023611111111,4,0.265525167538317,1.35456845571736,0,0,0,0,4.07499183370629,4.07499183370629,0.693147180559945,0
14817,3735.86,7,351.714285714286,466.4,533.694285714286,200.010416666667,150,0.0116656938953551,4.74064256835649,70.65,2,-70.65,1,8.22600096557794,6.28169515499705,2.07944154167984,4.27179315427418
14818,1170.41,6,91,160.25,195.068333333333,73.1173611111111,87,0.0278938628380706,3.94510529114078,0,0,0,0,7.06596343041282,5.27846323792569,1.94591014905531,0
14819,470.16,4,43.25,59.05,117.54,64.00625,52,0.0554116870245917,3.36576119273201,0,0,0,0,6.15519773909058,4.77525045635969,1.6094379124341,0
14820,1212.81,9,80.4444444444444,147.2,134.756666666667,20.88125,52,0.0405845330910066,3.65588192596371,0,0,0,0,7.10151945195737,4.91086406749156,2.30258509299405,0
14821,1286.45,7,69.2857142857143,223.5,183.778571428571,366.171527777778,65,0.0278112947882477,3.82648205782101,0,0,0,0,7.16041879683234,5.21915819701113,2.07944154167984,0
14822,157.7,1,94,94,157.7,485.040277777778,9,0.121067790837615,2.15524175657976,0,0,0,0,5.06701562753236,5.06701562753236,0.693147180559945,0
14823,321.43,3,29.3333333333333,39.2,107.143333333333,180.026388888889,56,0.0311503070287543,3.71747870169577,0,0,0,0,5.77588605841258,4.68345750771898,1.38629436111989,0
14824,4022.91,10,195.4,346,402.291,9.9375,87,0.0235390108942116,4.08482560140107,70.4,2,-70.4,1,8.30000934572429,5.99965838573644,2.39789527279837,4.26829786934554
14825,4910.37,24,115.666666666667,243.5,204.59875,3.05,190,0.0119200865611819,4.81107939231461,38.8,3,-38.8,1,8.49930820427231,5.32592645379599,3.2188758248682,3.68386691229039
14826,385.2,2,76,106.6,192.6,581.201388888889,10,0.164595889015052,2.02816220624728,0,0,0,0,5.95635536999441,5.26579417484248,1.09861228866811,0
14827,1.05,1,5,5,1.05,664.877083333333,1,1,0,0,0,0,0,0.717839793150317,0.717839793150317,0.693147180559945,0
14828,8404.02,13,561.692307692308,1160.8,646.463076923077,196.148611111111,74,0.0211982765734227,4.06168926366341,36,1,-36,1,9.03658442537588,6.47306176789074,2.63905732961526,3.61091791264422
14829,1692.84,7,163.857142857143,327.5,241.834285714286,28.8569444444444,77,0.018363757607664,4.17026614056602,52.9,2,-52.9,1,7.43475341974768,5.49237925891259,2.07944154167984,3.98713047791495
14830,197.71,1,169,169,197.71,52.9729166666667,39,0.0509543928479292,3.25726345442183,0,0,0,0,5.29184647541773,5.29184647541773,0.693147180559945,0
14831,1676.57,3,295,429.1,558.856666666667,679.929861111111,67,0.0222307333166715,4.01144893879993,52.6,4,-52.6,1,7.42510159673826,6.32768079858684,1.38629436111989,3.98154906807676
14832,18,1,1,1,18,629.9,1,1,0,36,2,-597.32,0.0602692024375544,2.94443897916644,2.94443897916644,0.693147180559945,3.61091791264422
14833,94.8,1,58,58,94.8,498.155555555556,7,0.149715590450248,1.91765764620119,0,0,0,0,4.56226268497681,4.56226268497681,0.693147180559945,0
14834,2206.16,7,124.571428571429,178.6,315.165714285714,17.0972222222222,55,0.0317012873930019,3.72653434434323,21.95,2,-21.95,1,7.69946190023071,5.7562664884274,2.07944154167984,3.13331793650655
14835,297,2,90,106.2,148.5,528.154166666667,1,1,0,3.9,1,-3.9,1,5.6970934865054,5.00729639283074,1.09861228866811,1.58923520511658
14836,102.45,3,15,29.1,34.15,9.83680555555556,5,0.298675853021186,1.36471710242859,0,0,0,0,4.63908840419155,3.55962461825667,1.38629436111989,0
14837,3474.84,9,336.666666666667,494,386.093333333333,89.1194444444444,172,0.00844491780196933,4.97520839424221,14.5,3,-14.5,1,8.15359145540643,5.9586658353566,2.30258509299405,2.7408400239252
14838,774.17,2,181,327.7,387.085,422.919444444444,69,0.0325654625318628,3.86678927143076,0,0,0,0,6.6530823601373,5.96122438779542,1.09861228866811,0
14839,915.28,3,309,422.9,305.093333333333,418.034027777778,66,0.0196739346453477,4.0329253528886,0,0,0,0,6.82032199482037,5.72389006633926,1.38629436111989,0
14840,362.71,2,89.5,142.15,181.355,267.034722222222,20,0.0539892057075448,2.95798880475569,22.5,1,-22.5,1,5.8963568468033,5.20595533667587,1.09861228866811,3.15700042115011
14841,7177.24,14,297.428571428571,494.25,512.66,52.9493055555556,206,0.00924591997389369,5.00743809349027,0,0,0,0,8.87880950664595,6.24156156798245,2.70805020110221,0
14842,2547.69,4,291.5,602.05,636.9225,43.0506944444444,129,0.00943906536890648,4.76955791709365,90.89,4,-367.89,0.247057544374677,7.84333478066013,6.45821680261207,1.6094379124341,4.52059220951279
14843,211.8,1,132,132,211.8,436.049305555556,9,0.146209342824355,2.04874348403591,0,0,0,0,5.36035275746749,5.36035275746749,0.693147180559945,0
14844,6509.73,10,425.9,829.95,650.973,63.13125,167,0.0389305127072927,4.42643917014803,14,2,-14,1,8.78120686409259,6.48000315002625,2.39789527279837,2.70805020110221
14845,30,1,120,120,30,599.146527777778,1,1,0,0,0,0,0,3.43398720448515,3.43398720448515,0.693147180559945,0
14846,437.4,1,193,193,437.4,426.863194444444,12,0.189410489593389,2.01604322976009,30.6,1,-30.6,1,6.08313173563381,6.08313173563381,0.693147180559945,3.45315712059287
14847,1348.95,3,177.666666666667,246.9,449.65,148.123611111111,56,0.0412133975551704,3.73319081421697,28.35,1,-28.35,1,7.20782283370955,6.11069098500242,1.38629436111989,3.37929254627411
14848,310.56,1,260,260,310.56,404.019444444444,11,0.125419842860521,2.20160380109742,0,0,0,0,5.74159193605175,5.74159193605175,0.693147180559945,0
14849,15684.25,43,276.325581395349,635.6,364.75,21.0777777777778,293,0.00945962881720303,5.17393102118684,221.01,7,-221.01,1,9.66047605929278,5.90195003990023,3.78418963391826,5.40272242590283
14850,1794.01,7,201.142857142857,476,256.287142857143,311.061805555556,136,0.0207982661317893,4.29910171049378,218.8,2,-218.8,1,7.4927658719375,5.55019274857608,2.07944154167984,5.39271804196952
14851,829.41,3,210.333333333333,294,276.47,22.9375,40,0.0451756897152701,3.41988344228232,0,0,0,0,6.72191955472833,5.62571281923428,1.38629436111989,0
14852,6147.18,18,242.833333333333,387.2,341.51,58.0208333333333,156,0.0163560376773911,4.62219776451799,23.55,3,-23.55,1,8.72391138204382,5.83630085435635,2.94443897916644,3.20071185424053
14853,1376.87,5,69,143.2,275.374,23.8291666666667,26,0.332561137569326,1.99843870223349,25.5,2,-25.5,1,7.2282941075007,5.62175502089879,1.79175946922805,3.27714473299218
14854,4278.96,11,272.636363636364,537,388.996363636364,77.8680555555556,172,0.0146498069152246,4.76058898688101,20.69,3,-20.69,1,8.36169894273778,5.9661374150709,2.484906649788,3.07685132483878
14855,6520.3,7,501.428571428571,1459.5,931.471428571429,118.991666666667,172,0.0142065027636203,4.6682673106251,0,0,0,0,8.78282902154892,6.83783851144688,2.07944154167984,0
14856,1311.38,3,238,459,437.126666666667,35.9145833333333,65,0.0254392080606655,3.9581096205725,0,0,0,0,7.1795975617145,6.08250806187101,1.38629436111989,0
14857,3652.06,7,297.285714285714,557.3,521.722857142857,59.1854166666667,173,0.00733883034911987,5.03596009464234,72.92,3,-72.92,1,8.20332045151668,6.25905141375238,2.07944154167984,4.30298342733343
14858,180.75,1,105,105,180.75,505.124305555556,11,0.0955720459358482,2.37297928627086,0,0,0,0,5.20263211641363,5.20263211641363,0.693147180559945,0
14859,1705.64,5,177.6,246.6,341.128,12.0638888888889,52,0.0351307748668708,3.64842786994504,1.7,1,-1.7,1,7.44228180424337,5.83518493604728,1.79175946922805,0.993251773010283
14860,170.8,1,232,232,170.8,18.9395833333333,11,0.130999676409129,2.19398776320139,1.7,1,-1.7,1,5.14633100955016,5.14633100955016,0.693147180559945,0.993251773010283
14861,1380.73,10,107.6,263.05,138.073,52.0388888888889,63,0.0278335222048822,3.88145550506261,62.33,4,-62.33,1,7.23109161621021,4.93499897512813,2.39789527279837,4.14835915052834
14862,862.16,2,386,425.6,431.08,25.1173611111111,47,0.0243876910048239,3.78018616780557,0,0,0,0,6.76060007366727,6.06861075628464,1.09861228866811,0
14863,266.76,1,132,132,266.76,28.9069444444444,11,0.124059210855148,2.25264919356475,0,0,0,0,5.59009105690307,5.59009105690307,0.693147180559945,0
14865,132.6,4,75,170.4,33.15,6.85069444444444,4,0.344753792919883,1.2144550079394,0,0,0,0,4.89485026110255,3.5307625860168,1.6094379124341,0
14866,18914.19,19,416.894736842105,1508.2,995.483684210526,10.0451388888889,40,0.0408358931164364,3.3491005015292,197.49,1,-192.45,1.02618862042089,9.84772058195456,6.9042327664235,2.99573227355399,5.29073872102449
14867,2924.76,16,62.25,151,182.7975,185.090972222222,67,0.0291702984199018,3.85637603976221,48.65,3,-50.6,0.961462450592885,7.98130955497606,5.21383460808806,2.83321334405622,3.90499839049118
14868,4184.01,12,185.833333333333,341.8,348.6675,2.91736111111111,133,0.0148898345397767,4.5495744535493,13.95,1,-13.95,1,8.33926437240698,5.85698270294746,2.56494935746154,2.7047112998367
14869,2804.24,6,356.333333333333,533.25,467.373333333333,8.00972222222222,193,0.00987607488899385,4.91353646171354,27.44,3,-27.44,1,7.93924437579395,6.14926569870524,1.94591014905531,3.34779660493504
14870,1838.95,6,80.5,114.5,306.491666666667,261.082638888889,48,0.0391732010752897,3.53683851586246,44.35,3,-44.35,1,7.51749367632077,5.72844798660835,1.94591014905531,3.81441017656115
14871,1257.02,9,50.4444444444444,71,139.668888888889,2.96388888888889,126,0.0245332540055247,4.24221517205588,0,0,0,0,7.1372943353852,4.94640882303143,2.30258509299405,0
14872,817.56,3,220.666666666667,274.8,272.52,483.052777777778,34,0.0480217916402273,3.322453672059,13.92,1,-13.92,1,6.70754669895042,5.61137474533105,1.38629436111989,2.70270259477561
14873,854.13,2,155.5,166.75,427.065,209.998611111111,49,0.0219036371699391,3.85937273271648,0,0,0,0,6.75125350416245,6.05927505320972,1.09861228866811,0
14874,116.18,1,148,148,116.18,534.952777777778,6,0.250990406401568,1.55450945441381,0,0,0,0,4.76371121411664,4.76371121411664,0.693147180559945,0
14875,2732.65,3,444,742.4,910.883333333333,107.0625,88,0.0244743349671059,4.12051134426163,20.85,4,-20.85,1,7.91339299153225,6.81551205791475,1.38629436111989,3.0842009215416
14876,256.7,2,81,137.7,128.35,520.953472222222,12,0.127114967488374,2.29957640594291,0,0,0,0,5.55179611765832,4.86252190863204,1.09861228866811,0
14877,437,2,85.5,95.85,218.5,418.028472222222,56,0.0271751959742157,3.7985758453842,0,0,0,0,6.08221891037645,5.39135223251523,1.09861228866811,0
14878,4105.38,25,97.28,204.2,164.2152,12.0659722222222,162,0.0211916851657712,4.36152200360192,287.4,3,-293.02,0.980820421814211,8.3202971407881,5.10724886653948,3.25809653802148,5.66434840541079
14879,185.06,1,104,104,185.06,684.052083333333,27,0.0449042210266768,3.19800255387681,0,0,0,0,5.22606920234041,5.22606920234041,0.693147180559945,0
14880,706.19,3,124.333333333333,173.9,235.396666666667,77.0055555555556,45,0.0249475212031356,3.74348578510856,0,0,0,0,6.56129937095197,5.46551118503772,1.38629436111989,0
14881,256.6,1,316,316,256.6,19.0722222222222,17,0.0698821752651284,2.74022712311494,0,0,0,0,5.5514079942302,5.5514079942302,0.693147180559945,0
14882,3588.55,14,112,204.65,256.325,26.0020833333333,32,0.108670206589155,2.58739702667525,188.4,1,-201.6,0.934523809523809,8.18578212543617,5.55033987741262,2.70805020110221,5.24386118075198
14883,762.07,6,131.666666666667,246,127.011666666667,18.1020833333333,40,0.0410240626820826,3.47797892505007,4.95,1,-4.95,1,6.63734977019558,4.85212140559942,1.94591014905531,1.78339121955754
14884,120.6,1,72,72,120.6,668.995833333333,8,0.141278131179371,2.01857668450193,0,0,0,0,4.80073696953207,4.80073696953207,0.693147180559945,0
14885,1598.12,3,436,698,532.706666666667,131.072916666667,28,0.0531307081856523,3.13394831865613,102,1,-102,1,7.37720875692239,6.27984637467404,1.38629436111989,4.63472898822964
14886,364.8,1,160,160,364.8,252.204166666667,18,0.062158248210988,2.83851472075055,0,0,0,0,5.90208673595677,5.90208673595677,0.693147180559945,0
14887,1146,1,700,700,1146,78.9291666666667,6,0.179605822208821,1.74299828293015,0,0,0,0,7.04490511712937,7.04490511712937,0.693147180559945,0
14888,369.2,1,184,184,369.2,206.952777777778,20,0.0554449079676828,2.94671716246779,0,0,0,0,5.9140434001394,5.9140434001394,0.693147180559945,0
14889,135.9,1,90,90,135.9,335.896527777778,10,0.102912152975747,2.28799194874877,0,0,0,0,4.9192507322944,4.9192507322944,0.693147180559945,0
14890,817.25,3,212,292.9,272.416666666667,253.078472222222,55,0.0207996349739635,3.93484701258707,0,0,0,0,6.70716791338129,5.6109968831731,1.38629436111989,0
14891,1106.73,4,197,399.05,276.6825,147.820833333333,55,0.0208389230986295,3.94054526517338,0,0,0,0,7.0100681553014,5.62647837468212,1.6094379124341,0
14892,202.35,1,79,79,202.35,690.161111111111,13,0.0787045152495001,2.55333583108082,0,0,0,0,5.31492863235323,5.31492863235323,0.693147180559945,0
14893,1802.66,3,349,543.2,600.886666666667,9.01319444444444,100,0.0118918954527312,4.51984993315899,27.35,3,-27.35,1,7.49757321279333,6.40006916623438,1.38629436111989,3.34462703017376
14894,1492.81,3,201,282.1,497.603333333333,84.9993055555556,41,0.0421069777975817,3.41174341519895,80.6,2,-80.6,1,7.30908518223715,6.21181085645286,1.38629436111989,4.40182926197006
14895,24692.42,38,278.473684210526,908.75,649.80052631579,7.14375,472,0.00420913786629907,5.79881026242596,505.42,10,-630.72,0.801338153221715,10.114292090365,6.47820318406581,3.66356164612965,6.22736636452085
14896,2090.47,8,139.625,295.55,261.30875,204.145833333333,154,0.014887368349516,4.53598988809969,118.95,2,-118.95,1,7.64562244700697,5.56952224506596,2.19722457733622,4.7870749892857
14897,3129.34,8,145.25,197.7,391.1675,7.09583333333333,95,0.0147658112866238,4.37827665983586,39.8,1,-39.8,1,8.04889690383288,5.97168904444393,2.19722457733622,3.70868208141012
14898,3409.22,14,146.785714285714,291.8,243.515714285714,22.9138888888889,195,0.0186053975415793,4.62946290926546,150.95,4,-150.95,1,8.13453208432552,5.49927957795684,2.70805020110221,5.0235515193628
14899,1340.98,1,586,586,1340.98,394.895833333333,126,0.0116707130934387,4.64799439062928,0,0,0,0,7.20190141429092,7.20190141429092,0.693147180559945,0
14900,13.92,1,48,48,13.92,521.945138888889,1,1,0,0,0,0,0,2.70270259477561,2.70270259477561,0.693147180559945,0
14901,2289.65,12,87.75,168.2,190.804166666667,10.8201388888889,103,0.0228842032902804,4.14819269649694,12.6,1,-12.6,1,7.7365908990673,5.25647488623145,2.56494935746154,2.61006979274201
14902,1035.62,3,238.666666666667,256.2,345.206666666667,25.0944444444444,54,0.026859613850264,3.83674125101583,35.35,2,-35.35,1,6.94372069941475,5.8470358992484,1.38629436111989,3.59319420397953
14903,2804.95,5,307.2,409.2,560.99,20.8631944444444,229,0.00798873833282565,5.10713054901832,66.15,5,-66.15,1,7.93949744154427,6.33148405614108,1.79175946922805,4.20692892296925
14904,1604.64,4,595.25,1129.35,401.16,1.99652777777778,127,0.0162328126219635,4.43949689328798,0,0,0,0,7.38127770997699,5.99685001938432,1.6094379124341,0
14905,1971.39,8,126.125,168.5,246.42375,157.047916666667,45,0.0872354337848829,3.1030648837882,31.7,2,-31.7,1,7.58700128437159,5.51110245373402,2.19722457733622,3.48737507790321
14906,18,1,1,1,18,444.888888888889,1,1,0,36,2,-135.42,0.265839610101905,2.94443897916644,2.94443897916644,0.693147180559945,3.61091791264422
14907,6165.79,16,176.0625,493.25,385.361875,2.94166666666667,161,0.0133359155430191,4.73076456015234,71.1,7,-71.1,1,8.72693372219831,5.95677443028617,2.83321334405622,4.2780540442909
14908,381.9,2,91,127.9,190.95,74.0375,14,0.10473610092068,2.43397979944813,0,0,0,0,5.94777385848325,5.25723492144681,1.09861228866811,0
14909,1404.68,3,296,427.8,468.226666666667,436.870833333333,62,0.0208358885512546,4.00698218926274,23.7,2,-23.7,1,7.24827645044964,6.15108594949224,1.38629436111989,3.20680324363393
14910,434.35,4,59.5,95.3,108.5875,2.11388888888889,25,0.0545694589692201,3.06467821986588,44.49,3,-44.49,1,6.07615030527462,4.6967233169147,1.6094379124341,3.81749252158191
14911,274860.28,398,363.14824120603,974.199999999999,690.603718592965,0.872222222222222,2738,0.00252860660305419,7.05716454295635,12882.45,112,-25724.1,0.500793030659965,12.5240218130142,6.53901313059191,5.98896141688986,9.46369882093388
14912,1858.22,6,299.166666666667,487.75,309.703333333333,16.1458333333333,47,0.0560339369229979,3.35803572851635,91.8,5,-1140.67,0.0804790167182445,7.52791232391471,5.73883854480406,1.94591014905531,4.53044663979215
14913,4061.5,8,494.375,839.85,507.6875,35.18125,177,0.0134979434273267,4.7683517658484,0,0,0,0,8.30955382663799,6.23183387908726,2.19722457733622,0
14915,1811.25,11,64.2727272727273,150.5,164.659090909091,91.0111111111111,65,0.0288202784128985,3.90113996139718,58.6,2,-58.6,1,7.50232444618099,5.10993200746395,2.484906649788,4.0876555740713
14916,3044.63,8,301.875,647,380.57875,70.1875,113,0.0224726848691958,4.28198768393685,154.74,3,-154.74,1,8.02146305529558,5.94431725144077,2.19722457733622,5.04818795014884
14917,1103.59,2,397.5,433.95,551.795,596.098611111111,29,0.0508562236409815,3.1586296935915,0,0,0,0,7.00722950437523,6.31498722755004,1.09861228866811,0
14918,5955.81,9,283.444444444444,472.8,661.756666666667,115.083333333333,82,0.0201263204982976,4.1167327079263,0,0,0,0,8.69229038187074,6.49640790421574,2.30258509299405,0
14919,359.35,1,129,129,359.35,539.030555555556,13,0.0991670585286201,2.42974783565863,0,0,0,0,5.88707578137045,5.88707578137045,0.693147180559945,0
14920,1607.17,3,295.333333333333,368.5,535.723333333333,212.1375,92,0.0125505779794652,4.45828849295718,0,0,0,0,7.38285216554383,6.28548275379827,1.38629436111989,0
14921,1318.23,2,476.5,615.55,659.115,29.98125,78,0.0149271271893559,4.28351700145468,0,0,0,0,7.184803512042,6.49241406226627,1.09861228866811,0
14922,843.74,2,188,239.3,421.87,393.066666666667,49,0.0227431026305687,3.84049804844926,0,0,0,0,6.73902888770249,6.04706480320596,1.09861228866811,0
14923,749.1,1,418,418,749.1,50.0826388888889,44,0.0270742672544659,3.69675058354932,0,0,0,0,6.62020653097559,6.62020653097559,0.693147180559945,0
14924,762.06,3,104,132,254.02,245.184027777778,30,0.0515922703361583,3.18576927130446,0,0,0,0,6.6373366651521,5.5413419734554,1.38629436111989,0
14926,359.4,2,102,107.4,179.7,381.234027777778,2,0.650837093542103,0.533627996575933,21.75,1,-21.75,1,5.88721452573418,5.19683819759818,1.09861228866811,3.12456514539696
14927,308.2,1,196,196,308.2,396.013888888889,20,0.0545928063600964,2.9543724269122,0,0,0,0,5.73398831671327,5.73398831671327,0.693147180559945,0
14928,223.91,1,268,268,223.91,627.15,21,0.0552584198001663,2.96269603615203,19.45,1,-19.45,1,5.41570032218308,5.41570032218308,0.693147180559945,3.01798288248881
14929,836.69,2,243.5,340.25,418.345,31.8118055555556,34,0.0419633196907732,3.34244471997735,0,0,0,0,6.73064810364074,6.03869397014484,1.09861228866811,0
14930,5083.08,6,366.5,629,847.18,108.138194444444,228,0.00594531356144839,5.27542110545091,66.09,3,-109.99,0.600872806618784,8.53386936782677,6.743092877418,1.94591014905531,4.2060350015748
14931,919.16,5,83.4,164.2,183.832,4.10486111111111,30,0.0580160840303976,3.15851555816301,18,1,-293,0.0614334470989761,6.82454756796544,5.21944730439025,1.79175946922805,2.94443897916644
14932,933.66,2,168.5,176.15,466.83,365.043055555556,29,0.0438731472489958,3.23055649948886,0,0,0,0,6.84018282679332,6.14810498206391,1.09861228866811,0
14933,1239,4,105,117,309.75,443.127083333333,1,1,0,354,1,-885,0.4,7.12286665859908,5.73898873039082,1.6094379124341,5.87211778947542
14934,3439.5,5,420,558.2,687.9,81.1527777777778,119,0.0150399155920141,4.49242323580965,968.43,4,-1059.4,0.914130639984897,8.14337208864253,6.53509612259915,1.79175946922805,6.87670826990994
14935,2647.68,2,810,955.8,1323.84,296.920833333333,25,0.0641144855285514,2.93812799925304,0,0,0,0,7.88181668167312,7.1890469764119,1.09861228866811,0
14936,12366.91,12,522.833333333333,1003.85,1030.57583333333,33.0972222222222,281,0.00826789780627971,5.26970745723782,32.35,2,-32.35,1,9.42286049395726,6.93884284734013,2.56494935746154,3.50705777236163
14937,1621.88,3,161.333333333333,233.2,540.626666666667,56.05625,33,0.0545483170612501,3.22336431172202,4.25,1,-4.25,1,7.39195762762769,6.29457695721512,1.38629436111989,1.65822807660353
14938,2296.99,2,672.5,673.85,1148.495,562.008333333333,71,0.0252005389116007,3.98190902773832,33,2,-33,1,7.73979010678914,7.04707799447651,1.09861228866811,3.52636052461616
14940,531.49,2,192,270.3,265.745,417.127083333333,32,0.0335510908520168,3.42963592073149,0,0,0,0,6.27756411806452,5.58629314586373,1.09861228866811,0
14941,182.1,1,80,80,182.1,578.097222222222,7,0.25253698612291,1.67112718180599,0,0,0,0,5.21003245168046,5.21003245168046,0.693147180559945,0
14942,746.56,4,88.5,142.35,186.64,401.082638888889,12,0.323521678282319,1.70513839499818,18,1,-40,0.45,6.6168145696021,5.23452523346026,1.6094379124341,2.94443897916644
14943,107.62,1,46,46,107.62,662.865277777778,5,0.249099668276754,1.48309508621382,0,0,0,0,4.6878555526067,4.6878555526067,0.693147180559945,0
14944,9720.67,19,256,579.599999999999,511.614210526316,29.1527777777778,188,0.0137829280113982,4.77013609031836,109.75,5,-109.75,1,9.18211269339631,6.23952353599268,2.99573227355399,4.70727540892524
14945,179.4,1,156,156,179.4,413.1,11,0.0970906365700607,2.36348085134156,0,0,0,0,5.19517660762852,5.19517660762852,0.693147180559945,0
14946,100.9,1,22,22,100.9,13.9701388888889,2,0.558455564930492,0.633495732502386,0,0,0,0,4.62399194022868,4.62399194022868,0.693147180559945,0
14947,1047.89,6,69.3333333333333,113.5,174.648333333333,71.9180555555556,47,0.0277263230813701,3.71995606472199,0,0,0,0,6.9554877411248,5.16848389010054,1.94591014905531,0
14948,1101.97,6,112.166666666667,239.75,183.661666666667,22.8152777777778,56,0.0257505033745835,3.87553262296975,35.4,1,-35.4,1,7.0057618203342,5.21852532190034,1.94591014905531,3.5945687746427
14949,515,4,62.5,87.55,128.75,468.925,17,0.0773050783297201,2.68935811075995,16.45,2,-16.45,1,6.24610676548156,4.865609522046,1.6094379124341,2.85933964864844
14950,371.2,1,136,136,371.2,18.9597222222222,19,0.0658738550646552,2.83324140887245,9.95,1,-9.95,1,5.91943134420815,5.91943134420815,0.693147180559945,2.39333945626251
14951,315.29,1,311,311,315.29,78.9409722222222,20,0.0645323719674383,2.85188892215682,0,0,0,0,5.75665951425697,5.75665951425697,0.693147180559945,0
14952,17524.95,32,214.28125,636.6,547.6546875,59.1368055555556,249,0.00930387697712017,5.10628887925904,385.1,11,-385.1,1,9.77143791870747,6.30746925909848,3.49650756146648,5.95609640327019
14953,1015.71,4,257,364,253.9275,24.9104166666667,202,0.0110171139120013,4.88033232354109,8.4,1,-8.4,1,6.92432720297584,5.54097919100813,1.6094379124341,2.24070968927596
14954,499.54,2,109.5,125.25,249.77,11.9305555555556,111,0.0279264362056828,4.15861063446315,0,0,0,0,6.21568751564176,5.52453618437917,1.09861228866811,0
14955,163.77,1,74,74,163.77,732.052083333333,30,0.133057432852327,2.71283336436299,0,0,0,0,5.10455056206934,5.10455056206934,0.693147180559945,0
14956,254.4,1,480,480,254.4,420.881944444444,4,0.25,1.38629436111989,0,0,0,0,5.54283094359844,5.54283094359844,0.693147180559945,0
14957,333.29,2,52.5,69.15,166.645,252.827083333333,27,0.211573051317758,2.27742733579473,0,0,0,0,5.81200887972707,5.12184864842932,1.09861228866811,0
14958,957.94,6,41.5,66,159.656666666667,146.979166666667,52,0.0477145907854134,3.47411068271332,0,0,0,0,6.8658285077541,5.07926958278156,1.94591014905531,0
14959,695.42,4,123.5,194.1,173.855,63.8104166666667,37,0.0531420367572813,3.24902851347452,10.45,1,-10.45,1,6.54595292660859,5.16395705903991,1.6094379124341,2.43798973000025
14960,221.27,2,110.5,191.95,110.635,7.99722222222222,23,0.130986479078488,2.5312700072044,0,0,0,0,5.40389285909668,4.7152346208504,1.09861228866811,0
14961,16410.15,22,380.545454545455,719.4,745.915909090909,10.1305555555556,366,0.00694899131027114,5.48167803044871,81.25,6,-81.25,1,9.70571626084869,6.61595260729806,3.13549421592915,4.40976338964548
14962,366.91,4,30.75,48.25,91.7275,270.130555555556,14,0.108358205683954,2.42548406557984,0,0,0,0,5.90783834304059,4.52966508445733,1.6094379124341,0
14963,3164.7,12,193.083333333333,290.5,263.725,9.02361111111111,320,0.0133814547220599,5.0665008623855,5.85,1,-5.85,1,8.06012947916035,5.57869155131652,2.56494935746154,1.92424865227413
14964,206.21,1,143,143,206.21,246.984027777778,13,0.281520655053819,1.77827009328752,0,0,0,0,5.33373277176899,5.33373277176899,0.693147180559945,0
14965,599,2,182.5,335.95,299.5,96.0208333333333,80,0.0338613214567406,3.95339471141549,0,0,0,0,6.39692965521615,5.70544775397526,1.09861228866811,0
14966,1124.72,6,179,388.75,187.453333333333,14.0208333333333,125,0.021719035804274,4.25204204016214,0,0,0,0,7.02617810992586,5.23885040771449,1.94591014905531,0
14967,1982.61,6,108.666666666667,158,330.435,49.1138888888889,22,0.230240058802657,2.08563444808107,18,1,-302.09,0.0595848919196266,7.59267369594125,5.80343171196866,1.94591014905531,2.94443897916644
14968,507.24,2,129,130.8,253.62,29.9527777777778,83,0.0183003768393989,4.15957432353871,0,0,0,0,6.23095377695828,5.5397722376335,1.09861228866811,0
14969,899.27,1,641,641,899.27,703.004861111111,13,0.0977835985674543,2.42508208464126,0,0,0,0,6.80269471833331,6.80269471833331,0.693147180559945,0
14970,4919.35,12,81.8333333333333,170.3,409.945833333333,68.0041666666667,77,0.0421995914657978,3.51620689874064,1325.95,4,-1325.95,1,8.50113494516753,6.01846141343454,2.56494935746154,7.19063835464721
14971,1116.57,3,214.666666666667,345.4,372.19,34.8215277777778,144,0.0109439360612503,4.70370520023825,0,0,0,0,7.01891196434696,5.92208767333016,1.38629436111989,0
14972,145.07,2,20,27.2,72.535,127.955555555556,20,0.0787311520490254,2.71735362240547,0,0,0,0,4.98408595886272,4.29776148335228,1.09861228866811,0
14973,636.45,3,123,235.8,212.15,106.915972222222,29,0.0496237357720165,3.18154754106226,0,0,0,0,6.45747584258413,5.36199614321122,1.38629436111989,0
14974,114.39,1,44,44,114.39,36.9923611111111,17,0.0920223817490467,2.57747180971969,0,0,0,0,4.74831769520658,4.74831769520658,0.693147180559945,0
14975,472.39,2,253.5,367.35,236.195,56.9875,25,0.0653421887623812,2.91245864681298,0,0,0,0,6.15991957307139,5.46888258764339,1.09861228866811,0
14976,790.86,7,33.4285714285714,62.4,112.98,56.8840277777778,47,0.0543144901454789,3.22279570456444,25,1,-25,1,6.67438460851241,4.73602299440685,2.07944154167984,3.25809653802148
14977,31.97,1,17,17,31.97,725.092361111111,4,0.456450071613705,0.962035045975095,0,0,0,0,3.49559805708364,3.49559805708364,0.693147180559945,0
14978,3141.19,10,74,127.8,314.119,72.0298611111111,186,0.013980683360285,4.75922927784347,35.8,2,-35.8,1,8.05267528802482,5.75295034526335,2.39789527279837,3.60549784517489
14979,439.46,1,213,213,439.46,734.997222222222,42,0.0419944178812237,3.41048945652974,0,0,0,0,6.08781963535074,6.08781963535074,0.693147180559945,0
14980,150.68,1,79,79,150.68,736.945138888889,24,0.0731882292883535,2.88079817643669,0,0,0,0,5.02177303850671,5.02177303850671,0.693147180559945,0
14981,372.92,2,120.5,141.65,186.46,246.003472222222,20,0.0583476127342485,2.91276626905048,59.4,1,-59.4,1,5.92404187079055,5.23356548931834,1.09861228866811,4.10098910494077
14982,237.78,1,125,125,237.78,571.915277777778,39,0.0343260709831849,3.51699257681721,0,0,0,0,5.47554262591724,5.47554262591724,0.693147180559945,0
14983,183.2,1,90,90,183.2,688.804166666667,29,0.0707963771190481,2.93657531799553,0,0,0,0,5.21602212382121,5.21602212382121,0.693147180559945,0
14984,1271.51,6,58.3333333333333,127.5,211.918333333333,18.9319444444444,48,0.148695027312737,2.53715694545294,0,0,0,0,7.14874660693997,5.36090868060782,1.94591014905531,0
14985,297.59,2,130,166.9,148.795,197.972916666667,78,0.0267466963944336,3.98190867803721,0,0,0,0,5.69907139492608,5.00926769268895,1.09861228866811,0
14986,566.9,2,171,171.9,283.45,375.892361111111,88,0.0172487775285747,4.26052256244893,0,0,0,0,6.34194534688339,5.65055749119666,1.09861228866811,0
14987,1693.45,8,82.875,167.65,211.68125,15.11875,4,0.537025568223145,0.706605296141767,81.6,1,-81.6,1,7.43511348338249,5.35979456599333,2.19722457733622,4.41400968052693
14988,2066.6,7,182.285714285714,240.5,295.228571428571,211.072916666667,173,0.0135439563493753,4.63430079866656,0,0,0,0,7.63414379332188,5.69113135710264,2.07944154167984,0
14989,342.4,1,200,200,342.4,661.090277777778,18,0.0637378264477247,2.8237325411613,0,0,0,0,5.83889594846338,5.83889594846338,0.693147180559945,0
14990,305.42,2,65,65.9,152.71,611.997222222222,41,0.139545046421506,2.78558871105473,0,0,0,0,5.72495670988761,5.03506771023684,1.09861228866811,0
14991,314.67,1,191,191,314.67,430.034027777778,21,0.0618796163623231,2.89163010713148,0,0,0,0,5.75469736412431,5.75469736412431,0.693147180559945,0
14992,210.5,1,145,145,210.5,441.834722222222,27,0.0653256797242173,2.9446269983803,0,0,0,0,5.35422499848633,5.35422499848633,0.693147180559945,0
14993,36.13,1,21,21,36.13,563.04375,9,0.186231194990504,1.90906805126913,0,0,0,0,3.61442526818899,3.61442526818899,0.693147180559945,0
14994,959.68,5,115.4,193.8,191.936,381.99375,238,0.00834096097255549,5.1057696327541,74.13,3,-74.3,0.99771197846568,6.86764136704556,5.26235852769377,1.79175946922805,4.31921994638107
14995,233.23,2,51.5,51.95,116.615,38.0493055555556,53,0.0330995696578834,3.6443125655622,0,0,0,0,5.45630353860482,4.767416578351,1.09861228866811,0
14996,442.29,2,202,381.1,221.145,481.004166666667,37,0.0351715646677647,3.46745512945402,0,0,0,0,6.0942241834095,5.40333032181375,1.09861228866811,0
14997,793.64,4,352,567,198.41,46.0152777777778,36,0.0419695774492239,3.38787883099334,5.22,1,-5.22,1,6.6778891819071,5.2953630067216,1.6094379124341,1.82776990675109
14998,770.73,4,91.75,156,192.6825,169.847222222222,111,0.0213903644011049,4.23636029280826,0,0,0,0,6.64863474791851,5.2662202204358,1.6094379124341,0
14999,129.48,1,88,88,129.48,592.127083333333,9,0.118593680346251,2.16503677653464,0,0,0,0,4.87121995831276,4.87121995831276,0.693147180559945,0
15000,490.52,1,218,218,490.52,47.0888888888889,76,0.0192066301865229,4.13484405469615,0,0,0,0,6.19750263051925,6.19750263051925,0.693147180559945,0
15001,230.86,2,40.5,74.25,115.43,393.957638888889,44,0.0401909139741372,3.44092610469093,0,0,0,0,5.44613374124226,4.75729023404892,1.09861228866811,0
15002,4815.33,9,279.777777777778,470,535.036666666667,115.129166666667,225,0.0142624874968992,4.84600731330878,0,0,0,0,8.47976750623584,6.28420256669128,2.30258509299405,0
15003,1060.7,6,91.1666666666667,179.75,176.783333333333,472.920833333333,260,0.0139497512760131,5.01055701163535,5,1,-5,1,6.96762667601953,5.18056558040338,1.94591014905531,1.79175946922805
15004,1248.48,1,630,630,1248.48,146.989583333333,154,0.0183989308340991,4.55165049788616,0,0,0,0,7.13048274374434,7.13048274374434,0.693147180559945,0
15005,14108.39,56,158.142857142857,247.5,251.935535714286,15.0173611111111,632,0.00548113276706972,5.73366869988424,343.11,20,-342.93,1.0005248884612,9.55459581216181,5.53313465671232,4.04305126783455,5.84096137370055
15006,827.1,2,208,292.6,413.55,50.9458333333333,165,0.0140632434052487,4.63528099946247,0,0,0,0,6.71913392003965,6.02719359456223,1.09861228866811,0
15007,156.91,1,69,69,156.91,158.909722222222,12,0.121590663607821,2.26074853285993,0,0,0,0,5.06202525047855,5.06202525047855,0.693147180559945,0
15008,271.2,2,510,699,135.6,480.028472222222,6,0.166666666666667,1.79175946922805,0,0,0,0,5.60653709021737,4.91705694713669,1.09861228866811,0
15009,1262.04,3,214,270.9,420.68,11.96875,148,0.016656531233569,4.52375805702127,0,0,0,0,7.14127679247448,6.04424673254695,1.38629436111989,0
15010,308.94,1,184,184,308.94,35.0055555555556,20,0.0566004078231335,2.93387348670239,0,0,0,0,5.73637873035919,5.73637873035919,0.693147180559945,0
15011,416.6,2,144.5,184.55,208.3,395.069444444444,17,0.0863065694927895,2.58399299663599,0,0,0,0,6.03452403656843,5.34376862945195,1.09861228866811,0
15012,860.62,3,159.666666666667,171,286.873333333333,53.0611111111111,176,0.0121765082354893,4.76866801409035,0,0,0,0,6.75881433820044,5.66252056857423,1.38629436111989,0
15013,1652.94,10,174.7,327.8,165.294,487.072916666667,176,0.015558242297157,4.60532227495222,0,0,0,0,7.41091559923037,5.11375730617338,2.39789527279837,0
15014,260.17,2,75.5,82.25,130.085,42.7381944444444,29,0.214648269078085,2.39644140678423,0,0,0,0,5.56517153628838,4.87584596774762,1.09861228866811,0
15015,2365.02,13,122.538461538462,275.4,181.924615384615,501,163,0.0195099898443486,4.58568344175656,89.2,7,-89.2,1,7.76896449758798,5.20907413018275,2.63905732961526,4.50202942706858
15016,630.3,5,49.4,74.8,126.06,172.072222222222,94,0.0170599219302529,4.26028102906412,8,1,-8,1,6.44778118537358,4.84465941583839,1.79175946922805,2.19722457733622
15017,125.58,1,63,63,125.58,33.0951388888889,20,0.0607260603521432,2.88893710606099,0,0,0,0,4.84087451934716,4.84087451934716,0.693147180559945,0
15018,581.26,3,70,92.8,193.753333333333,38.0020833333333,30,0.0653815763620647,3.12670042914129,18,1,-39.95,0.450563204005006,6.36691708337008,5.27173380056501,1.38629436111989,2.94443897916644
15019,266,1,159,159,266,266.010416666667,64,0.029096565662276,3.82083115804077,0,0,0,0,5.58724865840025,5.58724865840025,0.693147180559945,0
15020,203.42,1,112,112,203.42,378.972916666667,27,0.0514464045221946,3.11469691210072,0,0,0,0,5.32017670090093,5.32017670090093,0.693147180559945,0
15021,2785.08,12,101.416666666667,154.45,232.09,8.03958333333333,361,0.0105241081827873,5.1610380274312,92.29,5,-94.24,0.979308149405773,7.93239086893107,5.45142464507858,2.56494935746154,4.53571292097287
15022,1166.5,5,131.2,228.2,233.3,11.0104166666667,115,0.020744571348047,4.319718889591,0,0,0,0,7.06261998954305,5.45660234551375,1.79175946922805,0
15023,11920.13,20,252.6,472.35,596.0065,2.81041666666667,513,0.00792946842595383,5.65615968135088,78.49,3,-78.49,1,9.38606773478395,6.39192800110552,3.04452243772342,4.37563122758502
15024,4075.51,16,137.5625,445.25,254.719375,9.03055555555556,168,0.0179842974708779,4.55037715083293,0,0,0,0,8.31299650918471,5.54408065181608,2.83321334405622,0
15025,1013.09,2,257.5,319.15,506.545,32.8958333333333,132,0.0129342521199734,4.59405962998196,0,0,0,0,6.92174693760887,6.22958537693573,1.09861228866811,0
15026,1069.41,5,134.6,250.4,213.882,79.9986111111111,109,0.0239125131585013,4.24137633352613,0,0,0,0,6.97579703163227,5.37008904025209,1.79175946922805,0
15027,2874.36,10,212.2,502.65,287.436,30.1069444444444,69,0.0329614344926039,3.7890239865351,57.4,3,-221.56,0.259072034663297,7.96393316278371,5.66447322425028,2.39789527279837,4.06731588983418
15028,1157.71,6,132.666666666667,256.75,192.951666666667,7.94722222222222,65,0.0642944653454829,3.31641521793568,0,0,0,0,7.05506259632739,5.26760898712911,1.94591014905531,0
15029,365.1,1,234,234,365.1,619.065277777778,10,0.148957287509393,2.1082729009784,2.95,1,-2.95,1,5.90290652012619,5.90290652012619,0.693147180559945,1.37371557891303
15030,1902.64,8,144.125,223.15,237.83,71.125,25,0.100590651442693,2.69925330164755,15.25,1,-15.25,1,7.55152312184401,5.4757520017686,2.19722457733622,2.78809290877575
15031,3158.74,14,115.357142857143,226.1,225.624285714286,3.93819444444444,245,0.0164664747526012,4.68000733486866,299.21,2,-299.21,1,8.05824502471489,5.42329351723016,2.70805020110221,5.70448222977047
15032,11668.65,8,872.375,2194,1458.58125,255.949305555556,42,0.0660886831112486,2.91979370306136,495,2,-495,1,9.36474673339983,7.28590485849458,2.19722457733622,6.20657592672493
15033,2586.67,10,169.5,319.6,258.667,4.00694444444444,314,0.00740794292343962,5.33080641796024,15.65,1,-15.65,1,7.85851313589853,5.55940004089886,2.39789527279837,2.81241021642645
15034,8228.93,14,336.285714285714,530,587.780714285714,15.0270833333333,438,0.00845300705378014,5.39042439876787,30.95,3,-30.95,1,9.01553278816714,6.37805381260805,2.70805020110221,3.46417218082354
15035,261.37,1,245,245,261.37,89.1125,26,0.0749242578896418,2.8462000808386,0,0,0,0,5.56975572126555,5.56975572126555,0.693147180559945,0
15036,465.57,3,109,167,155.19,71.9222222222222,107,0.0219481376403604,4.23008869370886,0,0,0,0,6.14540806262105,5.05107321486963,1.38629436111989,0
15037,402.75,2,150.5,218.45,201.375,375.989583333333,40,0.0655805385152742,3.18621132587605,0,0,0,0,6.00079587453687,5.3101224119978,1.09861228866811,0
15038,1309.86,9,49,99.8,145.54,58.0951388888889,190,0.0108736739411909,4.87189339186444,39.9,1,-39.9,1,7.17843868935047,4.98729842873182,2.30258509299405,3.71113006304876
15039,39404.57,93,180.032258064516,376.2,423.705053763441,9.05486111111111,617,0.0146536259944097,5.14174971078427,280.54,14,-288.44,0.972611288309527,10.5816624558525,6.05139493685625,4.54329478227,5.64027453339982
15040,7.49,1,1,1,7.49,541.090277777778,1,1,0,0,0,0,0,2.13888900032326,2.13888900032326,0.693147180559945,0
15041,294.22,2,98.5,103.45,147.11,169.898611111111,97,0.0281992015646749,4.0953716511827,0,0,0,0,5.68772084110885,4.99795524093888,1.09861228866811,0
15042,315.45,2,119,199.1,157.725,198.892361111111,9,0.189812911086847,1.85888548947636,0,0,0,0,5.75716525122131,5.06717314505651,1.09861228866811,0
15043,2873.8,6,171.833333333333,282.5,478.966666666667,30.9333333333333,39,0.156896273537303,2.16435952812982,0,0,0,0,7.96373838559429,6.17371665704612,1.94591014905531,0
15044,16012.51,35,150.828571428571,300.5,457.500285714286,18.9791666666667,366,0.0105148986612704,5.16188476469241,169.4,12,-362.8,0.466923925027563,9.68118801993789,6.12796091484635,3.58351893845611,5.13814861439522
15045,735.66,2,57,74.1,367.83,151.095138888889,11,0.164637637369742,2.00417878963607,102,1,-102,1,6.60212645602898,5.91033583327651,1.09861228866811,4.63472898822964
15046,7644.78,25,182.6,495.4,305.7912,8.875,257,0.0267850314814823,4.54689049606805,203.1,3,-229.01,0.886860835771364,8.94190914062765,5.72616738590051,3.25809653802148,5.3186100698158
15047,343.62,1,222,222,343.62,269.084027777778,22,0.0482953264967056,3.06037765376032,0,0,0,0,5.84244236071495,5.84244236071495,0.693147180559945,0
15048,482.81,4,56.75,86.1,120.7025,64.9548611111111,86,0.0313163525619678,3.92218156736358,3.48,1,-3.48,1,6.18169226766053,4.80157954209966,1.6094379124341,1.49962304642689
15049,121.17,1,63,63,121.17,273.025694444444,3,0.548561112111985,0.6926066793353,0,0,0,0,4.80541351741597,4.80541351741597,0.693147180559945,0
15050,4195.21,5,525.6,861.4,839.042,24.85625,117,0.0203615082976975,4.26966143853052,54.92,2,-54.92,1,8.34193701592829,6.7334518905874,1.79175946922805,4.02392209792555
15051,3820.44,9,328.555555555556,532,424.493333333333,22.8833333333333,230,0.0159120089848162,4.80753513547828,15,1,-15,1,8.24838259391857,6.05324928004893,2.30258509299405,2.77258872223978
15052,171.88,1,82,82,171.88,318.873611111111,27,0.0777504332841986,2.92679544489602,0,0,0,0,5.15259771219863,5.15259771219863,0.693147180559945,0
15053,726.87,3,328.666666666667,450.5,242.29,4.02916666666667,49,0.050189160872897,3.27510367309306,0,0,0,0,6.59012246082234,5.49425414742403,1.38629436111989,0
15054,302.14,2,99,109.8,151.07,11.9083333333333,104,0.0198080286485255,4.24867755574871,0,0,0,0,5.71419474500351,5.02434094115237,1.09861228866811,0
15055,558.12,3,76.6666666666667,97.1,186.04,474.113888888889,77,0.0283275888072791,3.93547950703133,0,0,0,0,6.32636411916887,5.23132249772376,1.38629436111989,0
15056,133.45,1,81,81,133.45,519.911111111111,6,0.210273906547582,1.65870414030615,0,0,0,0,4.90119238271487,4.90119238271487,0.693147180559945,0
15057,3255.96,5,278.8,564.8,651.192,274.897916666667,62,0.0273969255311049,3.88099225460041,71.4,1,-71.4,1,8.08854952396041,6.48033899710397,1.79175946922805,4.28220629939167
15058,3408.08,16,103.75,155.25,213.005,24.9118055555556,232,0.0220176095855076,4.4813343442188,32.85,1,-32.85,1,8.13419773915501,5.36599937923489,2.83321334405622,3.52193899935828
15059,3537.17,19,85.1052631578947,166.3,186.166842105263,40.0520833333333,310,0.0112607835773229,5.01907333322268,95.95,8,-95.95,1,8.171364923311,5.23200042284884,2.99573227355399,4.57419538168866
15060,305.27,4,65.75,120.2,76.3175,7.96041666666667,81,0.0261490958092033,3.97284596626345,0,0,0,0,5.72446706584903,4.34792032065651,1.6094379124341,0
15061,116709.94,127,498.732283464567,1513.5,918.975905511811,3.03055555555556,147,0.0516174315342089,3.96183731979605,1351.2,11,-1427.04,0.946855028590649,11.6674555585253,6.82434748003906,4.85203026391962,7.20948817465658
15062,2576.94,8,224,348.2,322.1175,70.8743055555556,101,0.0158648904696339,4.38852412626898,0,0,0,0,7.85474590937259,5.7780160341616,2.19722457733622,0
15063,370.8,1,56,56,370.8,213.017361111111,5,0.499501791514077,1.04296490574086,0,0,0,0,5.91835607528734,5.91835607528734,0.693147180559945,0
15064,1190.91,4,202.5,286.9,297.7275,409.970833333333,76,0.0156316182449418,4.24797504540486,0,0,0,0,7.08331234141907,5.69953178660196,1.6094379124341,0
15065,3090.91,5,289.2,530.4,618.182,37.1284722222222,156,0.00814656487701996,4.94093790511407,22.15,2,-22.15,1,8.03654430190982,6.42839925208554,1.79175946922805,3.14199478053224
15066,893.59,1,317,317,893.59,53.0173611111111,42,0.0312611638852847,3.60458442894737,133,1,-133,1,6.79636551275608,6.79636551275608,0.693147180559945,4.89783979995091
15067,3803.08,5,432.6,657.6,760.616,78.0208333333333,172,0.00900582928775162,4.95522553826236,12.75,1,-12.75,1,8.24382945393836,6.63544249165984,1.79175946922805,2.62103882411258
15068,1181.95,4,208.75,261.2,295.4875,45.9604166666667,181,0.010178794157156,4.89316894135867,0,0,0,0,7.0757665976583,5.69200505903306,1.6094379124341,0
15069,1109.53,1,520,520,1109.53,178.981944444444,70,0.01538580183988,4.21044665448668,0,0,0,0,7.01259265782776,7.01259265782776,0.693147180559945,0
15070,844.93,3,127.666666666667,167.9,281.643333333333,372.060416666667,26,0.123896558601995,2.73326684844755,0,0,0,0,6.7404366138661,5.64418579654678,1.38629436111989,0
15071,1455.56,4,104,155.85,363.89,93.0881944444444,41,0.0540754651758404,3.28437270161931,0,0,0,0,7.28383277019571,5.89959593829845,1.6094379124341,0
15072,187.52,1,164,164,187.52,478.919444444444,13,0.0886006289022004,2.49510338013911,0,0,0,0,5.23920410205553,5.23920410205553,0.693147180559945,0
15073,2781.07,8,176.25,272.5,347.63375,9.0875,116,0.0133365513715081,4.55575406148673,430.98,1,-430.98,1,7.93095053392097,5.85402194423434,2.19722457733622,6.06837929087611
15074,1566.33,3,354.333333333333,445.9,522.11,104.961805555556,63,0.0259539519983996,3.93400591865261,0,0,0,0,7.35712881367507,6.25979176699751,1.38629436111989,0
15075,773.03,1,447,447,773.03,77.0576388888889,27,0.0576698525432844,3.06540955013887,0,0,0,0,6.65161063252851,6.65161063252851,0.693147180559945,0
15076,1429.79,3,288.666666666667,543.3,476.596666666667,172.227083333333,70,0.0193324817526423,4.10324016545564,21.9,2,-21.9,1,7.26598201826343,6.16876658271289,1.38629436111989,3.13113691056019
15077,2428.08,2,264,296.4,1214.04,494.109027777778,28,0.0897125236980955,2.76143535073299,4.2,2,-4.2,1,7.79526786382416,7.10253227704344,1.09861228866811,1.64865862558738
15078,17761.88,53,169.622641509434,310.8,335.129811320755,6.88125,151,0.0215917301829851,4.29438319758732,185.36,11,-185.36,1,9.78486616556146,5.81749742856841,3.98898404656427,5.2276802869486
15079,3675.2,11,136,314.5,334.109090909091,212.045138888889,121,0.0562721061893113,4.02439103802284,80.6,6,-80.6,1,8.20963488895966,5.81445612331915,2.484906649788,4.40182926197006
15080,546.25,2,143.5,170.05,273.125,427.081944444444,31,0.0361829532541931,3.38006541357276,0,0,0,0,6.30490573640297,5.61358420673805,1.09861228866811,0
15081,1960.87,12,67.1666666666667,123,163.405833333333,21.8208333333333,75,0.0345200162194099,3.95560538909919,17.45,1,-17.45,1,7.58165337901062,5.10233796455544,2.56494935746154,2.91506437048654
15082,93.35,1,43,43,93.35,668.102083333333,6,0.179740935005963,1.7530016451419,0,0,0,0,4.54701127181456,4.54701127181456,0.693147180559945,0
15083,88.2,1,38,38,88.2,256.063888888889,5,0.247709287796751,1.50879386062616,0,0,0,0,4.49088103958596,4.49088103958596,0.693147180559945,0
15084,965.2,2,300,494.4,482.6,379.036111111111,31,0.0468197294012316,3.23473075529316,0,0,0,0,6.87337085212031,6.18125811874064,1.09861228866811,0
15085,347.54,1,169,169,347.54,729.04375,9,0.127859161829938,2.11301849136585,0,0,0,0,5.8537530012325,5.8537530012325,0.693147180559945,0
15086,218.53,2,47.5,48.85,109.265,564.057638888889,10,0.124456412599323,2.19195098009278,0,0,0,0,5.39148889743583,4.70288655949416,1.09861228866811,0
15087,271.66,1,302,302,271.66,281.094444444444,15,0.070187952123398,2.68245476731101,0,0,0,0,5.60822559775798,5.60822559775798,0.693147180559945,0
15088,1093.07,2,230,329,546.535,20.9833333333333,53,0.0239634890997078,3.82423045346451,19.8,1,-19.8,1,6.99765996630972,6.30542638658806,1.09861228866811,3.03495298670727
15089,2420.84,6,226.5,608.25,403.473333333333,9.84652777777778,139,0.0105192095961873,4.76305078363054,0,0,0,0,7.79228286082438,6.0025858093151,1.94591014905531,0
15090,381.32,1,208,208,381.32,307.949305555556,23,0.0472168159257838,3.09361249744338,0,0,0,0,5.9462579542699,5.9462579542699,0.693147180559945,0
15091,1046.61,3,194,326,348.87,67.04375,56,0.0287250076360095,3.82727930525563,23.5,3,-23.5,1,6.9542666582161,5.85756165691535,1.38629436111989,3.19867311755068
15092,776.46,3,76.6666666666667,113.9,258.82,214.986111111111,39,0.0298670899658163,3.5939808115977,3.3,1,-3.3,1,6.65603219578461,5.55998908356759,1.38629436111989,1.45861502269952
15093,13707.87,23,428.565217391304,1347.5,595.994347826087,17.9868055555556,112,0.0394619152872427,3.8702453395821,668.23,11,-668.23,1,9.52579834756943,6.39190764571979,3.17805383034795,6.50612779775519
15094,83,2,14,15.8,41.5,462.871527777778,4,0.291818841631587,1.3116295014003,0,0,0,0,4.43081679884331,3.74950407593037,1.09861228866811,0
15095,3141.64,10,223.3,551.55,314.164,103.075694444444,90,0.0170714871013605,4.26923945234777,5.9,1,-5.9,1,8.05281848998916,5.75309313826293,2.39789527279837,1.93152141160321
15096,219.39,1,120,120,219.39,42.1409722222222,11,0.116178536968777,2.27277285822465,0,0,0,0,5.3953987041986,5.3953987041986,0.693147180559945,0
15097,893.05,3,139.333333333333,234.8,297.683333333333,3.94930555555556,61,0.155807906040977,3.03727279602119,321.3,2,-321.3,1,6.79576170202121,5.69938392632129,1.38629436111989,5.77548278882139
15098,1395,3,40.3333333333333,60,465,181.928472222222,2,0.664849115504683,0.517777910558917,315,2,-39267,0.00802200320880128,7.24136628332232,6.14418563412565,1.38629436111989,5.75574221358691
15099,410.48,1,343,343,410.48,84.0256944444444,23,0.0747422868250018,2.89944052668437,0,0,0,0,6.01976041626283,6.01976041626283,0.693147180559945,0
15100,2894.7,7,47.7142857142857,64,413.528571428571,333.09375,11,0.825518179552173,0.501037660382591,575.2,7,-575.2,1,7.97098215697945,6.02714190206366,2.07944154167984,6.35645482265043
15101,1367.2,6,112.666666666667,232.5,227.866666666667,8.10555555555556,52,0.0360448169022909,3.63939351804484,106.65,5,-174.45,0.611349957007739,7.2212512863269,5.43313959235548,1.94591014905531,4.67888522381037
15102,554.67,2,169.5,244.65,277.335,530.065277777778,26,0.0602012904042027,3.06590648371953,0,0,0,0,6.32017459286493,5.62882542418877,1.09861228866811,0
15103,629.36,2,164.5,179.35,314.68,30.9145833333333,35,0.0317692151232171,3.50181167047379,0,0,0,0,6.44629108475387,5.75472904227431,1.09861228866811,0
15104,1025.73,2,318.5,407.15,512.865,196.05625,66,0.0189538396463705,4.07250956729502,24.9,1,-24.9,1,6.93413427370855,6.24196058504329,1.09861228866811,3.25424296870549
15105,3094.91,9,194.111111111111,354.4,343.878888888889,17.8305555555556,129,0.0147215106896956,4.59483093308016,0,0,0,0,8.03783716451964,5.84319330870117,2.30258509299405,0
15106,1423.24,5,236.2,294,284.648,17.1486111111111,90,0.0131902847695552,4.41382764834589,15.51,2,-14.79,1.04868154158215,7.26139361709661,5.65476028357061,1.79175946922805,2.80396625793204
15107,940.56,9,39.6666666666667,72.4,104.506666666667,310.919444444444,32,0.0521791828801178,3.22460042367334,84.09,3,-84.09,1,6.84753807416013,4.65877414207288,2.30258509299405,4.44370951986147
15108,1300.25,4,124.75,303.8,325.0625,141.143055555556,50,0.0322526575484038,3.70771907033962,8.5,1,-8.5,1,7.17108061992918,5.78708908078261,1.6094379124341,2.2512917986065
15109,983.1,3,86,125.6,327.7,245.161111111111,46,0.0290597549610697,3.71074239875093,21.2,1,-21.2,1,6.89172751790494,5.79514548067017,1.38629436111989,3.10009228887823
15110,1308.3,6,56.1666666666667,68.25,218.05,23.0652777777778,24,0.0626433000520335,2.92971243182485,25.85,3,-25.85,1,7.17724792223371,5.38930001425991,1.94591014905531,3.29026582095487
15111,2733.03,5,232.8,407.2,546.606,28.8277777777778,110,0.0138852616336442,4.49857786608053,0,0,0,0,7.91353199015712,6.30555605025712,1.79175946922805,0
15112,209.4,1,72,72,209.4,610.98125,7,0.192101255326311,1.78099320685687,0,0,0,0,5.34901048086356,5.34901048086356,0.693147180559945,0
15113,3595.41,3,779.333333333333,1341.8,1198.47,9.18541666666667,77,0.0273640516025297,3.88607879668718,169.92,1,-169.92,1,8.18769140466509,7.08963507154597,1.38629436111989,5.14119561077582
15114,3401.08,12,294.333333333333,510.1,283.423333333333,29.90625,152,0.00980901952589632,4.8322771463697,0,0,0,0,8.13214228825839,5.65046373863304,2.56494935746154,0
15115,531.85,2,122.5,153.55,265.925,17.9104166666667,35,0.0353631043861658,3.44491041043017,3.75,1,-3.75,1,6.27823995866697,5.58696772006437,1.09861228866811,1.55814461804655
15116,1352.75,4,162,256.65,338.1875,17.0173611111111,37,0.0524496946318479,3.27134564560946,0,0,0,0,7.2106337983152,5.82655305182362,1.6094379124341,0
15117,2089.17,8,231.625,395.75,261.14625,14.1930555555556,98,0.0159859126422531,4.37422401442185,1.65,1,-1.65,1,7.64500068136388,5.56890255412889,2.19722457733622,0.974559639998131
15118,25.2,1,120,120,25.2,133.955555555556,1,1,0,0,0,0,0,3.26575941076705,3.26575941076705,0.693147180559945,0
15119,244.45,1,88,88,244.45,245.195833333333,14,0.0785079825511506,2.59645415165632,0,0,0,0,5.50309326050406,5.50309326050406,0.693147180559945,0
15120,336.87,1,296,296,336.87,133.168055555556,21,0.0548953491072156,2.98057216194097,15,1,-15,1,5.82266120611494,5.82266120611494,0.693147180559945,2.77258872223978
15121,450.72,2,99.5,122.45,225.36,49.9576388888889,28,0.0382594707616632,3.29413841984277,0,0,0,0,6.11306251885547,5.42212665227432,1.09861228866811,0
15122,4498.43,11,185.909090909091,290,408.948181818182,113.876388888889,160,0.0150497050734158,4.67483398631027,36.05,5,-36.05,1,8.41170600106885,6.01603076590168,2.484906649788,3.6122683517421
15123,4656.17,5,504.8,766.8,931.234,6.98472222222222,151,0.0133806435429059,4.68251656297588,0,0,0,0,8.44616324650336,6.83758385613342,1.79175946922805,0
15124,450.82,4,115.5,184.8,112.705,22.1118055555556,30,0.0411377081992787,3.29380740693169,0,0,0,0,6.11328387042908,4.73360737516339,1.6094379124341,0
15125,16738.48,24,346.375,744.45,697.436666666667,24.9534722222222,169,0.0097735251724165,4.85238388793858,900.54,12,-900.54,1,9.72552528023961,6.54884450410183,3.2188758248682,6.80410441215265
15126,451.17,2,136.5,150.45,225.585,536.054861111111,25,0.0490617192545063,3.1202704948003,0,0,0,0,6.11405821531672,5.42312015046288,1.09861228866811,0
15127,689.55,2,232,249.1,344.775,65.1388888888889,27,0.0474688238335724,3.16112489384063,0,0,0,0,6.53748838152394,5.84578827451077,1.09861228866811,0
15128,1798.56,5,316.6,380,359.712,59.9972222222222,87,0.0172029249045432,4.28258605213886,51.46,4,-51.46,1,7.4952974695584,5.88807985600041,1.79175946922805,3.96005097443873
15129,6842.9,23,172.95652173913,367,297.517391304348,49.9652777777778,86,0.100134429430959,3.39636550655958,0,0,0,0,8.83111302356694,5.6988281934616,3.17805383034795,0
15130,330.11,1,197,197,330.11,169.149305555556,22,0.0515045844257596,3.03264789630495,0,0,0,0,5.8024506464529,5.8024506464529,0.693147180559945,0
15131,80.28,1,88,88,80.28,394.029861111111,7,0.1602877720703,1.88256400621121,0,0,0,0,4.39789998383017,4.39789998383017,0.693147180559945,0
15132,977.93,5,135.8,258.4,195.586,17.8194444444444,49,0.0378484912763496,3.63358570095875,0,0,0,0,6.88646013844198,5.28109999459762,1.79175946922805,0
15133,1816.02,5,192,335.6,363.204,127.129166666667,45,0.0420910309275714,3.47235217211356,0,0,0,0,7.50495307549024,5.89771415020958,1.79175946922805,0
15134,1598.21,10,105.7,192.45,159.821,14.1631944444444,49,0.0398454896076325,3.57030622094343,0,0,0,0,7.3772650362932,5.08029194523274,2.39789527279837,0
15135,305.68,2,42,42.9,152.84,238.773611111111,17,0.0650786956694163,2.78535929388733,11.9,1,-11.9,1,5.72580485869069,5.03591310128052,1.09861228866811,2.55722731136763
15136,1286.7,4,194,353.6,321.675,2.01666666666667,61,0.02083891677279,4.00110415745559,4.25,1,-4.25,1,7.16061296027974,5.77664562472125,1.6094379124341,1.65822807660353
15137,823.4,2,298,326.8,411.7,520.172916666667,34,0.0377107461971721,3.4009713566477,75.85,3,-75.85,1,6.7146558490163,6.02272093675854,1.09861228866811,4.3418554699846
15138,480.57,1,300,300,480.57,393.148611111111,31,0.0358790954940431,3.37604071974874,15.93,1,-15.93,1,6.17705159969556,6.17705159969556,0.693147180559945,2.82908719614504
15139,179.92,2,104,105.8,89.96,239.090972222222,13,0.0894057257007264,2.47448112635039,0,0,0,0,5.19805494460964,4.51041984944228,1.09861228866811,0
15140,3230.49,8,248.25,404.75,403.81125,51.9881944444444,103,0.0161155254192507,4.39796945547337,4.25,1,-4.25,1,8.08069861016002,6.00342090908906,2.19722457733622,1.65822807660353
15141,1388.47,7,171,236.6,198.352857142857,457.095138888889,44,0.03119556476864,3.61453265994294,10.16,2,-10.16,1,7.2366776584493,5.2950764060189,2.07944154167984,2.41233595695316
15142,2620.42,6,359.166666666667,681.25,436.736666666667,46.0409722222222,121,0.0135409103746621,4.5708601746218,10.95,1,-10.95,1,7.87147143466729,6.08161751191663,1.94591014905531,2.48073127837752
15143,563.63,2,160,169,281.815,225.074305555556,29,0.0420043555638608,3.26591500162212,0,0,0,0,6.33617064937058,5.64479297363418,1.09861228866811,0
15144,12160.31,29,181.068965517241,310,419.321034482759,7.90138888888889,214,0.00989004675941556,4.94533662178874,153.8,4,-153.8,1,9.40601487998083,6.0410187871132,3.40119738166216,5.04213396115563
15145,1194.73,4,189,241.85,298.6825,3.81180555555556,54,0.0261965583441259,3.82469773023472,0,0,0,0,7.08651215651628,5.7027235808927,1.6094379124341,0
15146,1327.16,2,736.5,896.25,663.58,164.070138888889,90,0.0174699788015134,4.32487518637404,13.5,1,-13.5,1,7.19154980470673,6.49915526217849,1.09861228866811,2.67414864942653
15147,623.5,1,366,366,623.5,239.911805555556,28,0.0518526902416642,3.17437634031469,14.85,1,-14.85,1,6.43695132956563,6.43695132956563,0.693147180559945,2.76316950032329
15148,303.45,1,187,187,303.45,10.1868055555556,20,0.0545391174992285,2.94547475298254,0,0,0,0,5.71850687005458,5.71850687005458,0.693147180559945,0
15149,1358.61,5,76,127.6,271.722,133.119444444444,63,0.022616684994014,3.97870607552491,0,0,0,0,7.21495317289935,5.60845296133165,1.79175946922805,0
15150,9000.98,13,475.615384615385,1404.8,692.383076923077,16.9986111111111,496,0.00268096713536952,6.06870715478754,10.5,1,-10.5,1,9.1051998321219,6.54158262701579,2.63905732961526,2.4423470353692
15151,1531.61,2,397.5,621.15,765.805,422.884027777778,56,0.0242473132705287,3.87398418276554,0,0,0,0,7.33472744337473,6.64223253175534,1.09861228866811,0
15152,5265.51,14,213.857142857143,338.65,376.107857142857,9.0125,222,0.0067713583606542,5.20713170953179,65.86,4,-65.86,1,8.56912318306906,5.93253123974828,2.70805020110221,4.20260088099195
15153,329.25,1,198,198,329.25,30.8201388888889,22,0.0500122334589611,3.04326362598625,0,0,0,0,5.79984994340243,5.79984994340243,0.693147180559945,0
15154,1388.43,3,116.333333333333,130.9,462.81,74.90625,166,0.0110785192784019,4.69489526832621,56.15,1,-56.15,1,7.2366488700798,6.13947498560668,1.38629436111989,4.04567939024082
15155,383.97,1,192,192,383.97,382.99375,24,0.0464872336427451,3.12046794136654,0,0,0,0,5.95316540917378,5.95316540917378,0.693147180559945,0
15156,961.49,3,199,265,320.496666666667,0.769444444444444,51,0.028822844311412,3.74345842195522,0,0,0,0,6.86952367649758,5.77298717555757,1.38629436111989,0
15157,2610.71,5,677.2,1028.8,522.142,3.05694444444444,152,0.00977676401238246,4.82864964501123,67.35,2,-66.57,1.01171698963497,7.86776045819878,6.25985293772887,1.79175946922805,4.22464156316996
15158,459.02,2,109.5,189.15,229.51,44.9979166666667,11,0.185395245271945,1.97486759759372,21.36,1,-168.36,0.126870990734141,6.13126996679886,5.44029424544359,1.09861228866811,3.1072736482869
15159,21725.23,34,397.411764705882,1131.55,638.977352941176,1.03125,422,0.00603019306144601,5.56532292721968,67.33,4,-67.33,1,9.98627556533184,6.46143278969821,3.55534806148941,4.22434890879269
15160,589.27,4,76.75,94.2,147.3175,356.940972222222,17,0.109401298703681,2.5258862931713,0,0,0,0,6.38058005933905,4.99935524622781,1.6094379124341,0
15161,119.92,1,144,144,119.92,387.8625,33,0.041431501365598,3.30487358023281,0,0,0,0,4.79512916991126,4.79512916991126,0.693147180559945,0
15162,312.9,1,74,74,312.9,730.983333333333,12,0.106102041735572,2.36961072544195,71.4,1,-71.4,1,5.74907446384791,5.74907446384791,0.693147180559945,4.28220629939167
15163,304.47,2,93,133.5,152.235,17.9861111111111,29,0.0854727183073603,2.90696847142735,0,0,0,0,5.72185157411708,5.03197269074361,1.09861228866811,0
15164,2068.92,9,103.444444444444,179.8,229.88,68.0729166666667,245,0.0131512378527114,4.91619627706122,16.9,1,-16.9,1,7.63526523816959,5.44189809502556,2.30258509299405,2.88480071284671
15165,973.6,1,320,320,973.6,372.949305555556,27,0.03890062059066,3.27116578187807,0,0,0,0,6.88202713040941,6.88202713040941,0.693147180559945,0
15166,167.64,1,140,140,167.64,467.054861111111,12,0.0915294123976678,2.43152789569937,0,0,0,0,5.127766265353,5.127766265353,0.693147180559945,0
15167,1655.72,5,174.4,337.2,331.144,320.00625,265,0.00946982594231761,5.10996306062524,0,0,0,0,7.41259502306333,5.80556860982044,1.79175946922805,0
15168,106.56,1,52,52,106.56,25.0583333333333,5,0.284608721897573,1.42070432630797,0,0,0,0,4.67804883140066,4.67804883140066,0.693147180559945,0
15169,569.22,2,178,220.3,284.61,381.990277777778,58,0.0270978915321427,3.81578130874251,0,0,0,0,6.34602225127558,5.65462724385806,1.09861228866811,0
15170,81.15,1,33,33,81.15,406.136111111111,4,0.272313542730823,1.3450459355743,0,0,0,0,4.40854684448328,4.40854684448328,0.693147180559945,0
15171,1289.5,1,290,290,1289.5,330.884722222222,5,0.380739624379871,1.25559518698496,255,1,-255,1,7.16278501915867,7.16278501915867,0.693147180559945,5.54517744447956
15172,1626.93,5,322.2,386.8,325.386,8.04097222222222,106,0.0112595586188245,4.57573492700853,0,0,0,0,7.39506454809507,5.78808073001319,1.79175946922805,0
15173,1494.6,7,120,175.6,213.514285714286,380.103472222222,74,0.0196697278318276,4.14375779619414,95.34,1,-95.34,1,7.31028274310296,5.36837633621699,2.07944154167984,4.56788360120207
15174,481.46,2,191,232.4,240.73,322.155555555556,34,0.0359625573861987,3.40932018364624,0,0,0,0,6.17889801578811,5.48782140081801,1.09861228866811,0
15175,239.5,1,454,454,239.5,71.0965277777778,23,0.0512705227051835,3.04556041664188,0,0,0,0,5.48272008954582,5.48272008954582,0.693147180559945,0
15176,944.14,1,448,448,944.14,667.093055555556,52,0.0208054724416217,3.91414201229664,2.95,1,-2.95,1,6.85133306466904,6.85133306466904,0.693147180559945,1.37371557891303
15177,948.93,1,485,485,948.93,425.043055555556,25,0.0767140706656218,2.94904031201757,0,0,0,0,6.85638829766925,6.85638829766925,0.693147180559945,0
15178,40.5,1,30,30,40.5,259.901388888889,3,0.37113244932175,1.04240685010803,0,0,0,0,3.72569342723665,3.72569342723665,0.693147180559945,0
15179,7437.94,13,401.846153846154,805.399999999999,572.149230769231,17.9979166666667,237,0.00717843230769898,5.19187528163515,65.1,4,-65.1,1,8.9144836445586,6.35114612044938,2.63905732961526,4.19116874685764
15180,904.43,3,230,357,301.476666666667,366.911805555556,48,0.026909625979898,3.75158231010283,0,0,0,0,6.8084099689791,5.71200413950961,1.38629436111989,0
15181,1200.2,5,137.6,274.4,240.04,65.9944444444444,15,0.112514913014692,2.37400101119561,251.75,3,-251.75,1,7.09107633610918,5.48496289482205,1.79175946922805,5.53240085790058
15182,2999.37,11,107.818181818182,221.5,272.67,154.009027777778,80,0.0243992877470674,4.02713701231571,56.2,3,-56.2,1,8.00649089337865,5.61192300097811,2.484906649788,4.04655389838575
15183,639.93,3,99,145.2,213.31,547.129861111111,33,0.0506632760773596,3.27689350032693,2.9,1,-2.9,1,6.46292024658926,5.36742356494658,1.38629436111989,1.3609765531356
15184,690.91,4,121.5,159.35,172.7275,28.9645833333333,71,0.0356444333196429,3.67094880954954,0,0,0,0,6.53945588935595,5.15748797965664,1.6094379124341,0
15185,273.2,1,666,666,273.2,69.9888888888889,21,0.0629271001031107,2.89669390315975,0,0,0,0,5.61385776712821,5.61385776712821,0.693147180559945,0
15186,1403.2,5,143.2,268.4,280.64,13.9111111111111,31,0.0509678971074748,3.19344946840427,0,0,0,0,7.24722302458315,5.64062965965093,1.79175946922805,0
15187,4755.58,16,114.1875,233,297.22375,1.0375,64,0.0780655653097955,3.23631323566293,107.1,2,-107.1,1,8.46728420159474,5.69784404369305,2.83321334405622,4.68305672464516
15188,310.43,1,233,233,310.43,724.972222222222,22,0.0671560736068512,2.86638091532341,0,0,0,0,5.74117459387326,5.74117459387326,0.693147180559945,0
15189,17226.5,46,144.304347826087,287,374.489130434783,0.977777777777778,92,0.06106058898554,3.561311414897,423.25,12,-423.25,1,9.75426222323136,5.92822952387386,3.85014760171006,6.05032290411434
15190,834.44,1,790,790,834.44,434.028472222222,40,0.0311206018536811,3.57735661524385,0,0,0,0,6.72795853217129,6.72795853217129,0.693147180559945,0
15191,588.05,3,95.6666666666667,124.2,196.016666666667,462.925694444444,33,0.0378917909434814,3.39889277172548,0,0,0,0,6.37851106969213,5.28328832752828,1.38629436111989,0
15192,1983.07,5,328.8,431.2,396.614,119.089583333333,59,0.0366879517784823,3.63983094753113,0,0,0,0,7.59290556948048,5.98548168543012,1.79175946922805,0
15193,499.32,1,144,144,499.32,60.2270833333333,19,0.072638828861726,2.79858326460963,0,0,0,0,6.21524789370953,6.21524789370953,0.693147180559945,0
15194,12353.84,28,326.035714285714,851.6,441.208571428571,2.90277777777778,279,0.0109841509369702,5.05059939703903,240.01,11,-240.01,1,9.42180316811627,6.09178165183696,3.36729582998647,5.48483842640575
15195,330,1,120,120,330,2.02083333333333,1,1,0,0,0,0,0,5.80211837537706,5.80211837537706,0.693147180559945,0
15196,316.25,2,65.5,66.85,158.125,432.125,34,0.0532032932868815,3.20320318957093,0,0,0,0,5.7596901065945,5.06969005687757,1.09861228866811,0
15197,1674.11,6,176.333333333333,379.5,279.018333333333,10.1180555555556,48,0.0911000376393431,3.09020953434085,246.27,4,-449.67,0.547668290079392,7.42363411374467,5.63485507721625,1.94591014905531,5.51048085701908
15198,571.35,5,65.4,90,114.27,91.9638888888889,28,0.0738724229259041,3.02188768277814,11.9,1,-11.9,1,6.34975069236449,4.74727720261292,1.79175946922805,2.55722731136763
15199,3122.4,10,89.4,113.95,312.24,58.9430555555556,17,0.172535420851137,2.12582640525315,0,0,0,0,8.04667743105375,5.74696966988274,2.39789527279837,0
15200,549.05,1,195,195,549.05,494.175,30,0.0370040938243032,3.35642703099856,0,0,0,0,6.31000918318544,6.31000918318544,0.693147180559945,0
15201,1842.95,7,237.142857142857,338.1,263.278571428571,86.95625,48,0.0328275927666585,3.6129465289655,317.05,7,-317.05,1,7.51966528878146,5.57700374162479,2.07944154167984,5.76220860312481
15202,54,3,1,1,18,420.03125,1,1,0,90,5,-8571.67,0.0104997042583301,4.00733318523247,2.94443897916644,1.38629436111989,4.51085950651685
15203,4406.44,15,278.8,432.9,293.762666666667,25.1902777777778,166,0.00930430226750957,4.87833702154337,0,0,0,0,8.39104930101998,5.6861705127661,2.77258872223978,0
15204,316.58,1,258,258,316.58,356.959027777778,9,0.14168796263206,2.06243498631683,0,0,0,0,5.76072975509795,5.76072975509795,0.693147180559945,0
15205,653.24,2,189,195.3,326.62,84.7597222222222,37,0.0422811122016642,3.42859934505568,4.41,1,-4.41,1,6.48347425661633,5.79185440017649,1.09861228866811,1.68824909285839
15206,420.3,4,40.5,72,105.075,9.96458333333333,3,0.333333333333333,1.09861228866811,0,0,0,0,6.04334516898497,4.66414639108839,1.6094379124341,0
15207,683.92,3,142.666666666667,226,227.973333333333,416.014583333333,20,0.0761575830992567,2.78639881836169,30.15,2,-30.15,1,6.52930204312077,5.43360554844755,1.38629436111989,3.43881424523346
15208,970.52,6,59.3333333333333,116.5,161.753333333333,0.809722222222222,27,0.0527498534215198,3.09089888996032,2.5,1,-2.5,1,6.87886185532716,5.09223576218974,1.94591014905531,1.25276296849537
15209,178.98,1,94,94,178.98,729.808333333333,13,0.0982463594967527,2.43964238815669,0,0,0,0,5.1928457336058,5.1928457336058,0.693147180559945,0
15210,1110.69,3,272.333333333333,328.5,370.23,224.902083333333,66,0.0213100367178371,4.03596717169298,0,0,0,0,7.01363665896659,5.91682181661189,1.38629436111989,0
15211,1277.48,2,178.5,228.45,638.74,60.0131944444444,52,0.0232887142705389,3.8568996072357,0,0,0,0,7.15342715127685,6.46106184381183,1.09861228866811,0
15212,208.28,2,42,47.4,104.14,241.003472222222,7,0.219757300311745,1.72945652879657,12.85,1,-12.85,1,5.34367306826883,4.6552927953913,1.09861228866811,2.62828523263335
15213,328.35,2,136,249.4,164.175,318.020138888889,22,0.0501759180052428,3.04348624676914,3.3,1,-3.3,1,5.7971210150867,5.10700551791595,1.09861228866811,1.45861502269952
15214,1661.94,8,156.75,325.7,207.7425,1.02986111111111,109,0.0109644237457661,4.59252841458411,0,0,0,0,7.41634239916743,5.34110143494182,2.19722457733622,0
15215,2415.43,7,110.857142857143,253.3,345.061428571429,46.0895833333333,88,0.0281898910455232,4.14170273136195,925.97,4,-925.97,1,7.79004652335057,5.84661629852328,2.07944154167984,6.83192120258263
15216,486.09,2,108.5,180.95,243.045,87.0895833333333,24,0.0543787524186291,3.05559342146263,0,0,0,0,6.18844891093639,5.49735263451828,1.09861228866811,0
15217,426.24,1,190,190,426.24,562.999305555556,28,0.0369708351193254,3.313789163162,0,0,0,0,6.05734591622149,6.05734591622149,0.693147180559945,0
15218,10832.97,22,266.954545454545,389.95,492.407727272727,10.0430555555556,149,0.0271288543074044,4.19701982150485,60.57,3,-60.57,1,9.29044184715364,6.20133586524689,3.13549421592915,4.12017473892312
15219,685.45,2,135.5,216.95,342.725,175.870138888889,26,0.0592197175175186,3.04642688584634,0,0,0,0,6.53153338934361,5.8398419190633,1.09861228866811,0
15220,1784.24,6,232.166666666667,363,297.373333333333,51.0493055555556,110,0.0121506803844003,4.55361085945195,20.04,1,-20.04,1,7.48730813895715,5.69834549883136,1.94591014905531,3.04642538786951
15221,2370.65,4,71.75,87.7,592.6625,365.9875,21,0.0787065862404993,2.74769074693799,570.35,3,-649.35,0.878339878339878,7.77134119442426,6.38631097606801,1.6094379124341,6.34800198159272
15222,3518.03,11,376.909090909091,733,319.820909090909,318.199305555556,99,0.0322235825207227,4.00377164185991,124.35,6,-135.25,0.919408502772643,8.16594066243444,5.77088305183255,2.484906649788,4.8311098246043
15223,1417.95,5,77,111.6,283.59,225.096527777778,26,0.106629185433665,2.70403282588714,300.85,1,-300.85,1,7.25767244045749,5.651049548004,1.79175946922805,5.70993020524244
15224,871.36,5,88.6,144.6,174.272,357.908333333333,25,0.0648771466816252,2.95031844142081,34.1,3,-34.1,1,6.77120218274903,5.16633905298592,1.79175946922805,3.55820113047182
15225,409.4,1,226,226,409.4,233.957638888889,23,0.0472804578482839,3.09661624676142,0,0,0,0,6.01713229385656,6.01713229385656,0.693147180559945,0
15226,154.41,1,71,71,154.41,310.047916666667,8,0.146553914486659,1.99104658760366,0,0,0,0,5.04606678592752,5.04606678592752,0.693147180559945,0
15227,2488.49,9,135.222222222222,208,276.498888888889,36.0354166666667,88,0.0213724472020053,4.18289571461749,0,0,0,0,7.81983314920331,5.62581692917447,2.30258509299405,0
15228,5580.27,6,562.5,750.75,930.045,65.9958333333333,185,0.00831334561224028,5.0059244308564,9.75,1,-9.75,1,8.62717162804504,6.83630761123249,1.94591014905531,2.37490575457367
15229,160.5,1,114,114,160.5,586,9,0.127623373220369,2.12866441546551,0,0,0,0,5.08450514266271,5.08450514266271,0.693147180559945,0
15230,429.6,2,175.5,322.65,214.8,238.965972222222,23,0.0668430682562966,2.93861668628817,0,0,0,0,6.06517958493026,5.37435205282403,1.09861228866811,0
15231,250.26,1,190,190,250.26,620.943055555556,14,0.0762460553371652,2.60567942591597,21.9,1,-21.9,1,5.52648825957627,5.52648825957627,0.693147180559945,3.13113691056019
15232,612.06,2,343,369.1,306.03,112.890972222222,26,0.0475110273268653,3.12586506734318,0,0,0,0,6.41846281042857,5.72694546268263,1.09861228866811,0
15233,59.4,1,12,12,59.4,400.968055555556,1,1,0,0,0,0,0,4.10098910494077,4.10098910494077,0.693147180559945,0
15234,201.08,1,196,196,201.08,276.164583333333,14,0.0781212524577348,2.58558030261748,0,0,0,0,5.30866365860218,5.30866365860218,0.693147180559945,0
15235,2938.29,16,108.4375,224.25,183.643125,217.170833333333,159,0.0087815084609728,4.91309981961092,0,0,0,0,7.98592333456909,5.2184249080032,2.83321334405622,0
15236,321.05,1,269,269,321.05,298.081944444444,15,0.123902377926385,2.42465503760378,0,0,0,0,5.7747068129929,5.7747068129929,0.693147180559945,0
15237,1413.04,4,267.75,597.25,353.26,1.12777777777778,94,0.0120945523107168,4.47570815182294,0,0,0,0,7.25420613459954,5.87003110682445,1.6094379124341,0
15238,966.43,3,230.666666666667,341.7,322.143333333333,28.9319444444444,49,0.047017391559688,3.5510010032055,15.45,2,-15.45,1,6.87464307086526,5.77809598124183,1.38629436111989,2.80032547721138
15239,780.59,2,297,365.4,390.295,9.94166666666667,48,0.0253839885614097,3.7798548977181,16.25,1,-16.25,1,6.66133030637856,5.96946175121497,1.09861228866811,2.84781214347737
15240,4470.98,12,267.833333333333,421.85,372.581666666667,44.1666666666667,138,0.0195781030744628,4.45182691607901,144.98,8,-144.98,1,8.40558654255302,5.92313663305925,2.56494935746154,4.98346962602349
15241,3055.8,11,297.090909090909,519.5,277.8,66.1979166666667,126,0.0169934868877198,4.48395125923119,17.85,1,-17.85,1,8.02512389613269,5.63049467888637,2.484906649788,2.93651291389402
15242,302.04,1,196,196,302.04,421.928472222222,4,0.266367801058484,1.35242675088967,0,0,0,0,5.71386480999771,5.71386480999771,0.693147180559945,0
15243,927.28,2,271.5,349.35,463.64,73.9847222222222,56,0.0203344120887094,3.95988380468624,0,0,0,0,6.83333341141456,6.14126291219638,1.09861228866811,0
15244,864.23,3,157.333333333333,232.5,288.076666666667,65.0215277777778,45,0.0363592843667148,3.60786702622977,36,1,-61.9,0.581583198707593,6.76299536754157,5.66669193551485,1.38629436111989,3.61091791264422
15245,4610.84,8,377.625,729.4,576.355,133.7875,78,0.0813039402353464,3.39856420039809,0,0,0,0,8.43638218867962,6.35845732861844,2.19722457733622,0
15246,780.4,3,119.666666666667,156.1,260.133333333333,237.961805555556,45,0.0255752169175029,3.73722185706816,0,0,0,0,6.66108718262097,5.56503113256362,1.38629436111989,0
15247,976.06,3,171.333333333333,224.8,325.353333333333,122.040277777778,13,0.165808858788744,2.13133719464541,8.95,1,-8.95,1,6.88454806264432,5.78798063901201,1.38629436111989,2.2975725511705
15248,1895.37,3,355,730.8,631.79,411.028472222222,103,0.015166372559223,4.48121740654867,28.9,1,-28.9,1,7.54769681145546,6.45013861354729,1.38629436111989,3.39785848039664
15249,9238.54,18,276.666666666667,459.3,513.252222222222,31.0451388888889,314,0.00657894407608847,5.41007562414468,118.85,3,-118.85,1,9.1312473798467,6.24271384981147,2.94443897916644,4.78624096088039
15250,60,1,48,48,60,640.21875,3,0.333333333333333,1.09861228866811,0,0,0,0,4.11087386417331,4.11087386417331,0.693147180559945,0
15251,19550.68,21,530.380952380952,1710,930.984761904762,8.90833333333333,184,0.00723437780448259,5.06546258708826,228.94,10,-228.94,1,9.88081649522528,6.83731646466434,3.09104245335832,5.43781840532559
15252,2103.41,5,286,453.4,420.682,35.9722222222222,107,0.013715696554751,4.49681896199608,50.35,2,-50.35,1,7.65179042179366,6.04425147546873,1.79175946922805,3.93866493637457
15253,2054.14,8,198.5,340.3,256.7675,15.8527777777778,104,0.0160691202224986,4.46583634924838,21.8,4,-21.8,1,7.62809925113051,5.55205801583962,2.19722457733622,3.1267605359604
15254,1089.07,3,237,272.3,363.023333333333,126.948611111111,64,0.0264502415983525,3.96745361529714,14.95,1,-14.95,1,6.99399719334465,5.89721796814636,1.38629436111989,2.76945882923085
15255,3722.47,9,247.333333333333,524.4,413.607777777778,66.0465277777778,138,0.0201866983195524,4.56271852212038,58.65,2,-58.65,1,8.22241130818256,6.02733295954057,2.30258509299405,4.08849414854393
15256,170.4,2,46,54.1,85.2,148.085416666667,7,0.220941749873262,1.67379375549223,0,0,0,0,5.14400000616368,4.45667017766965,1.09861228866811,0
15257,284.9,2,35.5,44.95,142.45,282.994444444444,12,0.0976138875401775,2.39830312082024,18,1,-85,0.211764705882353,5.65564209932827,4.96598654242737,1.09861228866811,2.94443897916644
15258,623.16,2,71,77.3,311.58,168.055555555556,32,0.035048884152444,3.41060245403159,0,0,0,0,6.43640674575835,5.74486043641405,1.09861228866811,0
15259,905.38,4,157.75,282.2,226.345,512.210416666667,51,0.0238672227072373,3.83839068851107,0,0,0,0,6.80945864415703,5.42646868750664,1.6094379124341,0
15260,9009.68,25,181.2,417.4,360.3872,99.9965277777778,199,0.0148538296725724,4.76824728294397,89.85,5,-89.85,1,9.10616581945265,5.88994995971131,3.25809653802148,4.50920979484218
15261,1508.96,4,201.5,420.45,377.24,134.9375,87,0.0207143909277403,4.26072015169072,0,0,0,0,7.31983843939188,5.93552891477768,1.6094379124341,0
15262,418.82,3,72.6666666666667,80.2,139.606666666667,323.023611111111,22,0.0611046898321514,2.95713442576397,0,0,0,0,6.03982604798586,4.94596639408936,1.38629436111989,0
15263,156.51,1,89,89,156.51,106.141666666667,12,0.0914455089431333,2.43084195513525,0,0,0,0,5.05948894831364,5.05948894831364,0.693147180559945,0
15264,848.4,2,221.5,260.65,424.2,64.0006944444444,53,0.0218059840182846,3.90181065037273,4.2,1,-4.2,1,6.74453021787917,6.05255964646779,1.09861228866811,1.64865862558738
15265,3345.64,4,392.5,746,836.41,150.961111111111,180,0.00689668489694706,5.11053322964185,0,0,0,0,8.11571213641838,6.73031379523813,1.6094379124341,0
15266,852.21,5,47.2,79.2,170.442,337.965277777778,39,0.0555161120013403,3.36761000720949,10.51,1,-10.51,1,6.74900570710985,5.14424501698622,1.79175946922805,2.44321622273379
15267,1692.4,5,184,414.4,338.48,21.86875,8,0.134169295842925,2.04165781986655,0,0,0,0,7.43449362120818,5.82741503510148,1.79175946922805,0
15268,917.5,3,134.666666666667,237,305.833333333333,478.136805555556,21,0.156544347348336,2.40742372856442,20.65,1,-20.65,1,6.82274190465518,5.72630471200502,1.38629436111989,3.0750054544485
15269,971.36,3,124,186.6,323.786666666667,23.1375,33,0.0472109364903981,3.30850757331849,0,0,0,0,6.87972610626063,5.78316855654179,1.38629436111989,0
15270,7518.06,21,177.238095238095,249,358.002857142857,15.1430555555556,66,0.0597248443059076,3.34024438048303,1076.87,10,-1330.87,0.80914739982117,8.92519640913073,5.88333034707181,3.09104245335832,6.98274215050492
15271,4701.64,24,105.166666666667,175.7,195.901666666667,6.94375,373,0.0081621254830557,5.30581791766421,70.25,2,-70.25,1,8.45587933213022,5.28270445014286,3.2188758248682,4.26619481914876
15272,1952.63,6,114.5,177.75,325.438333333333,57.0354166666667,262,0.0081642887360593,5.15749050306064,0,0,0,0,7.57744445950389,5.78824105900454,1.94591014905531,0
15273,127.2,1,120,120,127.2,599.096527777778,1,1,0,0,0,0,0,4.85359154448657,4.85359154448657,0.693147180559945,0
15274,717.53,2,309.5,370.25,358.765,3.82847222222222,44,0.0297162627457304,3.64423993773757,0,0,0,0,6.57720745830086,5.8854510405202,1.09861228866811,0
15275,615.62,1,498,498,615.62,37.0625,41,0.0271785629729321,3.65140708625722,5.95,1,-5.95,1,6.42425295086504,6.42425295086504,0.693147180559945,1.9387416595767
15276,649.59,4,82.75,199.15,162.3975,65.8826388888889,160,0.0116170836751884,4.73048535833285,18.5,1,-18.5,1,6.47787964349383,5.09618588243126,1.6094379124341,2.9704144655697
15277,476.34,2,186.5,203.15,238.17,46.1541666666667,23,0.0686153716394093,2.90180649200838,0,0,0,0,6.1682290252354,5.47717459615077,1.09861228866811,0
15278,496.16,4,114.5,170.9,124.04,561.157638888889,29,0.0503287466380954,3.17403784772632,0,0,0,0,6.20891190587731,4.82863368611322,1.6094379124341,0
15279,1578.59,5,160.4,230.6,315.718,354.084722222222,74,0.0222631335749964,4.09526754664747,38.8,2,-38.8,1,7.36492059867582,5.758011788052,1.79175946922805,3.68386691229039
15280,405.35,3,171,194.3,135.116666666667,171.858333333333,48,0.0446545688738885,3.40980952454826,0,0,0,0,6.00721485719921,4.91351236113618,1.38629436111989,0
15281,8474.1,16,327.0625,1078,529.63125,58.1944444444444,428,0.00347919359532409,5.87047790370561,225,6,-225.95,0.99579552998451,9.04488773158907,6.27406733555926,2.83321334405622,5.42053499927229
15282,348.59,1,395,395,348.59,569.890972222222,27,0.0644221673589581,2.97205083190368,0,0,0,0,5.85676103925328,5.85676103925328,0.693147180559945,0
15283,148.33,3,9,20.1,49.4433333333333,389.913888888889,9,0.128773978919505,2.13081737550747,12.9,1,-12.9,1,5.00615862206918,3.92085059403083,1.38629436111989,2.63188884013665
15284,24.75,1,5,5,24.75,500.017361111111,1,1,0,0,0,0,0,3.24843462710975,3.24843462710975,0.693147180559945,0
15285,94.92,1,120,120,94.92,407.169444444444,6,0.183401765436381,1.73951870299201,0,0,0,0,4.56351451071926,4.56351451071926,0.693147180559945,0
15286,240.55,1,55,55,240.55,49.1125,3,0.36473061262598,1.05377562866234,0,0,0,0,5.48707649100042,5.48707649100042,0.693147180559945,0
15287,772.83,5,154,251.4,154.566,21.8861111111111,25,0.0664102035389734,2.94799477904696,1.45,1,-1.45,1,6.65135221122282,5.04707007887029,1.79175946922805,0.896088024556636
15288,3883.13,10,140.4,298.1,388.313,42.8694444444444,128,0.0198866689835984,4.27829746069999,0,0,0,0,8.2646542994999,5.96438364732884,2.39789527279837,0
15289,1589.73,5,323.8,416.4,317.946,28.9590277777778,69,0.0279771658775709,3.91020492476139,22.38,2,-22.38,1,7.37194830934802,5.76502180945867,1.79175946922805,3.15188095604392
15290,10479.96,26,251.653846153846,666.25,403.075384615385,4.04930555555556,110,0.0150660287382582,4.422063406971,140.7,4,-140.7,1,9.25731555673316,6.00160145613699,3.29583686600433,4.95371214669663
15291,13582,40,114.825,242.55,339.55,25.075,125,0.0331652882275238,4.06046977220687,360.04,13,-395.32,0.910755843367399,9.51657428982249,5.83056195768733,3.71357206670431,5.88898875551875
15292,180.94,1,56,56,180.94,200.951388888889,23,0.057569084987553,2.96478979196877,0,0,0,0,5.20367696239392,5.20367696239392,0.693147180559945,0
15293,247.5,1,178,178,247.5,665.038888888889,19,0.058689031731456,2.88742904629521,0,0,0,0,5.51544284553668,5.51544284553668,0.693147180559945,0
15294,233.35,1,97,97,233.35,410.086805555556,15,0.0682015779980331,2.69616944157442,11.05,1,-11.05,1,5.45681572436871,5.45681572436871,0.693147180559945,2.48906465993666
15295,217.24,1,151,151,217.24,653.990972222222,50,0.032786948605937,3.67647692482282,0,0,0,0,5.3855953746551,5.3855953746551,0.693147180559945,0
15296,10342.83,12,455.333333333333,1255.15,861.9025,50.0854166666667,367,0.00590473666367822,5.58839348041905,118.9,8,-118.9,1,9.24414548566854,6.76030170671716,2.56494935746154,4.78665806203347
15297,641.94,3,97.3333333333333,117.6,213.98,9.84583333333333,30,0.0403694600155995,3.30487744710392,6.9,1,-6.9,1,6.46605140728653,5.37054500054492,1.38629436111989,2.06686275947298
15298,8814.87,23,262.869565217391,434.9,383.255217391304,1.81458333333333,211,0.0135039493228745,4.80408633326022,443.34,6,-1103.34,0.401816303224754,9.08430878536746,5.95130696044313,3.17805383034795,6.09659003514898
15299,4026.9,10,129.1,240,402.69,66.9798611111111,9,0.168254532743202,1.91687199669527,87.01,5,-747.92,0.116335971761686,8.30100042731379,6.00064725668263,2.39789527279837,4.47745044438572
15300,496.44,1,292,292,496.44,63.8625,28,0.0385719110332265,3.29540046551988,0,0,0,0,6.20947494631044,6.20947494631044,0.693147180559945,0
15301,7478.94,17,250.588235294118,561.2,439.937647058824,50.1618055555556,232,0.0104752635435879,5.10187888441304,42.23,2,-42.23,1,8.91998004954598,6.08890347556106,2.89037175789616,3.76653469867954
15302,308,1,102,102,308,729.985416666667,15,0.079298680215888,2.61940825784978,16.95,1,-16.95,1,5.73334127689775,5.73334127689775,0.693147180559945,2.88759011493429
15303,1224.18,3,171.333333333333,237.2,408.06,289.952083333333,63,0.0232435413548519,3.99722050442663,45.4,1,-45.4,1,7.11084305095989,6.01386184455002,1.38629436111989,3.83729945923221
15304,919.55,9,14.7777777777778,35.6,102.172222222222,60.14375,8,0.399540100184407,1.36903721707507,14.1,2,-14.1,1,6.82497131750322,4.63639965230284,2.30258509299405,2.71469474382088
15305,93.6,1,40,40,93.6,555,5,0.218708908612755,1.56762017578921,0,0,0,0,4.54965747605783,4.54965747605783,0.693147180559945,0
15306,3108.65,9,282.888888888889,700.6,345.405555555556,64.0375,124,0.0128379313088234,4.59106812461498,3.75,1,-3.75,1,8.04226545864723,5.8476102145376,2.30258509299405,1.55814461804655
15307,205.3,1,37,37,205.3,95.0916666666667,12,0.0853367258160453,2.4729545942984,0,0,0,0,5.32933142007721,5.32933142007721,0.693147180559945,0
15308,310.47,1,175,175,310.47,273.9875,19,0.0547447885068193,2.92493347890269,8.2,1,-8.2,1,5.74130302540338,5.74130302540338,0.693147180559945,2.21920348405499
15309,797.96,4,110,225.45,199.49,610.110416666667,49,0.0248805329951093,3.80071391762306,82.43,6,-82.43,1,6.68331088193488,5.30076437019109,1.6094379124341,4.42400795691398
15310,1608,1,1308,1308,1608,478.091666666667,45,0.0366315502710329,3.60265815364366,0,0,0,0,7.38336814699238,7.38336814699238,0.693147180559945,0
15311,113850.19,208,320.519230769231,982.9,547.356682692308,0.0347222222222222,941,0.00548184711396491,5.82219023665151,3258.09,62,-3258.09,1,11.6426475237868,6.30692595604234,5.34233425196481,8.08920329428933
15312,2930.19,12,141.083333333333,236.95,244.1825,75.0277777777778,120,0.0215568560517035,4.40207451895032,13.7,2,-13.7,1,7.98316376290194,5.50200283120512,2.56494935746154,2.68784749378469
15313,52,1,25,25,52,109.908333333333,1,1,0,0,0,0,0,3.97029191355212,3.97029191355212,0.693147180559945,0
15314,820.69,3,250,413.8,273.563333333333,198.965972222222,49,0.0418170455415969,3.62664329516246,19.8,1,-19.8,1,6.7113631949714,5.61518195686304,1.38629436111989,3.03495298670727
15315,572.42,2,431,583.1,286.21,64.0409722222222,35,0.0348686065977545,3.45223475173105,18.96,1,-18.96,1,6.35161843250614,5.66021365550941,1.09861228866811,2.99373027088332
15316,165,1,100,100,165,326.052777777778,1,1,0,0,0,0,0,5.11198778835654,5.11198778835654,0.693147180559945,0
15317,129.75,1,45,45,129.75,676.871527777778,5,0.283771592769555,1.43863311224494,17.7,1,-17.7,1,4.87328710294503,4.87328710294503,0.693147180559945,2.92852352386054
15318,315.02,1,642,642,315.02,3.05555555555556,33,0.049077176195002,3.29593049551582,0,0,0,0,5.75580550272335,5.75580550272335,0.693147180559945,0
15319,204.5,1,175,175,204.5,283.001388888889,16,0.0754560290768228,2.67882204750779,0,0,0,0,5.32544603393629,5.32544603393629,0.693147180559945,0
15320,232.33,1,206,206,232.33,44.0159722222222,36,0.0489594400056354,3.32246281823667,0,0,0,0,5.45245376055897,5.45245376055897,0.693147180559945,0
15321,6709.73,12,304.416666666667,585.05,559.144166666667,70.1736111111111,247,0.0059687622690533,5.31775032548213,149.08,6,-149.08,1,8.81146301689471,6.32819419107327,2.56494935746154,5.01116848525791
15322,1329.41,2,485.5,548.05,664.705,85.1777777777778,77,0.0166193329730217,4.23083395370422,76.71,1,-76.71,1,7.19324244438685,6.50084662946924,1.09861228866811,4.35298394922115
15323,434.6,3,62.6666666666667,117,144.866666666667,562.159027777778,29,0.0367590501678445,3.33314601977246,113.7,1,-113.7,1,6.07672439105881,4.98269296243966,1.38629436111989,4.74232002413533
15324,140.22,1,74,74,140.22,700.925694444444,8,0.148166030677265,1.99418728442618,0,0,0,0,4.9503189580882,4.9503189580882,0.693147180559945,0
15325,1602.01,8,172.875,233.95,200.25125,103.079861111111,164,0.0121345262509587,4.68639652046702,5.2,1,-5.2,1,7.37963839089328,5.30455412745951,2.19722457733622,1.82454929205105
15326,1688.57,5,270.2,366.8,337.714,333.05,93,0.0145127573208561,4.37835757767134,158.75,5,-170.7,0.929994141769186,7.43222933767249,5.8251560934838,1.79175946922805,5.07361009325764
15327,208.75,1,116,116,208.75,52.0798611111111,10,0.118083947075908,2.21680241411595,0,0,0,0,5.34591634534732,5.34591634534732,0.693147180559945,0
15328,107.24,1,88,88,107.24,407.197916666667,8,0.144866182946261,1.9987507453175,0,0,0,0,4.68435098386253,4.68435098386253,0.693147180559945,0
15329,2984.33,11,110.818181818182,227.5,271.302727272727,38.8847222222222,107,0.0265155328262675,4.28581305097765,241.35,9,-241.35,1,8.00146557248001,5.60691441532081,2.484906649788,5.49038296229138
15330,513.36,2,476,609.2,256.68,31.7916666666667,10,0.138147902628034,2.11910948184509,0,0,0,0,6.24292340940224,5.55171850502294,1.09861228866811,0
15331,767.91,3,233.666666666667,418.7,255.97,499.172222222222,41,0.0316668855010137,3.57562011588955,12.5,1,-12.5,1,6.64497392754597,5.54895934656406,1.38629436111989,2.60268968544438
15332,6555.42,6,493,949.25,1092.57,365.921527777778,115,0.0214827707854373,4.20782896973376,0,0,0,0,8.78820000126507,6.99720285269989,1.94591014905531,0
15333,1028.56,1,344,344,1028.56,208.015972222222,16,0.126384546373236,2.28943051866081,0,0,0,0,6.93688680548838,6.93688680548838,0.693147180559945,0
15334,351.67,3,91.3333333333333,111,117.223333333333,156.102777777778,67,0.0283757462491108,3.83074834910591,0,0,0,0,5.86553277550131,4.77257549101745,1.38629436111989,0
15335,173.97,1,80,80,173.97,53.0416666666667,34,0.0442934893699591,3.29026036415613,0,0,0,0,5.16461453065653,5.16461453065653,0.693147180559945,0
15336,240.5,1,84,84,240.5,401.007638888889,15,0.0690356628818167,2.68938265421498,0,0,0,0,5.48686947309263,5.48686947309263,0.693147180559945,0
15337,373.02,1,200,200,373.02,410.93125,21,0.0531176869154824,2.98494440475343,28.3,1,-28.3,1,5.92430927192057,5.92430927192057,0.693147180559945,3.37758751602302
15338,283.43,1,150,150,283.43,676.934027777778,55,0.031597966567603,3.71541953189622,0,0,0,0,5.65048717759798,5.65048717759798,0.693147180559945,0
15339,1829.12,7,163.285714285714,363.4,261.302857142857,66.0409722222222,162,0.0243685345950104,4.40995828946031,193.75,4,-193.75,1,7.51213681745609,5.56949977946641,2.07944154167984,5.27171668475086
15340,105.5,1,76,76,105.5,561.140972222222,7,0.152137642910087,1.91289515332569,0,0,0,0,4.66814498514948,4.66814498514948,0.693147180559945,0
15341,2402.72,2,504,781.2,1201.36,80.1736111111111,22,0.0574185632002361,2.97026530254946,1.7,1,-1.7,1,7.78477281632589,7.09204157108568,1.09861228866811,0.993251773010283
15342,406.09,1,283,283,406.09,129.146527777778,24,0.0475528558816887,3.10995221043095,14.33,1,-14.33,1,6.00903429121804,6.00903429121804,0.693147180559945,2.72981169288372
15343,364.5,1,84,84,364.5,86.9965277777778,21,0.0530859305172164,2.98659425614494,0,0,0,0,5.90126627918983,5.90126627918983,0.693147180559945,0
15344,563.94,3,38.6666666666667,83.4,187.98,0.0868055555555556,21,0.0875164006933123,2.74641943965647,87.36,2,-87.36,1,6.33671953081712,5.24164118935448,1.38629436111989,4.48141937855192
15345,391.59,1,81,81,391.59,45.0986111111111,20,0.0545409919572182,2.95145927457197,23.9,1,-25.85,0.924564796905222,5.97276581030044,5.97276581030044,0.693147180559945,3.21486780347066
15346,596.12,3,86.6666666666667,137.8,198.706666666667,332.063888888889,36,0.0301829168757491,3.54240144385247,4.47,1,-4.47,1,6.39211809821892,5.296849623273,1.38629436111989,1.69927861643389
15347,1363.6,4,168,252.8,340.9,365.892361111111,30,0.0642436196362518,3.09377506456784,29.7,2,-29.7,1,7.21861662438132,5.83451829664526,1.6094379124341,3.42426265459315
15348,158.04,1,84,84,158.04,72.0229166666667,9,0.142283404507034,2.05492408384924,0,0,0,0,5.06915574290826,5.06915574290826,0.693147180559945,0
15349,473.81,2,163.5,241.35,236.905,157.905555555556,66,0.0292782550978441,3.85225936981019,0,0,0,0,6.1629147240133,5.47187143432218,1.09861228866811,0
15350,663.25,2,161.5,215.05,331.625,372.970138888889,26,0.0625557110989146,3.01589384569082,0,0,0,0,6.49865858463992,5.80701572929785,1.09861228866811,0
15351,3738.29,10,149.1,264.05,373.829,11.9986111111111,206,0.0156742114852658,4.60250060768512,123.11,5,-123.11,1,8.22665103281457,5.92646992197079,2.39789527279837,4.82116826914143
15352,114.95,1,43,43,114.95,548.098611111111,34,0.0526444445747825,3.22084542607696,0,0,0,0,4.75315906370154,4.75315906370154,0.693147180559945,0
15353,3176.86,7,221.571428571429,361.4,453.837142857143,254.065972222222,280,0.0135880594725346,5.0605621488688,21.9,1,-21.9,1,8.06396329326287,6.11993942709301,2.07944154167984,3.13113691056019
15354,54,3,1,1,18,602.893055555556,1,1,0,72,4,-379.2,0.189873417721519,4.00733318523247,2.94443897916644,1.38629436111989,4.29045944114839
15355,277.05,2,22.5,23.85,138.525,28.9625,9,0.165154144030614,1.95704389788663,0,0,0,0,5.62780095363357,4.9382437966745,1.09861228866811,0
15356,3464.95,13,155,270.2,266.534615384615,30.9854166666667,291,0.00862781422271019,5.09478955274454,0,0,0,0,8.15074204432037,5.58924896127115,2.63905732961526,0
15358,16850.53,42,351.857142857143,734.5,401.203095238095,4.15694444444444,398,0.00499751986754781,5.6354537525109,213.06,13,-213.06,1,9.73219673284527,5.99695717307745,3.76120011569356,5.36625634955623
15359,181.35,8,18.125,37.95,22.66875,662.085416666667,10,0.160903401251329,1.95062514633753,18.75,1,-18.75,1,5.20592791725469,3.16415561266797,2.19722457733622,2.98315349134713
15360,427.93,1,223,223,427.93,39.1354166666667,13,0.0881448167171155,2.48644801123602,0,0,0,0,6.06129373545115,6.06129373545115,0.693147180559945,0
15361,550.8,4,75.25,228,137.7,361.123611111111,10,0.150974696341863,2.05718476496588,0,0,0,0,6.31318566178319,4.93231332732079,1.6094379124341,0
15362,613.08,2,184,219.1,306.54,448.134027777778,38,0.0309917697544905,3.55959705357135,0,0,0,0,6.42012521281934,5.72860516008755,1.09861228866811,0
15363,1004.11,2,263.5,285.55,502.055,372.015277777778,32,0.045103105883463,3.27959414245109,7.95,1,-7.95,1,6.91285226723998,6.22069950805851,1.09861228866811,2.19165353228676
15364,913.19,2,246.5,392.75,456.595,95.1694444444445,29,0.0995715070579759,2.85886929335285,0,0,0,0,6.81803842731233,6.12598451343247,1.09861228866811,0
15365,4557.13,13,163.923076923077,420.6,350.548461538462,25.18125,134,0.0144001903291794,4.57966043549341,783.15,2,-983.87,0.795989307530466,8.42466773068017,5.86234757241162,2.63905732961526,6.66460032858043
15366,2411.64,7,346.142857142857,531.2,344.52,74.9506944444445,88,0.0192371698626707,4.20966683580214,0,0,0,0,7.78847686261749,5.84505052865245,2.07944154167984,0
15367,5081.33,11,267.636363636364,425,461.939090909091,56.9840277777778,222,0.00642299680184671,5.2380672438114,75.6,2,-75.6,1,8.53352509683685,6.13759549232025,2.484906649788,4.33859707674655
15368,598.3,2,161,190.7,299.15,20.9222222222222,8,0.229084165679856,1.69220682919204,0,0,0,0,6.39576230746414,5.70428234969785,1.09861228866811,0
15369,5921.62,11,278.181818181818,969,538.329090909091,491.997222222222,44,0.062684697031748,3.2060590038923,2959.6,2,-4537.87,0.652200261356099,8.68653419754148,6.29032594286702,2.484906649788,7.99314722947939
15370,3739.01,8,174.625,453.25,467.37625,40.0777777777778,89,0.0416940839362001,3.88106810733232,25.5,1,-25.5,1,8.2268435642018,6.149271925912,2.19722457733622,3.27714473299218
15371,59.4,1,12,12,59.4,661.983333333333,1,1,0,0,0,0,0,4.10098910494077,4.10098910494077,0.693147180559945,0
15372,4819.94,8,585.25,1858.3,602.4925,136.882638888889,45,0.0350212573719972,3.57494695145329,62.64,2,-62.64,1,8.48072420877746,6.40273361295415,2.19722457733622,4.15324220346959
15373,3394.61,17,45.2352941176471,82.4,199.682941176471,7.90625,111,0.0620993791199075,3.57438060591071,202.8,1,-202.8,1,8.13023869984711,5.30172625556043,2.89037175789616,5.31713912078862
15374,307.32,2,145,162.1,153.66,128.160416666667,8,0.249867695241191,1.68815870469646,0,0,0,0,5.73113820466606,5.04122915918089,1.09861228866811,0
15375,60.96,1,84,84,60.96,689.883333333333,6,0.214192990885982,1.61337495823691,0,0,0,0,4.12648901554867,4.12648901554867,0.693147180559945,0
15376,1229.41,3,206.333333333333,353.7,409.803333333333,39.9069444444444,100,0.0144804428409658,4.39836017729518,0,0,0,0,7.11510272615658,6.0181145922701,1.38629436111989,0
15377,1211.75,4,63.25,79.15,302.9375,382.163194444444,15,0.123517469942314,2.34541729660719,31.8,1,-31.8,1,7.10064578712533,5.716822088164,1.6094379124341,3.4904285153901
15378,246.5,2,65,69.5,123.25,462.097222222222,8,0.152763434533777,1.96977322265207,0,0,0,0,5.51141058200874,4.82229566497674,1.09861228866811,0
15379,4889.8,8,375,742.45,611.225,169.025694444444,179,0.00973496234947818,4.91928882025691,71.4,1,-71.4,1,8.49511116827004,6.41709986200553,2.19722457733622,4.28220629939167
15380,3479.06,11,93.8181818181818,147,316.278181818182,8.02569444444444,27,0.238252834656597,2.06958700694524,56.86,2,-56.86,1,8.1548048139992,5.7597789342274,2.484906649788,4.05802629954799
15381,1507.32,5,146,323.4,301.464,213.079861111111,20,0.0974421417701821,2.63259963510206,2.95,1,-2.95,1,7.31875172764784,5.71196226212439,1.79175946922805,1.37371557891303
15382,13726.59,12,762.833333333333,1688.1,1143.8825,14.0777777777778,339,0.00658808324090538,5.43040667248386,87.05,8,-87.05,1,9.52716295531438,7.0430572906352,2.56494935746154,4.47790483494222
15384,2027.79,4,441.75,766.2,506.9475,169.120138888889,85,0.0184915961272068,4.21943521417311,13.3,1,-13.3,1,7.61519483520868,6.23037809578118,1.6094379124341,2.66025953726586
15385,942.08,3,142.666666666667,160,314.026666666667,39.9020833333333,18,0.293973519806601,1.73055235541059,0,0,0,0,6.84915111466608,5.75265729132717,1.38629436111989,0
15386,394.14,1,446,446,394.14,186.002083333333,31,0.0356125095335043,3.38058917857201,0,0,0,0,5.97924013248526,5.97924013248526,0.693147180559945,0
15387,468.65,1,335,335,468.65,491.90625,20,0.0695606527571716,2.86318623778269,0,0,0,0,6.15198773644052,6.15198773644052,0.693147180559945,0
15388,140.54,1,88,88,140.54,269.95625,10,0.109722893029507,2.25711819758156,0,0,0,0,4.95258236264764,4.95258236264764,0.693147180559945,0
15389,700.8,5,144,216,140.16,171.897222222222,2,0.753706136235692,0.41186560557834,0,0,0,0,6.55364846314911,4.94989399880707,1.79175946922805,0
15390,1216.66,2,447,648.6,608.33,395.896527777778,77,0.014840088440381,4.27302614657538,0,0,0,0,7.10468626316009,6.4123599928715,1.09861228866811,0
15391,289.87,1,109,109,289.87,583.948611111111,12,0.12630280614823,2.29641561556024,6.95,1,-6.95,1,5.67287643196032,5.67287643196032,0.693147180559945,2.07317192866624
15392,2883.08,7,302.857142857143,387.6,411.868571428571,4.07569444444444,103,0.022300445036862,4.22501299503656,19.8,1,-19.8,1,7.96696123727115,6.02312931332893,2.07944154167984,3.03495298670727
15393,891.34,5,75.6,91.4,178.268,15.8347222222222,37,0.0490365219515998,3.31830058635234,0,0,0,0,6.79384722587402,5.18888189284818,1.79175946922805,0
15394,5286.8,11,215.636363636364,304.5,480.618181818182,9.04236111111111,135,0.0172060767845094,4.47435755537406,35.4,2,-35.4,1,8.57315755933367,6.17715164622672,2.484906649788,3.5945687746427
15395,107.45,1,17,17,107.45,325.006944444444,7,0.144296664437083,1.94090574582128,0,0,0,0,4.68628923727288,4.68628923727288,0.693147180559945,0
15396,796.38,2,139,154.3,398.19,112.120833333333,16,0.222277266117416,1.94435384074049,0,0,0,0,6.68133135311778,5.98943749402335,1.09861228866811,0
15397,94,1,20,20,94,289.142361111111,6,0.168066432775011,1.78756171533086,0,0,0,0,4.55387689160054,4.55387689160054,0.693147180559945,0
15398,1345.53,2,384.5,393.05,672.765,15.8354166666667,60,0.021846024508401,3.96021332750896,5.9,1,-5.9,1,7.20528619198861,6.51288138542621,1.09861228866811,1.93152141160321
15399,815.77,3,203.666666666667,274.4,271.923333333333,0.990277777777778,45,0.0292902154907881,3.65940226519023,0,0,0,0,6.70535753747859,5.60919092546392,1.38629436111989,0
15400,1302.3,8,82.75,170.4,162.7875,91.9951388888889,16,0.0962842873477989,2.50237359500157,49.5,1,-49.5,1,7.17265478853667,5.0985698559307,2.19722457733622,3.92197333628131
15401,216.95,2,46.5,71.25,108.475,452.005555555556,14,0.0754623127169865,2.6126003581062,0,0,0,0,5.3842656786844,4.69569621268746,1.09861228866811,0
15402,1770.06,6,291,461,295.01,148.064583333333,79,0.0270558932716869,3.95904430323279,13.9,1,-13.9,1,7.47933351637326,5.69039323753718,1.94591014905531,2.70136121295141
15403,168.72,2,234,293.4,84.36,491.061805555556,6,0.188132955895178,1.72588224703731,0,0,0,0,5.13415002033412,4.4468776069935,1.09861228866811,0
15404,257.06,1,334,334,257.06,375.074305555556,16,0.0677868493018043,2.72535057778619,0,0,0,0,5.5531921160237,5.5531921160237,0.693147180559945,0
15405,658.89,2,174,191.1,329.445,188.9625,29,0.0729052973255845,3.00047029600098,0,0,0,0,6.49207315446337,5.80044023091986,1.09861228866811,0
15406,976.83,4,136.75,267.7,244.2075,30.9777777777778,109,0.0237437249201966,4.2196710939961,84.1,2,-84.1,1,6.88533583079477,5.50210479086997,1.6094379124341,4.44382703557933
15407,879.44,4,139.5,214.45,219.86,33.0381944444444,142,0.0206912412171622,4.37226107553296,0,0,0,0,6.7804217825139,5.39752901661898,1.6094379124341,0
15408,267.18,1,106,106,267.18,263.908333333333,34,0.0468149228186,3.226399334156,0,0,0,0,5.5916583968515,5.5916583968515,0.693147180559945,0
15409,131.25,1,59,59,131.25,720.885416666667,9,0.124136925170068,2.1352600145868,14.05,1,-14.05,1,4.88469407073841,4.88469407073841,0.693147180559945,2.71137799119488
15410,4668.44,10,187.8,367.05,466.844,83.9604166666667,84,0.0203998249597448,4.15383531302243,0,0,0,0,8.44879442912575,6.14813490701641,2.39789527279837,0
15411,1359.36,4,132.5,231.95,339.84,25.8965277777778,86,0.0165924263080987,4.24622264308117,12.5,1,-12.5,1,7.21550464958403,5.83141315895976,1.6094379124341,2.60268968544438
15412,190.53,1,108,108,190.53,170.934722222222,10,0.32651781972994,1.57884342335879,0,0,0,0,5.25504445431457,5.25504445431457,0.693147180559945,0
15413,6040.8,5,370.8,602.2,1208.16,691.053472222222,20,0.0761967356634752,2.7213035472735,36,2,-9330.1,0.00385847954469941,8.70645725977677,7.09768118263603,1.79175946922805,3.61091791264422
15414,777.06,3,147.666666666667,233.5,259.02,9.125,37,0.0391269103621343,3.4075528349876,0,0,0,0,6.65680364202736,5.56075855113402,1.38629436111989,0
15415,572.81,1,575,575,572.81,312.942361111111,46,0.027882061997682,3.69090975009098,0,0,0,0,6.35229833107055,6.35229833107055,0.693147180559945,0
15416,4572.82,7,345.714285714286,706.8,653.26,64.175,191,0.00987373655106039,4.98122032909885,18.17,2,-18.17,1,8.42810402094437,6.48350482597056,2.07944154167984,2.95334655705755
15417,508.8,1,284,284,508.8,84.9333333333333,28,0.0363262244867687,3.32358919112377,0,0,0,0,6.23401849194201,6.23401849194201,0.693147180559945,0
15418,452.32,2,133,157.3,226.16,425.008333333333,64,0.0336434058582728,3.74735299294474,0,0,0,0,6.11659827786475,5.42565461500923,1.09861228866811,0
15419,135.86,1,230,230,135.86,24.14375,8,0.150777413964449,1.99128660038998,0,0,0,0,4.91895850552435,4.91895850552435,0.693147180559945,0
15420,745.88,6,140.666666666667,162,124.313333333333,433.919444444444,52,0.0273381358778156,3.79340368511312,0,0,0,0,6.61590452965814,4.83081726752034,1.94591014905531,0
15421,3803.39,10,192.7,415.25,380.339,58.1875,203,0.0120910508251368,4.79834651108162,0,0,0,0,8.2439109420694,5.94368874330108,2.39789527279837,0
15422,1619.97,7,101.428571428571,191.3,231.424285714286,322.85625,91,0.0216765992401834,4.167212634746,4.95,1,-4.95,1,7.39078001447003,5.44856451914923,2.07944154167984,1.78339121955754
15423,266.89,3,66,96.9,88.9633333333333,37.9506944444444,13,0.0981944037807487,2.44056037641878,47.75,1,-47.75,1,5.59057644849292,4.49940217990991,1.38629436111989,3.88670519744386
15424,563.98,3,235,308.9,187.993333333333,254.033333333333,33,0.0390616084900876,3.35872845949916,0,0,0,0,6.33679033228982,5.24171174106892,1.38629436111989,0
15425,1944.57,4,260.5,432.7,486.1425,399.775694444444,116,0.0144107938938787,4.47734214208954,0,0,0,0,7.57331027224507,6.18855668808415,1.6094379124341,0
15426,2608.53,9,135.555555555556,288.4,289.836666666667,18.8847222222222,330,0.0311483207698344,4.84040842350951,22.44,2,-22.44,1,7.86692540747264,5.67276182666084,2.30258509299405,3.15444396470881
15427,1483.22,3,337.666666666667,442.4,494.406666666667,32.93125,233,0.00828962189812314,5.09782834095875,0,0,0,0,7.30264466071812,6.20537897410373,1.38629436111989,0
15428,740.8,4,86.75,113.05,185.2,14.8305555555556,39,0.0367174033879665,3.50118694471003,0,0,0,0,6.60907966505549,5.22682136484297,1.6094379124341,0
15429,397.35,2,190,297.1,198.675,26.0152777777778,77,0.028878002940362,3.90691104154589,32.45,1,-32.45,1,5.98733101582638,5.29669104480345,1.09861228866811,3.51005178657424
15430,954.75,2,154.5,275.55,477.375,467.130555555556,36,0.0409629667568773,3.38269458529471,51,1,-51,1,6.86249637257652,6.17039494374587,1.09861228866811,3.95124371858143
15431,153.24,1,84,84,153.24,502.045833333333,2,0.67570332041682,0.50535575435249,0,0,0,0,5.03850983086224,5.03850983086224,0.693147180559945,0
15432,320.76,2,46,63.1,160.38,22.8472222222222,16,0.0745761045662206,2.68380564870957,19.5,2,-19.5,1,5.77380592602434,5.08376183242036,1.09861228866811,3.02042488614436
15433,533.3,2,267,401.1,266.65,213.128472222222,40,0.0278206950563325,3.63743288056216,115.43,1,-115.43,1,6.28095747896373,5.58968015683939,1.09861228866811,4.75729023404892
15434,2567.06,11,129.363636363636,317.5,233.369090909091,7.97013888888889,84,0.0254171415738319,4.03793571026163,49.95,2,-49.95,1,7.85090602902289,5.45689718428563,2.484906649788,3.93084475966873
15435,149.29,1,54,54,149.29,21.8409722222222,29,0.0446786008667521,3.22597955613813,0,0,0,0,5.012566760946,5.012566760946,0.693147180559945,0
15436,1123.42,3,204.333333333333,248.6,374.473333333333,11.8645833333333,244,0.00816379647713556,5.12405288011396,0,0,0,0,7.0250226261385,5.92818745225986,1.38629436111989,0
15437,393.45,2,88.5,97.05,196.725,261.985416666667,56,0.0335961833790552,3.6628552656361,0,0,0,0,5.9774923895411,5.28687717640548,1.09861228866811,0
15438,156.58,1,59,59,156.58,130.979861111111,25,0.0554170565070951,3.04440942840062,0,0,0,0,5.05993326581754,5.05993326581754,0.693147180559945,0
15439,1269.05,4,143,306.75,317.2625,404.091666666667,49,0.037597849947215,3.61502495751791,0,0,0,0,7.1468115487564,5.7628765139639,1.6094379124341,0
15440,383.68,3,65.6666666666667,77.4,127.893333333333,54.0652777777778,50,0.0693908555164124,3.2601325048181,0,0,0,0,5.95241181984428,4.85898518892829,1.38629436111989,0
15441,1254.21,3,195.666666666667,323.5,418.07,395.875,45,0.0333066347768628,3.60672673903256,0,0,0,0,7.13505816824496,6.03803797040757,1.38629436111989,0
15442,594,1,120,120,594,248.059722222222,2,0.5,0.693147180559945,0,0,0,0,6.38856140554563,6.38856140554563,0.693147180559945,0
15443,5173.98,14,195.357142857143,344.7,369.57,1.09027777777778,413,0.00529677738170978,5.6099305937145,59.79,2,-59.79,1,8.5515907533918,5.91504236076353,2.70805020110221,4.10742530176063
15444,1420.42,2,382,553,710.21,8.80069444444444,190,0.0080949104160452,5.02819734108006,0,0,0,0,7.25941165092839,6.56696774484325,1.09861228866811,0
15445,284.5,2,59,59.9,142.25,263.905555555556,12,0.11324248442524,2.34094088368901,0,0,0,0,5.65424202909607,4.96459135559485,1.09861228866811,0
15446,407.19,3,89,106.7,135.73,376.035416666667,91,0.0206673866783601,4.18656388797698,8.1,2,-8.1,1,6.01173275228047,4.91800817832099,1.38629436111989,2.2082744135228
15447,492.88,5,45.6,76.6,98.576,330.058333333333,27,0.0440037280031749,3.21743893653522,7.95,1,-7.95,1,6.20229257269954,4.60092117169868,1.79175946922805,2.19165353228676
15448,788.81,2,243.5,253.85,394.405,312.088888888889,49,0.0225883565785407,3.84350227506827,0,0,0,0,6.67179241020567,5.97991055607892,1.09861228866811,0
15449,974.52,3,270.666666666667,293.2,324.84,25.9083333333333,47,0.0263913006462582,3.74203282804115,3.3,2,-3.3,1,6.88297066215951,5.78640646334016,1.38629436111989,1.45861502269952
15450,429.84,1,376,376,429.84,29.81875,30,0.0395576577665367,3.31027241208633,0,0,0,0,6.06573679148257,6.06573679148257,0.693147180559945,0
15451,233.21,2,39.5,44.45,116.605,434.006944444444,56,0.0319277982215575,3.70099629481925,0,0,0,0,5.45621814880031,4.76733155156751,1.09861228866811,0
15452,1799.33,6,181.833333333333,460.5,299.888333333333,29.0256944444444,157,0.0141347301617499,4.67951661822963,0,0,0,0,7.49572526041409,5.70673921031315,1.94591014905531,0
15453,1388.37,7,120.714285714286,232.8,198.338571428571,1.07708333333333,170,0.01663378854879,4.67437964340012,0,0,0,0,7.23660568597154,5.29500474300702,2.07944154167984,0
15454,307.69,2,74,84.8,153.845,361.936805555556,35,0.0507448606638056,3.27187925395125,0,0,0,0,5.73233753707347,5.04242461658566,1.09861228866811,0
15455,38.25,1,3,3,38.25,597.046527777778,2,0.555555555555556,0.636514168294813,0,0,0,0,3.66995144422842,3.66995144422842,0.693147180559945,0
15456,2105.34,10,273,405.5,210.534,282.957638888889,132,0.0190529746434677,4.43665818004498,0,0,0,0,7.6527071231581,5.35438574206757,2.39789527279837,0
15457,237.07,1,132,132,237.07,261.888194444444,56,0.0277504709607829,3.79938293647206,0,0,0,0,5.47256474807442,5.47256474807442,0.693147180559945,0
15458,370.44,2,150,155.4,185.22,24.9875,13,0.0843235407603429,2.51425233260552,0,0,0,0,5.91738734371167,5.22692877046038,1.09861228866811,0
15459,202.83,2,60.5,60.95,101.415,416.934027777778,6,0.271144542703295,1.52066780610158,0,0,0,0,5.31728631309564,4.62903318625262,1.09861228866811,0
15460,216.76,1,109,109,216.76,353.8625,53,0.0311976118896554,3.67792914817032,0,0,0,0,5.38339353890316,5.38339353890316,0.693147180559945,0
15461,412.8,2,110,119,206.4,460.054861111111,1,1,0,38.4,1,-38.4,1,6.02538276531144,5.33464929579543,1.09861228866811,3.67376581630389
15462,737.05,4,123.75,285.95,184.2625,94.0270833333333,32,0.0444645227424845,3.28669195045132,0,0,0,0,6.60401157298301,5.22177373828303,1.6094379124341,0
15463,126.86,1,106,106,126.86,28.9951388888889,7,0.17308171575489,1.8414225455104,0,0,0,0,4.85093591533858,4.85093591533858,0.693147180559945,0
15464,978.1,1,350,350,978.1,337.870833333333,153,0.0117809104345811,4.73113066828458,0,0,0,0,6.88663378236003,6.88663378236003,0.693147180559945,0
15465,12655.65,32,86.53125,241.95,395.4890625,19.1104166666667,101,0.151115820948178,3.02646326943853,429.5,7,-429.5,1,9.44593804772779,5.98264845557463,3.49650756146648,6.06494732386779
15466,1571.01,4,236,382.85,392.7525,84.9875,216,0.00864308086192045,5.02933698414046,0,0,0,0,7.36011033429207,5.97572253932604,1.6094379124341,0
15467,517.93,3,103.333333333333,170.4,172.643333333333,8.93958333333333,41,0.0501627034982352,3.37386267250888,13,1,-13,1,6.25176899931032,5.15700338705279,1.38629436111989,2.63905732961526
15468,1359.92,3,354.666666666667,833.4,453.306666666667,51.0006944444444,80,0.0137083171724067,4.33533008954856,43,4,-43,1,7.21591622061524,6.11877244724863,1.38629436111989,3.78418963391826
15469,859.15,3,95.6666666666667,133.4,286.383333333333,49.8951388888889,39,0.0330402686603398,3.55085304733585,37.9,3,-39.85,0.951066499372647,6.75710679264305,5.66081698077803,1.38629436111989,3.6609942506244
15470,63.42,1,232,232,63.42,575.177083333333,4,0.272838910574098,1.33633752180452,0,0,0,0,4.16542414390305,4.16542414390305,0.693147180559945,0
15471,1316.56,3,227.666666666667,296.6,438.853333333333,1.94305555555556,123,0.0736038225878206,3.81403344167001,0,0,0,0,7.18353682017553,6.08644133801107,1.38629436111989,0
15472,372.01,1,251,251,372.01,112.939583333333,76,0.0184702110054854,4.15017658568592,0,0,0,0,5.92160522893592,5.92160522893592,0.693147180559945,0
15473,2046,8,97,180.8,255.75,13.8993055555556,5,0.33397545600743,1.30463748139467,306,3,-306,1,7.62413058566129,5.54810284880867,2.19722457733622,5.7268477475872
15474,163.1,1,56,56,163.1,595.108333333333,19,0.104492194269445,2.55809781612556,0,0,0,0,5.10047599809605,5.10047599809605,0.693147180559945,0
15475,454.11,1,319,319,454.11,76.9375,29,0.0432145263357227,3.26913244762178,0,0,0,0,6.12053914797389,6.12053914797389,0.693147180559945,0
15476,2209.98,4,293.5,601.7,552.495,379.897916666667,67,0.0285909186596862,3.86982982224635,29.7,1,-29.7,1,7.70119113513585,6.31625271868422,1.6094379124341,3.42426265459315
15477,368.4,1,216,216,368.4,649.092361111111,2,0.718617704166623,0.454903521588393,0,0,0,0,5.91188006776514,5.91188006776514,0.693147180559945,0
15478,2024.98,3,301.333333333333,316.8,674.993333333333,39.9381944444444,54,0.036613535322473,3.58303979514295,0,0,0,0,7.61380881309159,6.5161832140614,1.38629436111989,0
15479,147.4,1,38,38,147.4,732.904166666667,9,0.113076455025968,2.18795151353839,0,0,0,0,4.99991133073328,4.99991133073328,0.693147180559945,0
15480,3608.33,5,365.6,869.8,721.666,115.970833333333,198,0.00920283211932206,5.03265433072634,36,2,-2686.75,0.0133990881176142,8.19127743853407,6.58294715138178,1.79175946922805,3.61091791264422
15481,1976.06,1,1426,1426,1976.06,400.915277777778,38,0.0506702752057919,3.34123204044873,0,0,0,0,7.58936617172375,7.58936617172375,0.693147180559945,0
15482,13990.56,19,300.315789473684,662,736.345263157895,15.0861111111111,76,0.0471788192205201,3.53456086760951,4115.44,5,-6484.73,0.634635520677037,9.54620956966311,6.60305625353296,2.99573227355399,8.32274399114337
15483,869.46,10,94.4,158.9,86.946,161.029861111111,217,0.0125565909781757,4.86452779176847,0,0,0,0,6.76902180754938,4.47672298976272,2.39789527279837,0
15484,4604.16,6,639.333333333333,1222,767.36,0.907638888888889,181,0.0130810973943424,4.77924454640803,31.2,1,-31.2,1,8.43493269292838,6.64425837331871,1.94591014905531,3.47196645255036
15485,5771.51,7,370.571428571429,793.3,824.501428571429,29.9298611111111,82,0.0430955566479642,3.64270233213292,147,1,-147,1,8.66086227357882,6.7159909939116,2.07944154167984,4.99721227376411
15486,102,1,40,40,102,527.024305555556,1,1,0,0,0,0,0,4.63472898822964,4.63472898822964,0.693147180559945,0
15487,231.32,1,144,144,231.32,679.029861111111,14,0.0807984274419148,2.57607885375385,0,0,0,0,5.44811573163643,5.44811573163643,0.693147180559945,0
15488,431.92,5,50.2,85,86.384,92.1520833333333,10,0.19727823757502,1.89823472586145,0,0,0,0,6.07055295342695,4.47031219954124,1.79175946922805,0
15489,2419.61,8,158,241.45,302.45125,22.1645833333333,75,0.0231376620503463,3.99788614985149,92.25,4,-92.25,1,7.79177485350311,5.71522097156816,2.19722457733622,4.53528405852393
15490,217.6,1,85,85,217.6,430.027083333333,22,0.0810518068095805,2.73521686845023,29.5,1,-29.5,1,5.38724357574244,5.38724357574244,0.693147180559945,3.41772668361337
15491,3100.33,6,274.333333333333,371.5,516.721666666667,94.9125,109,0.0209119610770368,4.2867949662446,9.24,1,-9.24,1,8.03958633072328,6.2494377748124,1.94591014905531,2.32630161961136
15492,659.46,2,241.5,318.45,329.73,27.9145833333333,32,0.0467619216298471,3.25176250579375,0,0,0,0,6.49293656194686,5.80130233253487,1.09861228866811,0
15493,4312.98,9,140,274.4,479.22,32.0319444444444,306,0.00936412403949999,5.24668999514037,34.55,2,-34.55,1,8.36961619086974,6.17424433223263,2.30258509299405,3.57094015624925
15494,3764.93,5,605,1076.2,752.986,20.9159722222222,309,0.00960497431503889,5.15270813030843,9.1,1,-9.1,1,8.23375012168376,6.62537380019632,1.79175946922805,2.31253542384721
15495,246.5,1,194,194,246.5,378.961111111111,20,0.0627008545601916,2.87891664227641,0,0,0,0,5.51141058200874,5.51141058200874,0.693147180559945,0
15496,146.14,1,98,98,146.14,630.981944444444,22,0.0672475231376749,2.86970794217182,0,0,0,0,4.99138451450412,4.99138451450412,0.693147180559945,0
15497,8583.79,9,319.222222222222,707.2,953.754444444444,17.0409722222222,67,0.0346135710039877,3.71632876720207,13.93,2,-13.93,1,9.05774731176274,6.86145418118193,2.30258509299405,2.7033726115511
15498,25895.71,44,286.863636363636,609.9,588.538863636364,2.00138888888889,615,0.0064975663921482,5.75932460319947,333.85,11,-2178.77,0.153228656535568,10.161871212592,6.37934064424435,3.80666248977032,5.81368267035606
15499,161.6,1,60,60,161.6,723.022916666667,40,0.0376544732134105,3.4537705275121,0,0,0,0,5.09129319711371,5.09129319711371,0.693147180559945,0
15500,1131.56,4,143,191.4,282.89,7.96041666666667,63,0.0198325271968647,4.02906341084246,0,0,0,0,7.03223583608624,5.64858683918825,1.6094379124341,0
15501,404.66,2,103,152.5,202.33,404.065972222222,62,0.0234197560951367,3.92801929555489,0,0,0,0,6.00551537033064,5.31483027492225,1.09861228866811,0
15502,10016.77,14,368.357142857143,1377.05,715.483571428571,15.0013888888889,239,0.0133803928772229,4.96044632833036,1924.04,13,-5319.94,0.361665733072178,9.21211579497962,6.57435531808501,2.70805020110221,7.56270202572678
15503,267.15,2,68,73.4,133.575,362.078472222222,113,0.0143762353250175,4.45785564995615,0,0,0,0,5.59154652542893,4.90212166444702,1.09861228866811,0
15504,423.85,4,37,52.65,105.9625,81.0034722222222,42,0.0543481764262607,3.26495992443331,9.95,1,-9.95,1,6.05173616544955,4.67247830574417,1.6094379124341,2.39333945626251
15505,3614.56,5,478,760.4,722.912,52.2458333333333,90,0.0236671300419248,4.04848390181252,113.82,2,-113.82,1,8.19300203269235,6.58466983803696,1.79175946922805,4.74336568473949
15506,2040.27,6,274.5,458.5,340.045,22.0270833333333,182,0.0137847744107072,4.68616589501364,0,0,0,0,7.62132744215462,5.83201443338631,1.94591014905531,0
15507,492.36,1,162,162,492.36,171.104861111111,41,0.0398374513281934,3.40572843734572,0,0,0,0,6.20123913068324,6.20123913068324,0.693147180559945,0
15508,1000.27,6,73.3333333333333,143.25,166.711666666667,188.921527777778,78,0.0268508906616128,3.96150111009116,0,0,0,0,6.90902447321428,5.12224623508359,1.94591014905531,0
15509,166.51,1,72,72,166.51,379.918055555556,26,0.0603323895827161,2.98485979106128,0,0,0,0,5.1210430509756,5.1210430509756,0.693147180559945,0
15510,36,1,2,2,36,330.027777777778,1,1,0,0,0,0,0,3.61091791264422,3.61091791264422,0.693147180559945,0
15511,909.23,5,54.2,85.6,181.846,11.1298611111111,117,0.0241089178157827,4.2976718197344,0,0,0,0,6.81369731482844,5.20864426850159,1.79175946922805,0
15512,331.58,4,58.75,99.95,82.895,155.145833333333,29,0.0796229714834804,2.92497611906209,0,0,0,0,5.80688043265977,4.42956601694166,1.6094379124341,0
15513,26768.19,35,297.571428571429,762.1,764.805428571429,32.9263888888889,300,0.0106038383015357,5.043250241121,460.66,6,-486.1,0.94766508948776,10.1950068783054,6.64092812777679,3.58351893845611,6.13482868941585
15514,6219.23,18,209.222222222222,457.6,345.512777777778,11.9236111111111,172,0.0348353019002076,4.12013607772934,1176.27,2,-1176.27,1,8.73556216254154,5.84791969465357,2.94443897916644,7.07095347772431
15515,171.81,1,131,131,171.81,386.965972222222,7,0.205960730738869,1.75759385554176,0,0,0,0,5.1521927250659,5.1521927250659,0.693147180559945,0
15516,62.43,3,9,16.8,20.81,44.1243055555556,15,0.0921279919365849,2.50646897815442,0,0,0,0,4.14993693564581,3.08236858021354,1.38629436111989,0
15517,267.87,1,293,293,267.87,232.991666666667,27,0.0614950913162156,2.99461956174655,0,0,0,0,5.59422799141313,5.59422799141313,0.693147180559945,0
15518,4218.94,15,188.2,315.1,281.262666666667,64.03125,259,0.0104908064937752,5.03004717137683,115.16,8,-115.16,1,8.3475761889195,5.6428380794955,2.77258872223978,4.75496855107649
15519,344.61,2,58,62.5,172.305,382.927083333333,34,0.180385392754227,2.45838319815676,0,0,0,0,5.84531097169647,5.15505304800761,1.09861228866811,0
15520,345.9,1,314,314,345.9,1.07777777777778,18,0.0636394969493963,2.81556136329643,0,0,0,0,5.8490365539757,5.8490365539757,0.693147180559945,0
15521,6866.84,16,282.25,539.25,429.1775,39.9638888888889,203,0.014994666651916,4.68003890256796,325.25,8,-432.25,0.752458068247542,8.83460492529871,6.06419791421064,2.83321334405622,5.7876639586369
15522,398.93,2,286.5,313.05,199.465,32.0583333333333,47,0.0609095043778492,3.27325833785605,0,0,0,0,5.9912895317937,5.3006396679176,1.09861228866811,0
15523,15011.53,16,702.1875,1674,938.220625,83.8895833333333,75,0.058622046515301,3.39169500891228,139.95,2,-139.95,1,9.61664046472096,6.84505040901159,2.83321334405622,4.94840521756012
15524,223.4,2,14,23,111.7,24.0284722222222,9,0.166680859573179,2.00732368113404,0,0,0,0,5.41343017364854,4.72472942104573,1.09861228866811,0
15525,1297.86,4,170,235.4,324.465,1.92152777777778,152,0.0154490533623808,4.52442354314826,14.9,1,-14.9,1,7.16924223565073,5.78525492898547,1.6094379124341,2.76631910922619
15526,148.44,2,12,21,74.22,32.9069444444444,4,0.667260609775783,0.652267002164312,0,0,0,0,5.00689497448053,4.32041715304219,1.09861228866811,0
15527,5573.69,23,96.6086956521739,204.5,242.334347826087,18.0229166666667,228,0.0195564631540779,4.67032828847042,487.75,8,-533.86,0.913629041321695,8.62599198940112,5.49443641461394,3.17805383034795,6.19185111129958
15528,229.33,1,123,123,229.33,253.9,26,0.122721740085163,2.53673243392336,0,0,0,0,5.43951306321481,5.43951306321481,0.693147180559945,0
15529,5114.51,12,374,811.6,426.209166666667,22.05625,458,0.00655441879437166,5.58977941544477,27.45,1,-27.45,1,8.54003238016021,6.05727374496883,2.56494935746154,3.34814816057234
15530,1822.04,5,268,376.8,364.408,21.0173611111111,112,0.0145564557432938,4.46218736822288,0,0,0,0,7.50826071629203,5.90101453751924,1.79175946922805,0
15531,2008.74,2,552.5,811.25,1004.37,7.75486111111111,196,0.00945704220097428,4.95376412440594,0,0,0,0,7.60576063945244,6.91311091194319,1.09861228866811,0
15532,3767.95,10,134.9,178.95,376.795,24.9159722222222,424,0.00627447539190805,5.52922650185509,63.85,2,-63.85,1,8.23455172706081,5.93435172046422,2.39789527279837,4.17207691076245
15533,805.68,3,96.3333333333333,145.6,268.56,18.8854166666667,73,0.0281123136297278,3.92087715207253,60.65,2,-60.65,1,6.69292705927164,5.59679100007802,1.38629436111989,4.12147322961035
15534,162.25,1,63,63,162.25,725.001388888889,8,0.152588906484078,1.96700059346545,0,0,0,0,5.09528276815654,5.09528276815654,0.693147180559945,0
15535,1087.82,6,53.8333333333333,93.5,181.303333333333,172.908333333333,89,0.0269079529317037,4.0288969689664,102,4,-102,1,6.99284982001499,5.20567196639586,1.94591014905531,4.63472898822964
15536,259.09,1,242,242,259.09,408.888194444444,16,0.0758708544328859,2.6685278845384,0,0,0,0,5.56102772496426,5.56102772496426,0.693147180559945,0
15537,110.92,1,29,29,110.92,163.027777777778,24,0.0819366992438679,2.82072191844682,0,0,0,0,4.71778433035723,4.71778433035723,0.693147180559945,0
15538,2174.1,6,117.666666666667,165,362.35,537.125694444444,3,0.365172712988549,1.04738593839179,162.3,5,-331.25,0.489962264150943,7.68482991947737,5.89536655706265,1.94591014905531,5.09558899997642
15539,538.46,1,410,410,538.46,6.96805555555556,41,0.0466540541084998,3.38773304282008,0,0,0,0,6.29056863922474,6.29056863922474,0.693147180559945,0
15540,460.68,2,222,241.8,230.34,10.9576388888889,31,0.0393613927786845,3.31996760975391,0,0,0,0,6.13487201040271,5.44388848986726,1.09861228866811,0
15541,85.13,1,49,49,85.13,113.952777777778,29,0.0623921355539332,3.00567623473624,0,0,0,0,4.45585778280108,4.45585778280108,0.693147180559945,0
15542,918.55,3,156.333333333333,239.5,306.183333333333,512.0125,212,0.00938308203561086,5.02834406689999,22.55,1,-22.55,1,6.82388441994499,5.72744474632952,1.38629436111989,3.15912582046243
15543,242.84,2,84.5,85.85,121.42,287.891666666667,50,0.0361200930373114,3.59344145057077,0,0,0,0,5.49651227249828,4.80745775542292,1.09861228866811,0
15544,8162.43,20,350.95,501.45,408.1215,8.83819444444444,209,0.00792378685693563,5.06009711943466,28.31,6,-28.31,1,9.00741970277598,6.0140121779421,3.04452243772342,3.3779287547228
15545,428.05,2,119,146.9,214.025,54.0180555555556,78,0.0328501246426543,3.87353203836275,0,0,0,0,6.06157346225313,5.37075430043754,1.09861228866811,0
15546,1079.1,2,99,99,539.55,606.082638888889,6,0.20171411080502,1.68130380515771,539.55,1,-539.55,1,6.98480890842443,6.29258713973878,1.09861228866811,6.29258713973878
15547,9987.53,26,269.307692307692,534,384.135769230769,6.99861111111111,674,0.00425404356256902,5.93420109742977,13.5,2,-13.5,1,9.20919271366825,5.95359591947497,3.29583686600433,2.67414864942653
15548,158.09,1,64,64,158.09,595.0625,23,0.143464581206833,2.50899978477001,0,0,0,0,5.06947007981715,5.06947007981715,0.693147180559945,0
15549,2345.96,8,117.5,350.4,293.245,76.8944444444444,142,0.0155022189429192,4.55489430701733,37.5,1,-37.5,1,7.76087615267213,5.68441275364257,2.19722457733622,3.65065824129374
15550,2117.1,12,95.3333333333333,164.3,176.425,3.88333333333333,168,0.0207522340565305,4.35452339825583,121.5,2,-223.2,0.544354838709677,7.65827473939995,5.17854798441105,2.56494935746154,4.80811102998478
15551,1710.8,7,116.285714285714,223.6,244.4,36.0090277777778,117,0.0173805736557952,4.37982463162018,50.8,2,-50.8,1,7.44530072744751,5.50288953227681,2.07944154167984,3.94739014926544
15552,252.76,2,83,103.7,126.38,216.960416666667,28,0.0600621238379063,3.01194083024054,0,0,0,0,5.53638893844648,4.84717474494322,1.09861228866811,0
15553,438.19,1,451,451,438.19,59.9916666666667,51,0.0309803997199713,3.67874644985347,0,0,0,0,6.0849321212658,6.0849321212658,0.693147180559945,0
15554,217.2,1,74,74,217.2,277.159722222222,14,0.073348561467056,2.62475842300883,0,0,0,0,5.38541207339897,5.38541207339897,0.693147180559945,0
15555,12060.01,36,246.75,563.75,335.000277777778,11.8548611111111,682,0.00521269162065749,5.89729943641808,379.16,10,-368.27,1.02957069541369,9.39773321470155,5.81711198668244,3.61091791264422,5.94059221673423
15556,280.61,1,236,236,280.61,23.8625,31,0.0667156252237172,3.0544522063861,0,0,0,0,5.64052313501701,5.64052313501701,0.693147180559945,0
15557,473.65,1,219,219,473.65,28.0027777777778,16,0.0994020122795842,2.49748429364515,0,0,0,0,6.16257769032781,6.16257769032781,0.693147180559945,0
15558,214.13,1,86,86,214.13,638.892361111111,23,0.142796730645518,2.50380198227335,70.8,1,-70.8,1,5.37124249656259,5.37124249656259,0.693147180559945,4.27388447605418
15559,1109.4,1,526,526,1109.4,567.988888888889,62,0.0179506686375981,4.07215045455498,0,0,0,0,7.01247558975254,7.01247558975254,0.693147180559945,0
15560,153.52,2,36,43.2,76.76,397.107638888889,10,0.102478377140256,2.28982930285703,0,0,0,0,5.04032353779808,4.35362716015218,1.09861228866811,0
15561,1929.35,8,163.75,459.8,241.16875,11.0715277777778,65,0.0250936029283202,3.90647820306982,77.85,1,-77.85,1,7.56545661260778,5.48963479719579,2.19722457733622,4.36754731340905
15562,665.7,3,179,426.9,221.9,351.121527777778,32,0.12631239136315,2.48666684156336,0,0,0,0,6.50234016962401,5.40672324039182,1.38629436111989,0
15563,2869.52,7,422.714285714286,697.2,409.931428571429,21.9166666666667,183,0.0126645639122213,4.83415127425848,85.79,4,-85.79,1,7.9622484770107,6.01842636011801,2.07944154167984,4.46349140765615
15564,70.74,2,21,34.5,35.37,462.915277777778,4,0.349688246605676,1.19107066530954,0,0,0,0,4.27304847210414,3.5937442589989,1.09861228866811,0
15565,173.16,2,30,31.8,86.58,49.9701388888889,8,0.132051450138768,2.05161066810954,0,0,0,0,5.15997441692629,4.47255266137325,1.09861228866811,0
15566,227.87,2,76.5,106.65,113.935,392.027083333333,9,0.172835731787791,1.92217109452562,0,0,0,0,5.43315415677025,4.74436675117638,1.09861228866811,0
15567,194.65,1,223,223,194.65,18.0847222222222,7,0.306719467037895,1.54084829223219,0,0,0,0,5.27632734865642,5.27632734865642,0.693147180559945,0
15568,758.29,3,153.666666666667,178.9,252.763333333333,2.05763888888889,27,0.0688253098915886,2.93455992252514,0,0,0,0,6.63238378610744,5.53640207413154,1.38629436111989,0
15569,3586.62,10,173.6,341.8,358.662,103.149305555556,124,0.0820945748635841,3.02701221840901,0,0,0,0,8.18524430898581,5.88516470152902,2.39789527279837,0
15570,9282.06,25,171.16,390.4,371.2824,6.91875,444,0.00609321483915121,5.55765908677019,64.05,2,-64.05,1,9.13594651280682,5.91965270605723,3.25809653802148,4.17515620495851
15571,3912.18,14,170.428571428571,477.8,279.441428571429,11.1166666666667,447,0.00976489077395981,5.48469915584569,0,0,0,0,8.27210562166354,5.6363648923617,2.70805020110221,0
15572,3882.92,10,212.4,373.6,388.292,4.11180555555556,260,0.00858519084406253,5.14729695969186,0,0,0,0,8.26460023187674,5.96432970470066,2.39789527279837,0
15573,1209.64,5,156,213.6,241.928,31.05,184,0.0129572742969092,4.72595480445359,0,0,0,0,7.09890442437877,5.49276510313983,1.79175946922805,0
15574,1513.78,6,155.5,340.25,252.296666666667,177.075694444444,191,0.0147166643432029,4.72378590853788,42,1,-42,1,7.32302549287737,5.53456139729477,1.94591014905531,3.76120011569356
15575,30.1,1,6,6,30.1,619.041666666667,3,0.377937329610048,1.03191355458568,0,0,0,0,3.43720781918519,3.43720781918519,0.693147180559945,0
15576,940.67,1,404,404,940.67,37.0326388888889,43,0.0874547411155021,3.1761646141199,0,0,0,0,6.84765489472918,6.84765489472918,0.693147180559945,0
15577,397.98,5,24.2,48.4,79.596,150.865972222222,58,0.0336788083202251,3.64477082261108,0,0,0,0,5.98891129032026,4.38944902048952,1.79175946922805,0
15578,127.1,1,52,52,127.1,162.032638888889,13,0.230330603222278,1.73997935144239,0,0,0,0,4.85281120890269,4.85281120890269,0.693147180559945,0
15579,1302.5,5,144.6,323.6,260.5,68.0451388888889,140,0.0122447087949131,4.64082258897675,35.25,2,-35.25,1,7.17280823337356,5.56643428350498,1.79175946922805,3.59043938130068
15580,1381.19,8,119.875,177.55,172.64875,376.076388888889,154,0.014573987008426,4.58456129710713,159.24,6,-159.24,1,7.23142447678812,5.15703458077661,2.19722457733622,5.07667269135756
15581,4891.67,38,82.8157894736842,250,128.728157894737,120.175,549,0.00466436746431714,5.79973024683046,194.3,5,-1996.81,0.097305201796866,8.4954934457284,4.86544116795029,3.66356164612965,5.27453683788263
15582,682.91,3,151,244.7,227.636666666667,24.1215277777778,39,0.033038214299708,3.5408551735251,0,0,0,0,6.52782633001791,5.43213413511564,1.38629436111989,0
15583,107.92,1,63,63,107.92,375.906944444444,37,0.0418800599626003,3.34210850416081,0,0,0,0,4.69061366780556,4.69061366780556,0.693147180559945,0
15584,1277.5,6,81.1666666666667,118.5,212.916666666667,23.0798611111111,176,0.0119065938626154,4.77831523371845,2.5,1,-2.5,1,7.15344279473124,5.36558653108314,1.94591014905531,1.25276296849537
15585,455.78,1,320,320,455.78,176.216666666667,31,0.0385695816698334,3.34469910014367,0,0,0,0,6.12420187454618,6.12420187454618,0.693147180559945,0
15586,1068.54,3,390,565.8,356.18,592.118055555556,30,0.0516570820814211,3.17968696982851,10.44,1,-10.44,1,6.97498392847758,5.87823985639335,1.38629436111989,2.43711598595165
15587,1522.08,7,75.4285714285714,120,217.44,50.0090277777778,3,0.450246543071419,0.913463823517873,0,0,0,0,7.32848987942107,5.38651137728395,2.07944154167984,0
15588,579.6,1,96,96,579.6,677.021527777778,4,0.279305925268658,1.32664253028096,0,0,0,0,6.36406205159053,6.36406205159053,0.693147180559945,0
15589,474.58,3,81,121.9,158.193333333333,255.163888888889,28,0.0383494695779065,3.29814231168461,18,1,-21.95,0.82004555808656,6.16453511178775,5.07011939648656,1.38629436111989,2.94443897916644
15590,1496.6,5,166.4,347.6,299.32,381.917361111111,75,0.0166299889978244,4.21307020822125,18,1,-30.19,0.59622391520371,7.31161910572333,5.7048485728382,1.79175946922805,2.94443897916644
15591,217.9,3,19.3333333333333,23.6,72.6333333333333,582.185416666667,6,0.253457162648764,1.52382278696766,0,0,0,0,5.38861500452882,4.29909782175796,1.38629436111989,0
15592,388.58,1,354,354,388.58,46.2020833333333,24,0.0598077492884035,3.01905847701104,0,0,0,0,5.96506923574845,5.96506923574845,0.693147180559945,0
15593,199.8,1,60,60,199.8,70.0861111111111,5,0.320004689374059,1.30775556990689,0,0,0,0,5.30230938781757,5.30230938781757,0.693147180559945,0
15594,1771.78,5,196.6,385.4,354.356,15.1645833333333,85,0.0148923429995823,4.32956262916706,4.25,1,-4.25,1,7.48030421490088,5.87312010389186,1.79175946922805,1.65822807660353
15595,357.6,1,144,144,357.6,487.057638888889,4,0.443966487996036,1.04736848444614,0,0,0,0,5.88220756117103,5.88220756117103,0.693147180559945,0
15596,3130.04,9,152.888888888889,304.4,347.782222222222,100.121527777778,88,0.0257121337607373,4.05783285216595,106.45,7,-106.45,1,8.0491204967159,5.8544477223363,2.30258509299405,4.67702562308852
15597,563.85,2,196.5,270.75,281.925,34.975,35,0.0377385437493246,3.42328036936843,8.85,1,-8.85,1,6.33656020917294,5.64518184485201,1.09861228866811,2.287471455184
15598,548.02,2,202,239.8,274.01,52.9069444444444,32,0.0381738631974571,3.36294322161816,5,2,-5,1,6.30813487071847,5.61680746064179,1.09861228866811,1.79175946922805
15599,1250.06,3,366,378.1,416.686666666667,26.0458333333333,80,0.0150987154805264,4.29577444012634,0,0,0,0,7.13174647094748,6.03473155015732,1.38629436111989,0
15600,1199.31,4,164.25,183.65,299.8275,427.972222222222,55,0.0280721842165943,3.82157908308566,20.6,1,-20.6,1,7.09033513574712,5.70653701076921,1.6094379124341,3.07269331469012
15601,14963.68,30,367.1,713,498.789333333333,10.8993055555556,322,0.00910915476068877,5.2689827490675,40.9,5,-40.9,1,9.61344803683064,6.21418667630303,3.43398720448515,3.73528582692809
15602,3231.35,16,147.0625,314,201.959375,7.94166666666667,64,0.0689052235395472,3.44465857028674,254.54,9,-254.54,1,8.08096470585703,5.31300583586177,2.83321334405622,5.54337895316318
15603,88.48,2,64,92.8,44.24,78.1569444444444,4,0.27950452733569,1.33041663315289,13.75,1,-13.75,1,4.49401513662193,3.81198165124792,1.09861228866811,2.69124308278583
15604,216.39,1,159,159,216.39,51.9604166666667,17,0.0702704442604686,2.74683853712546,0,0,0,0,5.38169297546909,5.38169297546909,0.693147180559945,0
15605,1912.9,9,79.1111111111111,137.2,212.544444444444,35.9395833333333,86,0.0156108215869768,4.31563565577714,3.4,1,-3.4,1,7.55689832404403,5.36384498170414,2.30258509299405,1.48160454092422
15606,5230.99,17,95,130.4,307.705294117647,60.91875,85,0.0264885083131817,3.99073934545825,497.52,2,-497.52,1,8.56254698182022,5.73238708107809,2.89037175789616,6.21164370895818
15607,1712.57,9,163.333333333333,311.2,190.285555555556,336.004166666667,95,0.016580838331381,4.32252016611478,130.4,4,-130.4,1,7.44633419253743,5.25376736682886,2.30258509299405,4.87824610605051
15608,1785.98,5,252.4,508.8,357.196,27.9791666666667,95,0.015057324822422,4.4092813726156,0,0,0,0,7.488282323155,5.88108032261842,1.79175946922805,0
15609,298.48,1,148,148,298.48,184.034722222222,16,0.0688268833329825,2.72574853634162,28.45,1,-28.45,1,5.70204763736248,5.70204763736248,0.693147180559945,3.3826939100976
15610,112.46,1,66,66,112.46,51.1347222222222,6,0.173851684898876,1.77020235848184,0,0,0,0,4.73145035189842,4.73145035189842,0.693147180559945,0
15611,2997.28,26,28.7307692307692,111,115.28,9.00972222222222,46,0.0796606199729809,3.04976269912331,138.91,6,-138.91,1,8.00579406989851,4.75600107569068,3.29583686600433,4.94099935874519
15612,195.15,2,26,30.5,97.575,35.9152777777778,4,0.377315740685489,1.15336908731246,0,0,0,0,5.27887967265556,4.59081767976369,1.09861228866811,0
15613,394.54,1,532,532,394.54,610.040972222222,27,0.0448751529241485,3.20375174913851,0,0,0,0,5.98025191989388,5.98025191989388,0.693147180559945,0
15614,3147.36,4,408,675.3,786.84,437.127777777778,75,0.0239051102832123,3.98447611943526,138.5,3,-138.5,1,8.05463696132162,6.66929502355603,1.6094379124341,4.93806460126142
15615,21373.97,47,257.234042553192,518.5,454.765319148936,9.92222222222222,315,0.00987284347234329,5.10873398340831,91.9,7,-91.9,1,9.9699758902952,6.12197802604694,3.87120101090789,4.53152364581979
15616,295.16,1,137,137,295.16,438.027777777778,13,0.111241550701868,2.37445876939414,0,0,0,0,5.69089984882519,5.69089984882519,0.693147180559945,0
15617,828.55,3,161.666666666667,333.5,276.183333333333,395.863194444444,41,0.0332453639026507,3.57486445158794,0,0,0,0,6.72088338508936,5.62467914044804,1.38629436111989,0
15618,777.06,4,113.5,218.15,194.265,32.1777777777778,39,0.031371130826622,3.55208678446861,29.82,1,-29.82,1,6.65680364202736,5.2743576103528,1.6094379124341,3.42816382989197
15619,336.4,1,136,136,336.4,10.1916666666667,3,0.347920416355027,1.07750855840108,0,0,0,0,5.82126917011187,5.82126917011187,0.693147180559945,0
15620,1931.13,4,312.25,385.85,482.7825,56.0479166666667,115,0.0105055883943075,4.65317847254137,32.43,4,-32.43,1,7.56637830029342,6.18163542554982,1.6094379124341,3.50945370043201
15621,1293.03,4,125.25,195.2,323.2575,3.95069444444444,12,0.214065972147737,1.70913711122598,134.26,2,-134.26,1,7.16551665871791,5.78153795322975,1.6094379124341,4.90719885214679
15622,7811.76,17,240.647058823529,894.6,459.515294117647,42.8791666666667,342,0.00431892444280958,5.6491086730427,495.58,13,-534.53,0.927132247020747,8.96351357349089,6.13234606712572,2.89037175789616,6.20774459840079
15623,2437.05,8,135.875,203,304.63125,140.85,92,0.017352992199895,4.31503064229583,0,0,0,0,7.79895381844454,5.72237930991779,2.19722457733622,0
15624,590.37,4,89.25,192.65,147.5925,116.091666666667,26,0.0542126918041964,3.08241293017599,0,0,0,0,6.38244187904345,5.00120765994669,1.6094379124341,0
15625,3236.4,9,335.555555555556,609,359.6,103.145138888889,106,0.0152740774201736,4.42063956201922,33.15,5,-33.15,1,8.08252581749986,5.88776931076922,2.30258509299405,3.5307625860168
15626,1074,3,379.333333333333,445.8,358,74.1576388888889,73,0.016460122794059,4.20627551030125,18.15,1,-18.15,1,6.98007594056176,5.88332238848828,1.38629436111989,2.95230271562666
15627,567.38,2,172,186.4,283.69,456.983333333333,23,0.0824936080001604,2.78957724923448,0,0,0,0,6.3427902091155,5.65140086897445,1.09861228866811,0
15628,5652.26,17,224.647058823529,328.8,332.485882352941,4.10138888888889,146,0.0190559163686359,4.51334942001127,48.9,4,-48.9,1,8.63998764889554,5.80960053268437,2.89037175789616,3.91002100275747
15629,2240.9,4,379.5,708.8,560.225,450.002777777778,43,0.0307698304209543,3.60626235660995,0,0,0,0,7.71507899960435,6.33012189463453,1.6094379124341,0
15630,1481.4,3,329,496,493.8,44.9263888888889,76,0.0194995282759993,4.1635338770727,5.95,1,-5.95,1,7.30141767497115,6.20415364051833,1.38629436111989,1.9387416595767
15631,596.67,1,525,525,596.67,641.915277777778,39,0.0281821709607882,3.61881080155766,0,0,0,0,6.39303876216631,6.39303876216631,0.693147180559945,0
15632,3297.57,8,263.625,506.55,412.19625,15.1243055555556,107,0.0188669197936065,4.30175263904653,138,2,-138,1,8.10124432020522,6.02392266169607,2.19722457733622,4.93447393313069
15633,4352.46,13,158.307692307692,298.6,334.804615384615,508.997222222222,83,0.0256430762373222,3.9700215459465,179.05,5,-179.05,1,8.37872621021681,5.81652948899394,2.63905732961526,5.19323459009488
15634,554.65,2,113.5,126.55,277.325,16.8486111111111,34,0.03191020438407,3.48759762914407,0,0,0,0,6.32013859963166,5.62878949561477,1.09861228866811,0
15635,79.5,1,5,5,79.5,395.161111111111,2,0.564257742969028,0.62743703367711,0,0,0,0,4.38825718442452,4.38825718442452,0.693147180559945,0
15636,1444.58,4,140,192.7,361.145,89.10625,40,0.0528851424944724,3.29184799899779,0,0,0,0,7.27626590409654,5.89204468411223,1.6094379124341,0
15637,737.11,5,96.6,211.2,147.422,52.2236111111111,37,0.0392410047124924,3.42492001170083,0,0,0,0,6.60409286498392,5.00005956772407,1.79175946922805,0
15638,2150.4,6,171.666666666667,342,358.4,378.040277777778,20,0.0705719072424095,2.81466656542922,128,3,-128,1,7.67387407199791,5.88443597434946,1.94591014905531,4.85981240436167
15639,1065.08,3,283,319.2,355.026666666667,133.972222222222,62,0.0205633821050353,4.00033125047575,36.75,2,-36.75,1,6.97174364881423,5.87500563441373,1.38629436111989,3.63098547569503
15640,23658.61,29,420.344827586207,791.2,815.814137931034,3.92708333333333,324,0.0151768359096131,4.95559074408094,123.43,5,-122.17,1.01031349758533,10.07152465388,6.705411575627,3.40119738166216,4.82374330878754
15641,5351.07,12,368.5,762.9,445.9225,104.990277777778,253,0.00522756881053872,5.39567476693857,0,0,0,0,8.58523868094525,6.10238520150579,2.56494935746154,0
15642,106.74,1,270,270,106.74,729.040972222222,6,0.17502079883318,1.76464338773011,0,0,0,0,4.67972091725239,4.67972091725239,0.693147180559945,0
15643,664,3,82,164.7,221.333333333333,191.258333333333,31,0.0498443170271447,3.22650811419842,16.6,3,-16.6,1,6.49978704065585,5.40417775724751,1.38629436111989,2.86789890204411
15644,813.44,4,139.25,260.75,203.36,165.955555555556,166,0.0140517278592579,4.71399393088051,0,0,0,0,6.70250076050367,5.3198831444626,1.6094379124341,0
15645,1055.17,3,132,243.8,351.723333333333,18.0381944444444,60,0.0472174476197341,3.53722429725726,12.6,1,-12.6,1,6.96240443615802,5.8656839913717,1.38629436111989,2.61006979274201
15646,978.93,5,210.2,428.8,195.786,157.164583333333,65,0.022232890528509,3.97002387498754,22.5,1,-22.5,1,6.88748114054205,5.28211684387633,1.79175946922805,3.15700042115011
15647,169,1,124,124,169,414.945138888889,11,0.0975147928994083,2.36223981998507,0,0,0,0,5.13579843705026,5.13579843705026,0.693147180559945,0
15648,657.35,2,110.5,128.05,328.675,203.914583333333,23,0.0545409173908189,3.02213856811423,57.45,2,-57.45,1,6.48973670480235,5.79810732069376,1.09861228866811,4.06817168791808
15649,2170.35,4,121.25,219.15,542.5875,335.969444444444,8,0.649712869048417,0.794696655767866,0,0,0,0,7.68310437291386,6.29819068716345,1.6094379124341,0
15650,553.88,2,105,150.9,276.94,521.13125,33,0.0333044438193715,3.44762700542674,14.85,1,-14.85,1,6.31875187415212,5.62740526305844,1.09861228866811,2.76316950032329
15651,1259.06,5,174.2,231.6,251.812,36.1729166666667,52,0.0356933908828692,3.64442140956943,0,0,0,0,7.13891461785939,5.53264612950055,1.79175946922805,0
15652,1358.39,5,131.8,201.8,271.678,90.9777777777778,93,0.0282455049741617,3.94648691060896,8.5,1,-8.5,1,7.21479134869893,5.60829161186302,1.79175946922805,2.2512917986065
15653,220.8,2,144,230.4,110.4,92.1256944444444,4,0.391156663516068,1.06561442881143,0,0,0,0,5.40177607491627,4.71312732749318,1.09861228866811,0
15654,922.53,2,237.5,319.85,461.265,8.9875,15,0.108467144331714,2.38940122903439,0,0,0,0,6.82820328422266,6.1361383197137,1.09861228866811,0
15655,560.67,1,324,324,560.67,242.934027777778,34,0.0315122282464433,3.49173938572351,49.35,1,-49.35,1,6.33091448881884,6.33091448881884,0.693147180559945,3.91899861916457
15656,748.5,4,85.75,135.15,187.125,44.9541666666667,46,0.0237033343462699,3.784736492177,0,0,0,0,6.61940631754265,5.23710663550314,1.6094379124341,0
15657,30,1,24,24,30,22.0215277777778,1,1,0,0,0,0,0,3.43398720448515,3.43398720448515,0.693147180559945,0
15658,2419.99,8,86.625,164.4,302.49875,189.936111111111,82,0.0366703598356924,3.95262937170937,153.13,5,-153.13,1,7.79193182640495,5.71537749187493,2.19722457733622,5.03779640215863
15659,532.49,3,53.6666666666667,103.3,177.496666666667,43.1854166666667,17,0.0754779283912436,2.69665488505032,0,0,0,0,6.27944032642368,5.18456992690901,1.38629436111989,0
15660,2813.47,15,126.2,242.2,187.564666666667,24.8277777777778,80,0.0291813176103932,3.94038365520816,48.85,3,-48.85,1,7.9425292457604,5.23944100729631,2.77258872223978,3.90901849640785
15661,1215.95,8,97.375,154.25,151.99375,316.954166666667,27,0.211761350138757,2.33111563213992,0,0,0,0,7.10410300750918,5.03039707088486,2.19722457733622,0
15662,283.73,2,72.5,77.45,141.865,660.835416666667,12,0.12236195210261,2.30305235156019,0,0,0,0,5.65154136281051,4.96190012841438,1.09861228866811,0
15663,138.14,1,106,106,138.14,105.916666666667,9,0.115425818317275,2.17965956336297,0,0,0,0,4.9354806204955,4.9354806204955,0.693147180559945,0
15664,1254.03,4,132.5,170.6,313.5075,50.1201388888889,54,0.026125078171291,3.78953949190288,41.68,3,-41.68,1,7.13491475566265,5.75100792323294,1.6094379124341,3.75373042643355
15665,4008.17,5,558.8,1037.6,801.634,167.953472222222,174,0.0127767174634222,4.71411287575832,0,0,0,0,8.29633951633313,6.68789881925801,1.79175946922805,0
15666,633.18,2,234.5,307.85,316.59,471.9,63,0.0257642161767781,3.87422782783288,0,0,0,0,6.45233282581386,5.76076124273119,1.09861228866811,0
15667,301.32,1,240,240,301.32,39.0791666666667,13,0.103146791314552,2.39157144593199,0,0,0,0,5.71148605904123,5.71148605904123,0.693147180559945,0
15668,76.32,1,72,72,76.32,217.132638888889,1,1,0,0,0,0,0,4.34795265434013,4.34795265434013,0.693147180559945,0
15669,686.5,4,85.5,119.1,171.625,39.8659722222222,31,0.0929336379632375,3.00991131177575,6.65,1,-6.65,1,6.53306182954073,5.15112161172946,1.6094379124341,2.03470564783844
15670,325.2,2,66,88.5,162.6,296.083333333333,19,0.0719831414181301,2.82063088030738,10,1,-10,1,5.78751069018691,5.09742442416865,1.09861228866811,2.39789527279837
15671,2650.17,7,239.285714285714,348.3,378.595714285714,18.0048611111111,52,0.0831614362467179,3.1829127938943,21.64,3,-21.64,1,7.88275633097762,5.93910677659226,2.07944154167984,3.11971825333498
15672,45.3,1,10,10,45.3,724.831944444444,3,0.339349151353011,1.0896223562757,0,0,0,0,3.83514196109219,3.83514196109219,0.693147180559945,0
15673,6414.79,9,373.444444444444,665.8,712.754444444444,87.9013888888889,181,0.0238964620280874,4.66795118982858,4.95,1,-4.95,1,8.76651741833737,6.57053898784322,2.30258509299405,1.78339121955754
15674,6620.77,13,280.615384615385,529.6,509.29,72.9395833333333,270,0.00797737554471962,5.31059079538567,413.67,5,-730.38,0.566376406801939,8.79811798479485,6.23497919156202,2.63905732961526,6.02748302318391
15675,577.04,4,156,396.2,144.26,81.0013888888889,32,0.0346080835117763,3.41298405608206,0,0,0,0,6.35964307043013,4.97852524017802,1.6094379124341,0
15676,3418.37,3,750.666666666667,1519.8,1139.45666666667,18.0069444444444,189,0.00751011972685797,5.09902799440626,111.67,2,-111.67,1,8.13721160256149,7.03918404597119,1.38629436111989,4.72446319217607
15677,1305.63,3,225,311.4,435.21,48.9263888888889,64,0.0204061696897992,4.03267326599015,0,0,0,0,7.17520658249818,6.07812377876839,1.38629436111989,0
15678,1893.89,3,355.666666666667,517.9,631.296666666667,52.1840277777778,77,0.0194472524098839,4.13739663953393,0,0,0,0,7.5469160683383,6.44935869329149,1.38629436111989,0
15679,790.3,4,292.5,611.5,197.575,23.8548611111111,98,0.0282733528059097,4.093348992123,0,0,0,0,6.67367716261515,5.2911668625192,1.6094379124341,0
15680,4362.74,10,307.4,551.3,436.274,8.96111111111111,160,0.0130700817074969,4.76150615124366,43.1,2,-43.1,1,8.38108476680963,6.08056000090011,2.39789527279837,3.7864597824528
15681,2989.7,14,99.4285714285714,257.4,213.55,24.8472222222222,49,0.0398515629262815,3.52242972205565,509.5,2,-509.5,1,8.00326275269677,5.36854281143753,2.70805020110221,6.23539063760472
15682,318.24,2,111,128.1,159.12,598.930555555556,25,0.0433296553303097,3.17899836275736,1.25,1,-1.25,1,5.76594317100781,5.07592353412437,1.09861228866811,0.810930216216329
15683,524.54,2,166,197.5,262.27,117.0375,26,0.0429453791596985,3.20441081924676,0,0,0,0,6.26442630540305,5.57318012153756,1.09861228866811,0
15684,173.95,3,25.6666666666667,61.9,57.9833333333333,546.790972222222,9,0.148315755825141,2.04992868634696,26.15,3,-26.15,1,5.1645002188137,4.07725491812336,1.38629436111989,3.30137704637994
15685,55.98,1,36,36,55.98,450.004861111111,17,0.12953683376687,2.47458905276293,0,0,0,0,4.04270032906976,4.04270032906976,0.693147180559945,0
15686,90,1,72,72,90,420,1,1,0,0,0,0,0,4.51085950651685,4.51085950651685,0.693147180559945,0
15687,2993.1,9,145.555555555556,266.6,332.566666666667,8.17847222222222,120,0.0118979993008119,4.62671380919481,11.6,2,-11.6,1,8.0043989645554,5.8098427454283,2.30258509299405,2.53369681395743
15688,190.57,1,95,95,190.57,418.072222222222,26,0.0605324626480146,2.99285416024776,0,0,0,0,5.25525327707701,5.25525327707701,0.693147180559945,0
15689,521.03,3,69,116.3,173.676666666667,119.175694444444,19,0.0843915905958405,2.70572571949593,0,0,0,0,6.2577250574956,5.1629366459225,1.38629436111989,0
15690,241.2,2,204,204,120.6,3.86875,19,0.0789965594911017,2.76392402783931,0,0,0,0,5.48976383111899,4.80073696953207,1.09861228866811,0
15691,571.3,4,53,69.6,142.825,251.942361111111,12,0.109780148634265,2.32823143939802,59.5,1,-59.5,1,6.34966332941506,4.96859728274936,1.6094379124341,4.1026433650368
15692,191.04,1,138,138,191.04,27.9430555555556,12,0.0926894207216989,2.42326096725507,0,0,0,0,5.25770368366274,5.25770368366274,0.693147180559945,0
15693,37.5,1,30,30,37.5,658.925694444444,1,1,0,0,0,0,0,3.65065824129374,3.65065824129374,0.693147180559945,0
15694,10758.97,24,107.75,213,448.290416666667,0.129166666666667,65,0.0962495746842347,2.99827990507214,244.35,5,-244.35,1,9.2835880456078,6.10766948637316,3.2188758248682,5.50268576253591
15695,1130.09,4,121,188.3,282.5225,266.179166666667,55,0.0292473413375115,3.82761422365428,0,0,0,0,7.03093704854697,5.64729148509793,1.6094379124341,0
15696,3821.72,13,107.615384615385,239.4,293.978461538462,32.95,165,0.010530961266782,4.86660228726369,107.15,8,-149.1,0.718645204560697,8.24871749010389,5.6869023419403,2.63905732961526,4.68351915239907
15697,246.75,1,127,127,246.75,689.152777777778,14,0.0770462209329182,2.60118132440859,0,0,0,0,5.5124201732101,5.5124201732101,0.693147180559945,0
15698,46.2,1,60,60,46.2,623.8,2,0.561477483555406,0.630343486945382,0,0,0,0,3.85439389259151,3.85439389259151,0.693147180559945,0
15699,297.7,1,113,113,297.7,17.1833333333333,18,0.0575990758394133,2.87218659632574,0,0,0,0,5.69943972522206,5.69943972522206,0.693147180559945,0
15700,696.68,2,178.5,337.35,348.34,171.872916666667,85,0.0184182778403598,4.22426721993282,32.65,1,-32.65,1,6.54776054491873,5.85604566000025,1.09861228866811,3.51601305609074
15701,1531.81,4,230.75,446.75,382.9525,1.92430555555556,193,0.00912847214251096,4.93701536475215,0,0,0,0,7.33485793120367,5.95051884701984,1.6094379124341,0
15702,130.57,2,51.5,96.95,65.285,475.958333333333,30,0.0657073797628087,2.98813642764776,0,0,0,0,4.87953902937775,4.19396362725081,1.09861228866811,0
15703,211.5,1,66,66,211.5,264.082638888889,5,0.322641718223429,1.35470258935061,0,0,0,0,5.35894198836447,5.35894198836447,0.693147180559945,0
15704,3817.96,6,287.166666666667,447.5,636.326666666667,140.010416666667,134,0.0209136443258671,4.32266980256531,73.78,2,-73.78,1,8.2477334132246,6.45728234463748,1.94591014905531,4.31455046954897
15705,143.1,1,62,62,143.1,200.925694444444,6,0.243753543504345,1.61258875184039,0,0,0,0,4.97050750300548,4.97050750300548,0.693147180559945,0
15706,1060.56,4,80.25,155.35,265.14,63.1534722222222,50,0.0318914063023254,3.73068477064683,58.75,3,-58.75,1,6.967494803333,5.5840224861156,1.6094379124341,4.09016919081162
15707,945.58,4,151.25,225.7,236.395,34.9270833333333,127,0.0172750333944422,4.45973364939793,0,0,0,0,6.85285548900047,5.46972542045419,1.6094379124341,0
15708,4378.72,9,186.111111111111,292,486.524444444444,40.0805555555556,136,0.0163353638166189,4.45273203325123,54.74,5,-54.74,1,8.38474007438644,6.18934043163095,2.30258509299405,4.0206980220538
15709,327.85,2,84.5,117.35,163.925,283.091666666667,26,0.0676293566611665,2.8787929064314,0,0,0,0,5.79560171974736,5.10549082510893,1.09861228866811,0
15710,898.87,1,641,641,898.87,416.864583333333,110,0.0164724877857241,4.38562979376662,0,0,0,0,6.80225030844676,6.80225030844676,0.693147180559945,0
15711,420.25,2,99.5,153.95,210.125,556.066666666667,25,0.0425694742053557,3.1908624670724,0,0,0,0,6.04322648166657,5.35245037512796,1.09861228866811,0
15712,3472.41,12,106.416666666667,188.4,289.3675,8.94513888888889,96,0.0191269797624156,4.27058556400042,4.95,1,-4.95,1,8.15289209933231,5.67114736208718,2.56494935746154,1.78339121955754
15713,1010.79,4,127.5,195.35,252.6975,143.011111111111,48,0.0440512436359422,3.58235497381445,24.8,2,-24.8,1,6.91947631843283,5.53614261239823,1.6094379124341,3.25037449192757
15714,784.81,5,72.4,114.4,156.962,11.0583333333333,45,0.0628985173550092,3.13488369509661,0,0,0,0,6.66671503292783,5.06235449777157,1.79175946922805,0
15715,658.02,5,49.2,150.6,131.604,555.1625,34,0.0356162155905784,3.43047736893147,0,0,0,0,6.49075388305564,4.8873672432093,1.79175946922805,0
15716,3050.96,11,165.545454545455,505.5,277.36,145.077083333333,189,0.0203219795709644,4.48072017262492,0,0,0,0,8.02353928615857,5.62891523997665,2.484906649788,0
15717,607,5,44.8,68,121.4,234.020138888889,17,0.130058976954748,2.44022383578335,0,0,0,0,6.41017488196617,4.80729437007823,1.79175946922805,0
15718,293.79,1,95,95,293.79,539.895833333333,18,0.0591571430328994,2.86139082474815,0,0,0,0,5.68626323843726,5.68626323843726,0.693147180559945,0
15719,10224.08,31,173.161290322581,273.5,329.809032258065,32.0145833333333,479,0.00766517335198753,5.45465446846223,88.7,8,-88.7,1,9.23259880484128,5.80154126706355,3.46573590279973,4.49647076906475
15720,741.92,2,164.5,269.35,370.96,23.9180555555556,152,0.0167313973387492,4.58727092430161,0,0,0,0,6.61058836731914,5.91878632161,1.09861228866811,0
15721,524.08,1,409,409,524.08,11.025,80,0.0389261828408275,3.81475600043068,0,0,0,0,6.26355063193521,6.26355063193521,0.693147180559945,0
15722,5235.15,11,206.454545454545,453,475.922727272727,35.0465277777778,91,0.0314068783558933,3.8391918042427,138.05,4,-138.05,1,8.56334177444221,6.16735448043355,2.484906649788,4.93483358067997
15723,947.65,4,111,152.15,236.9125,364.068055555556,108,0.0301865435031079,4.01724504530048,0,0,0,0,6.85503992131014,5.4719029590139,1.6094379124341,0
15724,310.85,3,39,43.8,103.616666666667,200.965277777778,17,0.0676942634138976,2.763956850706,11.05,2,-11.05,1,5.74252230297213,4.65030287609543,1.38629436111989,2.48906465993666
15725,415.25,1,221,221,415.25,14.9159722222222,32,0.0383159897655641,3.35993600400663,0,0,0,0,6.03128604129465,6.03128604129465,0.693147180559945,0
15726,321.91,1,123,123,321.91,389.859722222222,23,0.0515324476607151,3.04192811582498,0,0,0,0,5.77737364662504,5.77737364662504,0.693147180559945,0
15727,8465.43,15,396.133333333333,846.4,564.362,16.0097222222222,446,0.00572189410794534,5.63516804788134,0,0,0,0,9.04386421119193,6.33746623394532,2.77258872223978,0
15728,544.6,2,66,75,272.3,379.090972222222,10,0.166082806263047,2.03419434167053,134.8,1,-134.8,1,6.30188610652925,5.61057009293402,1.09861228866811,4.9111832151246
15729,192.55,3,15.6666666666667,26.5,64.1833333333333,212.051388888889,10,0.108532918737919,2.26556383096697,37.85,2,-37.85,1,5.26553587702366,4.17720381253341,1.38629436111989,3.65970807681366
15730,1726.58,5,212.2,291.2,345.316,65.0548611111111,102,0.0117777024128683,4.54145186890671,18.4,2,-18.4,1,7.45447686426566,5.84735165305547,1.79175946922805,2.96527306606928
15731,125.3,1,122,122,125.3,553.152777777778,8,0.135515783667482,2.04110871742365,0,0,0,0,4.83866002935645,4.83866002935645,0.693147180559945,0
15732,1682.07,10,136.1,321.8,168.207,211.976388888889,61,0.0292606877075311,3.83094231372864,44.55,2,-44.55,1,7.4283747857204,5.13112281747475,2.39789527279837,3.81881062370597
15733,162.3,1,62,62,162.3,282.15625,10,0.101556529691598,2.29460433397118,0,0,0,0,5.09558899997642,5.09558899997642,0.693147180559945,0
15734,1986.3,4,129,201,496.575,114.125,36,0.154888188491306,2.70059929040974,0,0,0,0,7.59453221253424,6.20974629900528,1.6094379124341,0
15735,327.68,1,206,206,327.68,421.008333333333,19,0.0573315676301718,2.90092651517336,0,0,0,0,5.79508463306299,5.79508463306299,0.693147180559945,0
15736,1826.52,2,634,1110.1,913.26,434.979166666667,95,0.0128922030763555,4.45162664143323,98.45,1,-98.45,1,7.5107151354765,6.81811499489694,1.09861228866811,4.59965500529998
15737,1205.12,8,74.875,219.5,150.64,14.0618055555556,60,0.0213973848715916,3.97829570775038,83.91,4,-83.91,1,7.09516387482465,5.02150929064813,2.19722457733622,4.44159187201127
15738,13332.65,41,221.780487804878,375,325.186585365854,18.1833333333333,97,0.0368729340146999,3.82732510721033,30.85,4,-30.85,1,9.49804619414594,5.78746956538622,3.73766961828337,3.46103738201817
15739,409.52,1,400,400,409.52,66.0055555555556,8,0.156906759960756,1.95961017878202,0,0,0,0,6.01742464877751,6.01742464877751,0.693147180559945,0
15740,154.88,1,152,152,154.88,48.9729166666667,9,0.12549325043969,2.12934832702326,0,0,0,0,5.04908648047051,5.04908648047051,0.693147180559945,0
15741,208.62,2,35,51.2,104.31,457.895138888889,11,0.120973957435949,2.279602245057,0,0,0,0,5.34529636774203,4.65690838139251,1.09861228866811,0
15742,156.87,1,51,51,156.87,618.934027777778,41,0.0424205358987517,3.41950613675886,0,0,0,0,5.06177190954364,5.06177190954364,0.693147180559945,0
15743,784.46,4,54,84.85,196.115,15.8131944444444,59,0.0256902259439091,3.82018112541985,0,0,0,0,6.66626953342006,5.28378731476371,1.6094379124341,0
15744,34.8,1,120,120,34.8,77.1652777777778,3,0.36,1.05492016798614,0,0,0,0,3.57794789340665,3.57794789340665,0.693147180559945,0
15745,1094.59,4,105.25,125.35,273.6475,18.9618055555556,57,0.0258909783008218,3.88504281202006,23.35,2,-23.35,1,6.9990483099285,5.61548845725312,1.6094379124341,3.1925318495286
15746,196.88,1,178,178,196.88,133.936805555556,28,0.0519547546355408,3.11879496524162,13.92,1,-13.92,1,5.28766078635951,5.28766078635951,0.693147180559945,2.70270259477561
15747,2562.61,9,152.222222222222,202.6,284.734444444444,12.0166666666667,119,0.0486909958033673,3.94779560252934,1.95,1,-1.95,1,7.84917170038701,5.6550628635534,2.30258509299405,1.08180517035173
15748,469.86,3,64.3333333333333,121.2,156.62,39.9993055555556,34,0.296860074999604,2.22638049740904,0,0,0,0,6.1545608099168,5.0601870729255,1.38629436111989,0
15749,3652.8,3,400,576,1217.6,235.020833333333,5,0.267546203643107,1.46874751619866,1896,1,-22998.4,0.0824405176012244,8.20352300090247,7.10545793781439,1.38629436111989,7.54802896993501
15750,6775.45,18,255.166666666667,587.25,376.413888888889,2.01111111111111,403,0.0068289708444582,5.46175027577834,104.64,6,-104.64,1,8.82120864498865,5.93334243376468,2.94443897916644,4.66003708742893
15751,1375.54,11,40.2727272727273,93.5,125.049090909091,460.045833333333,90,0.0235834880229241,4.13420294667506,56.7,3,-61.6,0.920454545454546,7.22732838336859,4.83667144146267,2.484906649788,4.05525717351405
15752,4205.71,9,329.666666666667,448.8,467.301111111111,39.0506944444444,361,0.00611868777015218,5.46161374214447,8.45,1,-8.45,1,8.34443614848339,6.14911148883479,2.30258509299405,2.24601474150565
15753,66,1,120,120,66,304.00625,1,1,0,0,0,0,0,4.20469261939097,4.20469261939097,0.693147180559945,0
15754,2953.71,9,195.777777777778,624.6,328.19,50.9652777777778,117,0.014760353204909,4.52935035451659,35.75,3,-35.75,1,7.99115578627639,5.79663509167082,2.30258509299405,3.60413822565885
15755,5993.12,17,237.294117647059,357.2,352.536470588235,9.91180555555556,289,0.00508188413350349,5.49073739130434,56.17,3,-56.17,1,8.69853426769623,5.86798664999584,2.89037175789616,4.04602928527588
15756,532.96,4,60.5,72.9,133.24,61.0138888888889,160,0.0102217834569158,4.81361369758236,0,0,0,0,6.28032092978753,4.8996292427189,1.6094379124341,0
15757,2940.36,6,292.833333333333,589.5,490.06,65.0666666666667,163,0.00981533733882334,4.89585490013151,0,0,0,0,7.98662733840727,6.19656631992143,1.94591014905531,0
15758,205.25,1,47,47,205.25,24.0847222222222,9,0.122437240464601,2.14675066195364,0,0,0,0,5.32908902521479,5.32908902521479,0.693147180559945,0
15759,795.65,7,50.7142857142857,128.1,113.664285714286,217.942361111111,10,0.484382775127856,1.23952814527239,19.95,3,-19.95,1,6.68041543553652,4.74200860437011,2.07944154167984,3.04213864636815
15760,36,2,1,1,18,630.045138888889,1,1,0,54,3,-19712.21,0.00273941886779818,3.61091791264422,2.94443897916644,1.09861228866811,4.00733318523247
15761,143.05,1,31,31,143.05,442.178472222222,5,0.223328199346122,1.54933538406889,0,0,0,0,4.97016046153054,4.97016046153054,0.693147180559945,0
15762,583.75,2,125.5,144.85,291.875,64.8993055555556,37,0.0289669703653096,3.57203815401767,0,0,0,0,6.37118440546429,5.67974589682796,1.09861228866811,0
15763,1043.02,2,135.5,181.85,521.51,31.1291666666667,58,0.0192857045349975,4.00909785614008,38.25,1,-38.25,1,6.95083392534721,6.2586441224118,1.09861228866811,3.66995144422842
15764,4414.33,8,368.125,995.6,551.79125,87.8277777777778,194,0.00709207793151458,5.11941931026416,49.8,6,-49.8,1,8.39283785543164,6.31498044381878,2.19722457733622,3.92789635458444
15765,370.63,1,335,335,370.63,666.100694444444,25,0.0434570123648452,3.17633694832238,0,0,0,0,5.91789873565089,5.91789873565089,0.693147180559945,0
15766,831.06,3,111.333333333333,161.4,277.02,63.8659722222222,21,0.0809802279018722,2.73032003798251,31.4,1,-31.4,1,6.72390455360563,5.62769305354895,1.38629436111989,3.47815842279828
15768,15252.49,34,125.264705882353,260.5,448.602647058824,115.126388888889,449,0.0181267693106882,4.74750287085177,19.63,2,-41.63,0.471534950756666,9.63256360831184,6.1083641861485,3.55534806148941,3.02674632708316
15769,45619.32,46,535.217391304348,1118,991.724347826087,6.95694444444444,32,0.0604505448153896,3.02520685100271,3368.34,5,-4434.94,0.759500692230335,10.7281085102811,6.90045303016715,3.85014760171006,8.1224721584688
15770,321.45,1,67,67,321.45,612.085416666667,18,0.0567154910157957,2.8792233540129,0,0,0,0,5.77594808545639,5.77594808545639,0.693147180559945,0
15771,1006.54,3,170.666666666667,261.3,335.513333333333,603.995833333333,26,0.187033234186166,2.4789116709445,0,0,0,0,6.91526699526598,5.81863777187582,1.38629436111989,0
15772,280.88,1,110,110,280.88,418.011805555556,16,0.068525053416771,2.72826408477233,0,0,0,0,5.64148144845882,5.64148144845882,0.693147180559945,0
15773,693.16,2,193,277.6,346.58,5.00138888888889,46,0.353157874496168,2.03131362888113,0,0,0,0,6.54270248148523,5.85099485433659,1.09861228866811,0
15774,1329.94,6,78.8333333333333,120.75,221.656666666667,68.0736111111111,88,0.0286092856232642,4.06160984793315,5.74,1,-5.74,1,7.19364073849097,5.4056309736804,1.94591014905531,1.90805992492422
15775,148.34,2,118,163,74.17,245.0375,9,0.116977786383594,2.17170236407978,0,0,0,0,5.00622558560756,4.31975221518938,1.09861228866811,0
15776,242.34,1,138,138,242.34,133.002777777778,18,0.06247503051133,2.83151122505176,0,0,0,0,5.4944596423593,5.4944596423593,0.693147180559945,0
15777,1762.61,7,85.5714285714286,133.2,251.801428571429,240.879861111111,29,0.109009202985775,2.65117044721423,30.45,2,-30.45,1,7.47511812368771,5.53260431325131,2.07944154167984,3.44839898314645
15778,307.95,1,101,101,307.95,430.944444444444,17,0.0602311990887369,2.82121075078327,0,0,0,0,5.73317945150699,5.73317945150699,0.693147180559945,0
15779,124.08,2,10,10,62.04,462.881944444444,8,0.130001972480058,2.06028031216241,0,0,0,0,4.82895353258964,4.14376944554962,1.09861228866811,0
15780,475.28,3,73.3333333333333,120.8,158.426666666667,183.075694444444,26,0.0433045256558481,3.19506522870454,0,0,0,0,6.16600591658297,5.07158404638327,1.38629436111989,0
15781,345.46,3,60,106.3,115.153333333333,24.9118055555556,20,0.0551299599681293,2.94961307416837,11.9,1,-11.9,1,5.84776737185079,4.75491115732665,1.38629436111989,2.55722731136763
15782,3918.42,4,437,881.6,979.605,9.08402777777778,51,0.0340865845380988,3.65016507078378,25.65,2,-28.45,0.901581722319859,8.27369896265379,6.88816972812316,1.6094379124341,3.28278915061185
15783,248.22,1,212,212,248.22,10.125,14,0.0787393949375277,2.59194785364676,0,0,0,0,5.51833604051472,5.51833604051472,0.693147180559945,0
15784,848.33,2,190.5,230.55,424.165,467.133333333333,39,0.0360897606640717,3.4952574359628,0,0,0,0,6.74444780336946,6.05247732887471,1.09861228866811,0
15785,5926.03,16,279.9375,598.75,370.376875,32.0534722222222,110,0.0168320305334038,4.35508929513125,144.6,10,-144.6,1,8.68727852335762,5.91721738257514,2.83321334405622,4.98086313576259
15786,8383.97,5,1196.2,2168.4,1676.794,45.9840277777778,376,0.00378976427091805,5.75813683122317,121.97,4,-121.97,1,9.03419609643338,7.42523511429423,1.79175946922805,4.81194042318436
15787,948.27,3,180,276.9,316.09,25.9131944444444,157,0.0121584511244517,4.66844165744797,0,0,0,0,6.85569326815517,5.75918564525391,1.38629436111989,0
15788,221.83,1,115,115,221.83,508.043055555556,14,0.0787009165393211,2.59173602853636,6.3,1,-6.3,1,5.40640914889888,5.40640914889888,0.693147180559945,1.98787434815435
15789,1969.87,6,416.5,810.5,328.311666666667,357.927083333333,111,0.0116330494347502,4.58017970902303,30,1,-30,1,7.58623034861018,5.79700461744185,1.94591014905531,3.43398720448515
15790,220.85,1,114,114,220.85,9.91458333333333,34,0.0476385221873892,3.24474351226746,0,0,0,0,5.40200147782492,5.40200147782492,0.693147180559945,0
15791,3608.34,5,394,594,721.668,43.15,130,0.0140665092475473,4.60611393787928,66.55,4,-66.55,1,8.19128020912755,6.58294991890818,1.79175946922805,4.21286806440621
15792,933.84,2,303,339.9,466.92,399.186805555556,57,0.0194457339012257,3.99025915228688,0,0,0,0,6.84037539165082,6.14829734113477,1.09861228866811,0
15793,2237.89,8,187.625,241.8,279.73625,14.1381944444444,13,0.174076804989409,1.99036702280489,16.65,1,-16.65,1,7.7137354863164,5.63741561646193,2.19722457733622,2.87073578337931
15794,777,2,144,237.6,388.5,735.990277777778,15,0.113428765224132,2.35767200402501,0,0,0,0,6.65672652417839,5.9648638653108,1.09861228866811,0
15795,1980.59,8,176.375,471.45,247.57375,149.129861111111,111,0.0121662422855971,4.56959166570205,0,0,0,0,7.59165483173529,5.51573958219011,2.19722457733622,0
15796,5157.93,17,102.058823529412,174.4,303.407647058824,0.704861111111111,144,0.0186062006743727,4.37139670549348,131.88,5,-155.88,0.846035411855273,8.54848447263157,5.71836774741582,2.89037175789616,4.88944646530504
15797,2575,6,190.833333333333,433,429.166666666667,112.865277777778,12,0.101181164671505,2.3596575977768,0,0,0,0,7.85399308722424,6.06417273049056,1.94591014905531,0
15798,1535.37,3,305,504.6,511.79,492.192361111111,71,0.0185759733933609,4.13254557935765,0,0,0,0,7.33717777011605,6.23986640463629,1.38629436111989,0
15799,1446.09,4,335.5,411.65,361.5225,75.0444444444445,143,0.0126698436907358,4.65505878217277,0,0,0,0,7.2773099223476,5.89308654133405,1.6094379124341,0
15800,1242.58,7,84,191.3,177.511428571429,106.977083333333,200,0.0147392118346174,4.75781558252412,0,0,0,0,7.12574959571369,5.18465262478039,2.07944154167984,0
15801,1063.95,3,190,426.4,354.65,45.9986111111111,61,0.0185519351534856,4.04862584051318,21.76,1,-21.76,1,6.97068312868461,5.87394710117952,1.38629436111989,3.12500460925813
15802,18,1,1,1,18,142.091666666667,1,1,0,36,2,-902.84,0.0398741748261043,2.94443897916644,2.94443897916644,0.693147180559945,3.61091791264422
15803,1929.66,4,257.5,424.3,482.415,50.9541666666667,49,0.0319799702585526,3.66167623808253,0,0,0,0,7.56561719235281,6.18087549799069,1.6094379124341,0
15804,3997.13,13,197.461538461538,344.8,307.471538461538,0.0131944444444444,170,0.00983523099949589,4.89453008163244,143.84,6,-357.84,0.401967359713839,8.29358203078983,5.73162958126621,2.63905732961526,4.97562968489744
15805,10190.43,30,207.5,469.1,339.681,22.8458333333333,353,0.00552111336186847,5.53730091808751,480.31,10,-480.31,1,9.22930245003137,5.83094655557443,3.43398720448515,6.17651155315535
15806,784.58,3,200.666666666667,265.5,261.526666666667,45.96875,24,0.0843299903766385,2.79864050714336,0,0,0,0,6.66642229846772,5.57035266417363,1.38629436111989,0
15807,1746.96,5,239.2,394.4,349.392,49.9861111111111,85,0.0139169800006677,4.35613502628434,9.95,1,-9.95,1,7.46620467265846,5.85905252775138,1.79175946922805,2.39333945626251
15808,18386.03,21,344.238095238095,673,875.525238095238,305.928472222222,364,0.0144568448150437,4.94541071499604,161.1,3,-161.1,1,9.81940080374005,6.77596549812272,3.09104245335832,5.08821342874163
15809,980.64,7,96.5714285714286,240.8,140.091428571429,35.8402777777778,51,0.0290058650167853,3.75252942738659,134.56,2,-411.56,0.326951112838954,6.8892246423627,4.94940810982314,2.07944154167984,4.90941434673885
15810,2999.04,8,206.625,309.9,374.88,78.175,112,0.0170143311407737,4.42546707082681,274.24,5,-274.24,1,8.00638090089469,5.92926994351486,2.19722457733622,5.61764344433428
15811,3890.52,7,274.571428571429,622.5,555.788571428571,21.8881944444444,205,0.00869342509821641,5.02197544918774,47.3,3,-47.3,1,8.26655510579264,6.322185583358,2.07944154167984,3.87743156065853
15812,4310.4,12,193.5,347.7,359.2,106.979861111111,89,0.134038592830882,2.83281580093616,15.3,1,-15.3,1,8.36901795633933,5.88665943274186,2.56494935746154,2.79116510781272
15813,1303.91,2,301.5,362.25,651.955,207.234027777778,40,0.0511605084168436,3.30949477304285,0,0,0,0,7.17388935186132,6.48150821419127,1.09861228866811,0
15814,2620.33,6,288,486.75,436.721666666667,16.1895833333333,83,0.0268804512406668,4.02649768357395,102.6,2,-102.6,1,7.87143710154059,6.08158324415212,1.94591014905531,4.64053732982538
15815,1956.12,5,342.4,473.2,391.224,63.0472222222222,33,0.0754581441619011,2.9202119552928,0,0,0,0,7.57922928386059,5.97183310515875,1.79175946922805,0
15816,144.15,2,27,35.1,72.075,542.009722222222,11,0.193048729325652,1.97400413946106,50.85,1,-50.85,1,4.97776769047064,4.29148631099731,1.09861228866811,3.94835493467554
15817,2765.93,3,532,734.7,921.976666666667,420.113194444444,132,0.0104288124078478,4.72221714596736,0,0,0,0,7.92549368131007,6.82760395429888,1.38629436111989,0
15818,340.5,1,284,284,340.5,588.036111111111,11,0.241757888222597,1.84365542473402,0,0,0,0,5.83334767901084,5.83334767901084,0.693147180559945,0
15819,3934.79,10,292.8,482.85,393.479,48.9583333333333,185,0.0081342716249598,5.02530383126508,23.51,1,-23.51,1,8.27786690309025,5.9775659069299,2.39789527279837,3.19908119754002
15820,206.98,1,128,128,206.98,319.034722222222,17,0.22106617983016,2.08797574904512,0,0,0,0,5.33744192123209,5.33744192123209,0.693147180559945,0
15821,570.96,2,101,107.3,285.48,43.9180555555556,57,0.0271666321974603,3.79722933914191,0,0,0,0,6.34906905886465,5.65766872569018,1.09861228866811,0
15822,1840.06,6,158.333333333333,271.25,306.676666666667,2.91666666666667,46,0.0347682875227284,3.55582356898392,62.15,2,-62.15,1,7.51809677168516,5.7290494480151,1.94591014905531,4.1455128487965
15823,3853.27,3,591.666666666667,1576.5,1284.42333333333,371.904166666667,155,0.00890085430349451,4.89344423269734,855.41,3,-863.31,0.990849173529786,8.25693690360398,7.15884338535788,1.38629436111989,6.7527492334339
15824,890.94,2,239,367.7,445.47,453.020833333333,25,0.0614536994944036,3.00592449238361,0,0,0,0,6.79339886574366,6.10137220880953,1.09861228866811,0
15825,319.9,1,220,220,319.9,172.015972222222,20,0.0875229315663177,2.6807958447074,0,0,0,0,5.77112954811581,5.77112954811581,0.693147180559945,0
15826,2598.28,4,456,805.05,649.57,55.90625,102,0.0158156621439587,4.40543853258683,15.15,2,-15.15,1,7.86298976258237,6.4778489016942,1.6094379124341,2.78192004966867
15827,3794.07,28,65.1428571428571,136.6,135.5025,72.9270833333333,130,0.0128792163661242,4.61768917217638,363.11,14,-363.11,1,8.24145813498241,4.91634292947561,3.36729582998647,5.89745601978638
15828,1108.82,1,367,367,1108.82,374.839583333333,74,0.0200530390546677,4.10121858117137,0,0,0,0,7.01195311899451,7.01195311899451,0.693147180559945,0
15829,645.26,2,498,568.2,322.63,98.8784722222222,44,0.0278867983479035,3.67311815940676,0,0,0,0,6.47120189959073,5.77960088793304,1.09861228866811,0
15830,576,1,415,415,576,37.0902777777778,39,0.029837729070216,3.58080804690261,28.3,1,-28.3,1,6.3578422665081,6.3578422665081,0.693147180559945,3.37758751602302
15831,760.4,3,312.333333333333,407,253.466666666667,58.025,63,0.0343015968505183,3.7027284204866,54,1,-54,1,6.6351588439484,5.53916985164302,1.38629436111989,4.00733318523247
15832,836.79,1,465,465,836.79,253.93125,54,0.0196502195666834,3.95958936367051,0,0,0,0,6.73076747241878,6.73076747241878,0.693147180559945,0
15833,80.4,1,24,24,80.4,737.035416666667,5,0.206525673869459,1.59273846680691,0,0,0,0,4.39937527300849,4.39937527300849,0.693147180559945,0
15834,3559.19,7,259.857142857143,577.4,508.455714285714,69.9645833333333,333,0.00515910542449778,5.50327133116558,65.7,2,-172.7,0.380428488708744,8.17756919320842,6.23334292893549,2.07944154167984,4.20020495292158
15835,954.09,4,109.75,147.65,238.5225,43.91875,47,0.0264461584583236,3.74430011176459,0,0,0,0,6.86180557687804,5.4786473581586,1.6094379124341,0
15836,130.37,1,26,26,130.37,49.8590277777778,10,0.104395606561553,2.28104603637176,19.9,1,-19.9,1,4.87801776948142,4.87801776948142,0.693147180559945,3.03974915897077
15837,777.01,2,202.5,214.65,388.505,64.2006944444445,52,0.0212456912618629,3.89820397674275,0,0,0,0,6.65673937756622,5.96487670219889,1.09861228866811,0
15838,30515.08,34,510.470588235294,1888.8,897.502352941176,10.9513888888889,63,0.0385602393401672,3.64018373208033,247.69,4,-758.89,0.326384588016709,10.3260090367823,6.80072932496384,3.55534806148941,5.5162071409137
15839,1057.85,3,225,298.8,352.616666666667,32.9555555555556,56,0.0214989792348889,3.93891550353507,27.75,2,-27.75,1,6.96493869250959,5.86821346389102,1.38629436111989,3.35863776724336
15840,356.28,2,198,250.2,178.14,58.1958333333333,26,0.0494001098435565,3.13123682561619,9.9,1,-9.9,1,5.87851978809185,5.18816762304705,1.09861228866811,2.3887627892351
15841,2721.77,9,257.666666666667,371.4,302.418888888889,72.0659722222222,71,0.0324782013467662,3.81391680715535,25.91,3,-25.91,1,7.90940502344346,5.71511432235585,2.30258509299405,3.29249796473881
15842,548.8,2,148,217.3,274.4,392.945833333333,24,0.0559161407821146,3.04774177136856,20.05,1,-20.05,1,6.30955457573114,5.61822458629455,1.09861228866811,3.04690056012839
15843,118.95,1,27,27,118.95,303.104861111111,8,0.128076851517614,2.06727490672266,0,0,0,0,4.7870749892857,4.7870749892857,0.693147180559945,0
15844,130.74,1,134,134,130.74,45.9381944444444,11,0.103648009779191,2.33657343072821,0,0,0,0,4.88083028321255,4.88083028321255,0.693147180559945,0
15845,4426.28,11,193.454545454545,356,402.389090909091,17.1305555555556,130,0.0156006674903654,4.54868426927919,152.63,3,-152.63,1,8.39554067898143,5.99990158229151,2.484906649788,5.03454711414257
15846,107.01,1,79,79,107.01,384.923611111111,27,0.0482317476842328,3.15050886720261,0,0,0,0,4.68222381543038,4.68222381543038,0.693147180559945,0
15847,787.29,5,95,164.2,157.458,37.9229166666667,39,0.0390913067888839,3.47034872280126,0,0,0,0,6.66986604245959,5.06548957397568,1.79175946922805,0
15848,139.94,1,46,46,139.94,621.122222222222,34,0.0478087558666857,3.28573371097159,0,0,0,0,4.94833426789888,4.94833426789888,0.693147180559945,0
15850,1083.26,6,229.833333333333,694.25,180.543333333333,18.9416666666667,271,0.00676726330499319,5.26837529408386,0,0,0,0,6.98865300563813,5.20149437635623,1.94591014905531,0
15851,109.73,1,67,67,109.73,526.052777777778,8,0.250106113255514,1.63827561841047,0,0,0,0,4.70709480571002,4.70709480571002,0.693147180559945,0
15852,257.26,3,20,35.4,85.7533333333333,186.102777777778,31,0.0951271779034921,2.76898377485002,0,0,0,0,5.55396682941851,4.4630688426805,1.38629436111989,0
15853,110.8,1,135,135,110.8,51.1333333333333,29,0.0635952345267109,2.98587724031642,0,0,0,0,4.716711560721,4.716711560721,0.693147180559945,0
15854,5584.81,21,81.1428571428571,131,265.943333333333,3.96597222222222,170,0.145910416750011,2.86105581590968,0,0,0,0,8.6279847323212,5.58703640116866,3.09104245335832,0
15855,1052.72,6,118.666666666667,219.25,175.453333333333,136.145833333333,72,0.0274817443585366,3.89986172356096,0,0,0,0,6.9600820391599,5.17305644103569,1.94591014905531,0
15856,33976.68,52,389.538461538462,657.2,653.397692307692,3.82013888888889,398,0.0227196053975994,4.57918061399162,402.9,6,-402.9,1,10.4334591174389,6.48371525885764,3.97029191355212,6.00116732256937
15857,570.48,2,292,306.4,285.24,18.0222222222222,21,0.0982225804048014,2.69727566764664,0,0,0,0,6.34822948699696,5.65683061976041,1.09861228866811,0
15858,3958.53,13,224.538461538462,497.2,304.502307692308,15.0013888888889,285,0.0115099385992068,5.02232555660305,42.5,2,-42.5,1,8.28388061033599,5.72195733240409,2.63905732961526,3.77276093809464
15859,436.56,1,174,174,436.56,432.040277777778,22,0.0570609109170069,2.98485411829406,0,0,0,0,6.08121383925159,6.08121383925159,0.693147180559945,0
15860,2524.65,17,78.9411764705882,190.8,148.508823529412,40.0590277777778,252,0.0117715855834525,4.96895710086587,0,0,0,0,7.83425373432371,5.00735541135274,2.89037175789616,0
15861,4269.74,12,321.666666666667,524.65,355.811666666667,11.86875,482,0.00454106085507774,5.79040600212384,36.8,3,-183.8,0.200217627856366,8.35954239331532,5.87720809822809,2.56494935746154,3.63230910262554
15862,2916.65,13,129.230769230769,240.2,224.357692307692,7.97361111111111,419,0.00578428562462643,5.56427715208642,0,0,0,0,7.97853377672081,5.41768888348947,2.63905732961526,0
15863,358.7,5,32.8,82.2,71.74,25.0006944444444,74,0.0248995190559348,3.9847846172142,0,0,0,0,5.88527035070158,4.28689143955884,1.79175946922805,0
15864,2014.92,7,188.285714285714,286.6,287.845714285714,21.9708333333333,18,0.109493270922126,2.42351443530854,141.1,2,-166.54,0.84724390536808,7.6088309458642,5.66589268495506,2.07944154167984,4.95653103510305
15865,2237.72,5,229.4,465.4,447.544,40.0048611111111,119,0.0149644237921161,4.51256019612757,0,0,0,0,7.71365955295013,6.10600678148065,1.79175946922805,0
15866,230.53,1,126,126,230.53,100.986805555556,43,0.0492153830813546,3.39871797579403,0,0,0,0,5.44470945476311,5.44470945476311,0.693147180559945,0
15867,9062.94,31,165.774193548387,324,292.352903225806,4.97083333333333,572,0.00890694029700107,5.50084171091151,89.1,4,-89.1,1,9.11205918309193,5.68137633212128,3.46573590279973,4.50092016461429
15868,94.53,1,57,57,94.53,582.985416666667,4,0.382001915437725,1.15825448218719,0,0,0,0,4.55944033428192,4.55944033428192,0.693147180559945,0
15869,323.66,3,91.3333333333333,116.1,107.886666666667,276.810416666667,29,0.054668121865708,3.11327062701489,0,0,0,0,5.7827784808827,4.69030758595688,1.38629436111989,0
15870,818.71,4,127,295.85,204.6775,32.0777777777778,127,0.0178967765294466,4.41858224299507,0,0,0,0,6.70895061916978,5.32630940808019,1.6094379124341,0
15871,33.1,1,5,5,33.1,436.981944444444,5,0.242531557762342,1.47375803727173,0,0,0,0,3.52929738428947,3.52929738428947,0.693147180559945,0
15872,795.93,4,126.5,218.65,198.9825,14.0381944444444,163,0.0161604494540873,4.61376183816225,0,0,0,0,6.68076684557289,5.29822986271969,1.6094379124341,0
15873,211.2,4,180,240,52.8,499.047916666667,3,0.334387913223141,1.09703792934415,126,1,-175.68,0.717213114754098,5.35752922617988,3.98527346716774,1.6094379124341,4.84418708645859
15874,9914.46,21,239.142857142857,835,472.117142857143,63.0548611111111,267,0.00946245341870292,5.09999659399338,149.76,4,-149.76,1,9.2018504342297,6.15934301714685,3.09104245335832,5.01568916839893
15875,111.72,1,76,76,111.72,645.832638888889,18,0.0839428983947773,2.62455873789367,0,0,0,0,4.72490686759043,4.72490686759043,0.693147180559945,0
15876,1066.34,2,311,374.9,533.17,408.786111111111,11,0.106474222389158,2.31734045418813,0,0,0,0,6.97292485096523,6.28071414035686,1.09861228866811,0
15877,493.36,2,185.5,194.95,246.68,1.03958333333333,122,0.0301522813854973,4.113893398351,52.5,1,-52.5,1,6.20326399672153,5.51213759040136,1.09861228866811,3.97968165390196
15878,330.77,2,121.5,166.95,165.385,561.064583333333,47,0.066653899624552,3.29089948677757,0,0,0,0,5.80444195775538,5.1143043800931,1.09861228866811,0
15879,1077.6,4,160.75,341.9,269.4,403.853472222222,172,0.0154968520397,4.64038972727698,0,0,0,0,6.98341918290313,5.59990234416881,1.6094379124341,0
15880,686.56,1,422,422,686.56,368.993055555556,95,0.023241823461233,4.19756621946415,60,1,-60,1,6.53314909845996,6.53314909845996,0.693147180559945,4.11087386417331
15881,501.39,5,52,134.2,100.278,311.827083333333,26,0.147024026551885,2.37354760200868,63.15,3,-63.15,1,6.21937671049729,4.6178692109655,1.79175946922805,4.16122409106165
15882,1496.46,8,101.75,196.3,187.0575,198.09375,50,0.0549050592359312,3.22173299216738,47.07,2,-47.07,1,7.31152561844755,5.23674776713088,2.19722457733622,3.87265828190587
15883,396.48,2,111.5,147.05,198.24,1.82291666666667,42,0.0446257982269801,3.37649859491682,0,0,0,0,5.98514461836316,5.29451012820508,1.09861228866811,0
15884,249.7,2,79,148.3,124.85,431.913194444444,14,0.340218995674265,1.73453592061365,5.95,1,-5.95,1,5.52425700516425,4.83509072158132,1.09861228866811,1.9387416595767
15885,1951.82,15,41.4666666666667,119.5,130.121333333333,92.1298611111111,83,0.16790542903216,3.095572111402,214.25,5,-214.25,1,7.57702976073052,4.87612310318599,2.77258872223978,5.37180014330784
15886,1059.35,4,166.75,279.6,264.8375,59.9756944444444,58,0.0413437692651343,3.511388648385,0,0,0,0,6.96635432128507,5.58288521984925,1.6094379124341,0
15887,1027.15,3,201.666666666667,294.5,342.383333333333,406.218055555556,27,0.0938094131374984,2.73232171183533,0,0,0,0,6.93551634976753,5.83884741302036,1.38629436111989,0
15888,429.22,3,46.3333333333333,72.6,143.073333333333,80.0555555555556,33,0.104372719957733,2.82843941313518,27.04,1,-27.04,1,6.06429670575765,4.97032242920677,1.38629436111989,3.33363206216639
15889,1796.49,8,123.625,256.35,224.56125,156.111111111111,257,0.0085495890665595,5.10907701911575,10.45,1,-10.45,1,7.49414652629739,5.41859174068635,2.19722457733622,2.43798973000025
15890,411.75,5,23.8,74.4,82.35,394.002777777778,10,0.177816574375444,1.98862012478806,0,0,0,0,6.02284208280024,4.4230486091968,1.79175946922805,0
15891,524.52,1,442,442,524.52,226.052083333333,60,0.0287917489627511,3.77544286765555,0,0,0,0,6.26438824858422,6.26438824858422,0.693147180559945,0
15892,128.2,1,46,46,128.2,668.852083333333,38,0.0644857878558512,3.22444657713483,0,0,0,0,4.8613615913485,4.8613615913485,0.693147180559945,0
15893,127.2,1,120,120,127.2,481.109722222222,1,1,0,0,0,0,0,4.85359154448657,4.85359154448657,0.693147180559945,0
15894,420.29,2,141.5,221.15,210.145,253,35,0.0737122494152057,3.0182137564725,0,0,0,0,6.0433214326482,5.35254510125113,1.09861228866811,0
15895,179.17,1,94,94,179.17,149.140972222222,11,0.60190054112361,0.929138211556006,0,0,0,0,5.19390084962761,5.19390084962761,0.693147180559945,0
15897,213.55,2,125.5,134.05,106.775,194,17,0.258165071498463,1.95838973637372,0,0,0,0,5.36854281143753,4.6800457206332,1.09861228866811,0
15898,5596.31,25,96.72,283.2,223.8524,0.89375,293,0.0180115001700459,4.82605619752668,61.95,4,-61.95,1,8.63004140417193,5.41544418694227,3.25809653802148,4.14234076049036
15899,112.5,1,78,78,112.5,368.093055555556,4,0.267230024691358,1.35312670844419,0,0,0,0,4.73180283692146,4.73180283692146,0.693147180559945,0
15900,900.4,4,165.25,239.7,225.1,23.0215277777778,100,0.024671201712808,4.10938465758874,9.9,1,-9.9,1,6.80394911025655,5.42097737928392,1.6094379124341,2.3887627892351
15901,712.08,7,100.285714285714,225.1,101.725714285714,16.0048611111111,146,0.0141848728232404,4.55908902754681,18.99,2,-18.99,1,6.56959361608366,4.6320624681229,2.07944154167984,2.99523214851231
15902,145.01,1,124,124,145.01,379.828472222222,18,0.0821277013770862,2.67059973488754,0,0,0,0,4.98367511251347,4.98367511251347,0.693147180559945,0
15903,8939.84,12,327.166666666667,520.8,744.986666666667,9.19583333333333,59,0.0489463955151578,3.35842163875226,80.02,3,-80.02,1,9.09838482348516,6.61470772694305,2.56494935746154,4.39469603777454
15904,162.73,1,84,84,162.73,7.91666666666667,30,0.0678073378268128,3.0430030225347,0,0,0,0,5.0982187296514,5.0982187296514,0.693147180559945,0
15905,114.69,1,82,82,114.69,542.909722222222,22,0.0631664877335296,2.90004627143178,0,0,0,0,4.7509142000408,4.7509142000408,0.693147180559945,0
15906,2555.64,10,75.1,176.95,255.564,19.0180555555556,144,0.0149218682541909,4.52438290105215,87.75,2,-87.75,1,7.84644917539108,5.54737814615828,2.39789527279837,4.48582342835553
15907,969.59,3,169.666666666667,243.4,323.196666666667,3.02013888888889,176,0.0155640996583517,4.64690274440618,0,0,0,0,6.87790413401262,5.78135032752961,1.38629436111989,0
15908,480.52,2,87,150.9,240.26,490.079166666667,37,0.366028056511298,2.01097056805977,0,0,0,0,6.17694776723952,5.48587519013724,1.09861228866811,0
15909,191.94,1,98,98,191.94,173.133333333333,7,0.23664993387958,1.62384961227581,0,0,0,0,5.26237925974241,5.26237925974241,0.693147180559945,0
15910,2688.28,15,144.733333333333,256.6,179.218666666667,0.0826388888888889,400,0.0053457848204758,5.60409230729616,0,0,0,0,7.89702877877653,5.19417092841456,2.77258872223978,0
15911,1702.36,8,101.375,145.6,212.795,623.030555555556,163,0.0155551004285377,4.65344452699087,36,2,-300.79,0.119684829947804,7.44035804998439,5.3650176119751,2.19722457733622,3.61091791264422
15912,1072.75,9,84.3333333333333,133.4,119.194444444444,177.972916666667,83,0.0427910342008315,3.71363400602936,0,0,0,0,6.97891247329847,4.78911080176877,2.30258509299405,0
15913,6.3,1,3,3,6.3,533.888194444444,1,1,0,0,0,0,0,1.98787434815435,1.98787434815435,0.693147180559945,0
15914,205.99,2,74.5,139.75,102.995,377.861111111111,13,0.313115121665325,1.6290578567949,0,0,0,0,5.3326704829197,4.64434282106256,1.09861228866811,0
15915,429.46,1,451,451,429.46,401.067361111111,105,0.0244468642241215,4.11981780551988,0,0,0,0,6.06485440433603,6.06485440433603,0.693147180559945,0
15916,3443.4,13,131,241,264.876923076923,15.9611111111111,231,0.0123425115341704,4.94039113402433,149.5,4,-149.5,1,8.14450500282201,5.58303350650571,2.63905732961526,5.01396308418893
15917,560.67,5,52.6,130.8,112.134,247.131944444444,128,0.0176438553272824,4.43944538750873,0,0,0,0,6.33091448881884,4.72857295686657,1.79175946922805,0
15918,582.88,3,80,87,194.293333333333,190.088888888889,49,0.031654112924105,3.6271737157028,0,0,0,0,6.36969548226238,5.274502701782,1.38629436111989,0
15919,910.61,2,393.5,474.95,455.305,19.0569444444444,104,0.0249833938411264,4.09285696703838,0,0,0,0,6.81521226703492,6.12316144557659,1.09861228866811,0
15920,550.82,9,26.6666666666667,62.2,61.2022222222222,153.929861111111,93,0.0377178787170103,3.8634463846425,0,0,0,0,6.31322190614266,4.13039072615231,2.30258509299405,0
15921,802.11,4,85.5,154.15,200.5275,172.115972222222,69,0.0342616146139514,3.77421588501505,0,0,0,0,6.68849169086636,5.30592584850148,1.6094379124341,0
15922,739,1,276,276,739,372.957638888889,11,0.112081168825224,2.29161268862935,11.8,1,-11.8,1,6.60665018619822,6.60665018619822,0.693147180559945,2.54944517092557
15923,254.16,1,244,244,254.16,372.023611111111,21,0.0768187705959055,2.77625578659807,0,0,0,0,5.54189079937375,5.54189079937375,0.693147180559945,0
15924,102.82,1,103,103,102.82,730.909722222222,14,0.122312260883808,2.28709995488295,0,0,0,0,4.64265863039908,4.64265863039908,0.693147180559945,0
15925,207.15,1,93,93,207.15,193.927083333333,12,0.111908340314332,2.31415687760549,0,0,0,0,5.33825897364098,5.33825897364098,0.693147180559945,0
15926,134.44,1,155,155,134.44,541.935416666667,7,0.158437733842726,1.8907470706954,0,0,0,0,4.90852873782488,4.90852873782488,0.693147180559945,0
15927,123.39,1,69,69,123.39,646.975694444444,13,0.104094680648927,2.37964119964323,0,0,0,0,4.82342179122187,4.82342179122187,0.693147180559945,0
15928,293.53,1,164,164,293.53,655.898611111111,11,0.307392043387108,1.67151163233488,0,0,0,0,5.68538086547565,5.68538086547565,0.693147180559945,0
15929,594,1,120,120,594,643.9125,1,1,0,0,0,0,0,6.38856140554563,6.38856140554563,0.693147180559945,0
15930,426.63,1,139,139,426.63,66.9569444444444,21,0.0521512019332488,3.00170049271368,0,0,0,0,6.05825833571699,6.05825833571699,0.693147180559945,0
15931,217.95,1,118,118,217.95,427.877777777778,14,0.0753702420429874,2.6115737566845,0,0,0,0,5.38884339324741,5.38884339324741,0.693147180559945,0
15932,2497.31,8,290.625,412.2,312.16375,3.81736111111111,91,0.0244928236392683,4.10753998382056,34.02,3,-34.02,1,7.82336978226527,5.74672621667743,2.19722457733622,3.55591932685771
15933,1107.94,3,295,337.6,369.313333333333,20.9833333333333,63,0.0216605717131372,3.99780171730373,0,0,0,0,7.01115988309145,5.91434949411264,1.38629436111989,0
15934,1979.22,2,963,1223.1,989.61,417.150694444444,29,0.0482625547434326,3.16179295581162,0,0,0,0,7.59096322862731,6.89832091499517,1.09861228866811,0
15935,126.04,2,57.5,108.35,63.02,239.015972222222,12,0.106385554509553,2.34078771330763,308.82,1,-308.82,1,4.84450199749883,4.15919553454172,1.09861228866811,5.73599148367822
15936,282.79,2,105.5,111.35,141.395,378.840972222222,16,0.0710142681789825,2.71104876679927,0,0,0,0,5.64823452802339,4.95860488600187,1.09861228866811,0
15937,145.35,1,73,73,145.35,63.9180555555556,7,0.152931804409342,1.91425658135268,0,0,0,0,4.9860010131379,4.9860010131379,0.693147180559945,0
15938,734.81,9,49.8888888888889,82.4,81.6455555555556,112.0375,28,0.065139819334523,3.04456243120137,0,0,0,0,6.60097193322795,4.4145610485387,2.30258509299405,0
15939,8611.59,16,335,1022,538.224375,89.0972222222222,53,0.0518964131474487,3.31936625706631,12.75,1,-12.75,1,9.06098036519474,6.29013176443688,2.83321334405622,2.62103882411258
15940,35.8,1,4,4,35.8,310.855555555556,1,1,0,35.8,2,-35.8,1,3.60549784517489,3.60549784517489,0.693147180559945,3.60549784517489
15941,405,1,60,60,405,636.920138888889,6,0.18,1.74806734854609,174.4,1,-174.4,1,6.00635315960173,6.00635315960173,0.693147180559945,5.16706907993808
15942,337.44,1,232,232,337.44,133.200694444444,14,0.0878543274314218,2.52310620989567,0,0,0,0,5.8243468240563,5.8243468240563,0.693147180559945,0
15943,271.29,2,91.5,95.55,135.645,649.000694444444,12,0.0925513961952263,2.42901038460992,0,0,0,0,5.60686767480412,4.91738632187663,1.09861228866811,0
15944,2048.24,4,194.75,287.05,512.06,276.095138888889,26,0.117919929933522,2.60982041807409,0,0,0,0,7.62522427168715,6.24039279739592,1.6094379124341,0
15945,805.32,4,99.25,134.3,201.33,364.983333333333,24,0.39986939260415,1.70636464639393,0,0,0,0,6.69248068604662,5.3099000277911,1.6094379124341,0
15946,2248.26,3,506,886.2,749.42,502.063888888889,25,0.0560801894904352,3.03245137545761,0,0,0,0,7.71835655221376,6.62063304978887,1.38629436111989,0
15947,1708.24,1,898,898,1708.24,82.1277777777778,29,0.0704942223796876,2.93901840448841,0,0,0,0,7.44380410625756,7.44380410625756,0.693147180559945,0
15948,1509.09,3,284,423.6,503.03,7.8875,63,0.0193900639519498,4.0396683396158,0,0,0,0,7.31992453068181,6.22263579010942,1.38629436111989,0
15949,364.72,2,142,165.4,182.36,16.1534722222222,12,0.103820387672899,2.36740078228249,0,0,0,0,5.90186801329623,5.21145143352638,1.09861228866811,0
15950,7132.91,10,338.4,569,713.291,31.0701388888889,248,0.0173908374351689,4.84418926100817,242.2,3,-242.2,1,8.87261475019586,6.57129044233354,2.39789527279837,5.49388415009201
15951,1013.17,3,140,170.5,337.723333333333,8.17777777777778,46,0.0260298694855219,3.73772277933325,38.65,1,-38.65,1,6.92182582295892,5.82518364830806,1.38629436111989,3.68009094808086
15952,806.57,4,99.75,140,201.6425,33.0638888888889,66,0.0242115629078453,3.92337592508956,0,0,0,0,6.69402973864619,5.31144334276694,1.6094379124341,0
15953,3669.55,18,102.888888888889,203.5,203.863888888889,14.8875,102,0.12440326065813,3.26106414225728,144.85,3,-144.85,1,8.20809679358038,5.32234580198202,2.94443897916644,4.98257869631373
15954,190.75,1,119,119,190.75,589.010416666667,20,0.0907878640051257,2.66725691540986,0,0,0,0,5.25619244024737,5.25619244024737,0.693147180559945,0
15955,8631.96,22,189.318181818182,486.4,392.361818181818,23.9409722222222,222,0.00885418494393273,5.06434292879116,35.75,3,-35.75,1,9.06334271484126,5.97472984527578,3.13549421592915,3.60413822565885
15956,597.2,2,135,148.5,298.6,551.030555555556,18,0.281736740645899,1.98247850813611,0,0,0,0,6.39392514619585,5.70244825164306,1.09861228866811,0
15957,930.1,3,152.666666666667,204,310.033333333333,31.025,122,0.023490905372519,4.31543760793473,0,0,0,0,6.83636668289448,5.73990008757187,1.38629436111989,0
15958,492.99,4,41,60.4,123.2475,74.00625,50,0.045670825264741,3.43570016870643,0,0,0,0,6.20251527406805,4.82227554404997,1.6094379124341,0
15959,567.54,3,94,164.1,189.18,681.841666666667,58,0.0307556777520106,3.71272751320433,0,0,0,0,6.34307167131347,5.2479709921113,1.38629436111989,0
15960,410.95,4,64.5,154.1,102.7375,373.870138888889,24,0.0535227245290481,3.05168071251316,16.95,1,-16.95,1,6.0209019827616,4.64186366992457,1.6094379124341,2.88759011493429
15961,451.29,1,154,154,451.29,378.86875,42,0.153030735592739,2.73582939758885,0,0,0,0,6.11432356701984,6.11432356701984,0.693147180559945,0
15962,295.83,1,235,235,295.83,449.001388888889,43,0.0344691915092432,3.51199368592188,0,0,0,0,5.69315958435229,5.69315958435229,0.693147180559945,0
15963,470.76,2,149,169.7,235.38,19.0534722222222,26,0.0474425831406442,3.15737481082383,0,0,0,0,6.15647038169225,5.46544067958409,1.09861228866811,0
15964,272.96,1,94,94,272.96,662.888888888889,20,0.074298106129975,2.74414119315521,0,0,0,0,5.6129821103297,5.6129821103297,0.693147180559945,0
15965,3013.09,13,110.230769230769,250.4,231.776153846154,16.8375,205,0.0233106856453025,4.55619714517423,13.75,1,-13.75,1,8.01105323939092,5.45007727867845,2.63905732961526,2.69124308278583
15966,426.53,1,275,275,426.53,450.129166666667,27,0.0440699128859941,3.20373152031416,26.95,1,-26.95,1,6.05802446135323,6.05802446135323,0.693147180559945,3.33041719960111
15967,3039.65,12,100.333333333333,228.65,253.304166666667,22.88125,322,0.00641619673873311,5.37963387217729,22.4,1,-22.4,1,8.0198265873344,5.53853105714114,2.56494935746154,3.15273602236366
15968,418.05,1,253,253,418.05,387.990277777778,69,0.029007949080885,3.87256307382919,0,0,0,0,6.03799024454492,6.03799024454492,0.693147180559945,0
15969,1100.05,5,44.6,79.2,220.01,2.07222222222222,31,0.0437421809510247,3.29096037894328,72,1,-83.2,0.865384615384615,7.0040195489522,5.39820794936283,1.79175946922805,4.29045944114839
15970,1017.32,2,249,368.7,508.66,303.029166666667,23,0.0953847489504431,2.70780396483928,0,0,0,0,6.92590948956218,6.23374383673067,1.09861228866811,0
15971,5315.43,18,113.833333333333,249.5,295.301666666667,17,13,0.132985523276572,2.1905640449911,850,2,-972.4,0.874125874125874,8.57855730444752,5.69137807949339,2.94443897916644,6.74641212857337
15972,1592.32,5,96,207.2,318.464,456.020833333333,104,0.0169868445179749,4.34364570409304,0,0,0,0,7.37357516858154,5.76664459141283,1.79175946922805,0
15973,988.44,3,100.333333333333,199.6,329.48,366.047222222222,8,0.403345844978596,1.29751529492835,208.05,2,-208.05,1,6.89713912651895,5.80054614308851,1.38629436111989,5.34257345780257
15974,3454.11,7,323.142857142857,467.3,493.444285714286,38.9840277777778,141,0.0128179729370299,4.67459112860839,12.6,1,-12.6,1,8.14760957361102,6.20343447679673,2.07944154167984,2.61006979274201
15975,371.01,1,243,243,371.01,84.0118055555556,24,0.0447966093291906,3.13961076439678,0,0,0,0,5.91892073563227,5.91892073563227,0.693147180559945,0
15976,1746.64,6,179.666666666667,265.75,291.106666666667,165.034722222222,270,0.00784897749011182,5.18969939848143,0,0,0,0,7.46602158534819,5.6771190323673,1.94591014905531,0
15977,1045.37,2,496,663.4,522.685,16.9729166666667,48,0.0407642774694748,3.51157311231396,0,0,0,0,6.95308231056718,6.26089035852275,1.09861228866811,0
15978,3279.42,3,814.666666666667,1160.7,1093.14,76.9368055555556,109,0.0135413842303129,4.49016892655604,6.8,2,-6.8,1,8.09572674196113,6.99772394554391,1.38629436111989,2.05412373369555
15979,329.22,1,450,450,329.22,602.09375,22,0.052226381696665,3.02186159665314,0,0,0,0,5.79975909900369,5.79975909900369,0.693147180559945,0
15980,6376.48,7,636.285714285714,1326.4,910.925714285714,88.1729166666667,101,0.014146513216986,4.41067056508772,47.4,2,-47.4,1,8.76052831398596,6.81555853312272,2.07944154167984,3.87949981372259
15981,9362.77,21,229.857142857143,800,445.84619047619,24.2013888888889,159,0.0149136224651694,4.5886952045129,94.7,6,-94.7,1,9.14460326615622,6.1022144425056,3.09104245335832,4.56121829845891
15982,324.51,1,131,131,324.51,604.91875,45,0.0439250640140175,3.50541077086541,0,0,0,0,5.78539318314292,5.78539318314292,0.693147180559945,0
15983,3959.42,8,306.25,589.4,494.9275,21.8027777777778,138,0.0446534611211599,3.85713124297427,0,0,0,0,8.28410535923056,6.20642974668631,2.19722457733622,0
15984,8613.03,30,194.933333333333,471.25,287.101,2.02361111111111,467,0.0137873774254674,5.16717486129872,88.2,2,-88.2,1,9.06114754831057,5.66331111310147,3.43398720448515,4.49088103958596
15985,2590.12,7,326.285714285714,697.6,370.017142857143,122.888194444444,53,0.0348804831456594,3.65281323239176,50.4,1,-105,0.48,7.85984549365406,5.91624826870203,2.07944154167984,3.93963817246112
15986,354.42,2,184,259.6,177.21,29.8979166666667,25,0.0460315963208564,3.15261852375407,0,0,0,0,5.87330018875734,5.18296263018501,1.09861228866811,0
15987,1375.59,8,116.125,182.65,171.94875,11.8833333333333,143,0.0562240265760247,3.80228529685208,0,0,0,0,7.22736470566358,5.15299530783465,2.19722457733622,0
15988,785.14,3,162,180.1,261.713333333333,18.9770833333333,114,0.0163052920235782,4.38041212188756,0,0,0,0,6.66713489361659,5.57106345038384,1.38629436111989,0
15989,372.51,2,85.5,112.05,186.255,375.032638888889,81,0.0208627220080881,4.11289059985917,0,0,0,0,5.92294477797617,5.23247132431052,1.09861228866811,0
15990,2010.05,7,155.714285714286,245.3,287.15,43.9111111111111,123,0.0154595696858603,4.40895645417834,0,0,0,0,7.60641225271568,5.66348117788268,2.07944154167984,0
15991,148.6,1,41,41,148.6,533.916666666667,6,0.231935027506616,1.57604739567323,0,0,0,0,5.00796506554038,5.00796506554038,0.693147180559945,0
15992,896.6,3,171.333333333333,336.1,298.866666666667,3.07638888888889,53,0.0207987219072184,3.92292471868146,0,0,0,0,6.79972453476843,5.70333793141705,1.38629436111989,0
15993,2798.23,7,293,582.9,399.747142857143,8.08680555555556,335,0.00757802008851253,5.34705032505749,40.75,3,-40.75,1,7.93709965834386,5.9933306619749,2.07944154167984,3.73169945129686
15994,1202.18,3,156.333333333333,180.6,400.726666666667,54.0569444444444,93,0.0203886733098001,4.15369087780625,3.34,2,-3.34,1,7.092723330717,5.99577192369429,1.38629436111989,1.46787434811231
15995,696.19,1,353,353,696.19,413.995138888889,108,0.0229950726917615,4.26856921830352,0,0,0,0,6.54705797045637,6.54705797045637,0.693147180559945,0
15996,1665,7,106.714285714286,244.6,237.857142857143,87.9416666666667,140,0.0124122782241701,4.62750768952855,15.9,1,-15.9,1,7.41818082272679,5.47586564458933,2.07944154167984,2.82731362192903
15998,8308.34,16,335.75,547.75,519.27125,36.0034722222222,736,0.00341277740263449,6.14081947990809,87.95,5,-87.95,1,9.0251354623127,6.25435031018682,2.83321334405622,4.48807441411184
15999,20.4,1,24,24,20.4,735.013194444444,1,1,0,0,0,0,0,3.06339092202781,3.06339092202781,0.693147180559945,0
16000,3613.2,3,360,768,1204.4,2.02291666666667,9,0.239809616483169,1.81273659560557,0,0,0,0,8.19262580996406,7.09456674104894,1.38629436111989,0
16001,583.39,1,337,337,583.39,380.819444444444,29,0.0449389116567607,3.25748113722012,64.33,1,-64.33,1,6.37056856816272,6.37056856816272,0.693147180559945,4.17945134885266
16002,169.21,1,70,70,169.21,624.9875,42,0.0418893577279435,3.40527407731019,0,0,0,0,5.13703296881988,5.13703296881988,0.693147180559945,0
16003,5074.03,10,221,438.25,507.403,29.1201388888889,162,0.0156339582334265,4.67360502913554,0,0,0,0,8.53208771522257,6.23127444016335,2.39789527279837,0
16004,2146.39,5,215.2,413.2,429.278,474.084722222222,66,0.0214375947010637,4.02766291909563,0,0,0,0,7.67200843019493,6.0644315114169,1.79175946922805,0
16005,2436.22,10,131,229.45,243.622,11.9604166666667,321,0.00990793492378405,5.12605424079451,32.45,1,-32.45,1,7.79861332447886,5.49971416197216,2.39789527279837,3.51005178657424
16006,347.2,2,105.5,124.85,173.6,211.026388888889,75,0.028309378251821,3.93263837897644,0,0,0,0,5.85277702733409,5.1624976434055,1.09861228866811,0
16007,3075.72,7,377.571428571429,570.1,439.388571428571,47.1145833333333,347,0.00647243733673463,5.41554179913118,0,0,0,0,8.03161937345644,6.08765745407714,2.07944154167984,0
16008,5384.13,15,218.2,446.8,358.942,23.0958333333333,70,0.023669343318932,3.89620426869449,0,0,0,0,8.59139673043187,5.88594290735926,2.77258872223978,0
16009,992.71,4,94.5,195.1,248.1775,21.8326388888889,68,0.0394614539552118,3.66448649836959,0,0,0,0,6.9014454135861,5.51816549391245,1.6094379124341,0
16010,1724.06,11,84.6363636363636,183.5,156.732727272727,245.15,121,0.0231428876069578,4.15765066828856,1.95,1,-1.95,1,7.45301711146926,5.06090200111721,2.484906649788,1.08180517035173
16011,5867.26,29,118.862068965517,214.8,202.319310344828,7.84652777777778,191,0.0187237376645422,4.50394001805127,13.45,1,-13.45,1,8.67731344639309,5.31477770060378,3.40119738166216,2.67069441455844
16012,2989.79,5,353.2,563.6,597.958,34.9756944444444,209,0.0105079458747698,4.94888546811233,0,0,0,0,8.00329284553317,6.39519147879571,1.79175946922805,0
16013,38803.14,84,177.071428571429,389.7,461.942142857143,3.09305555555556,55,0.0952450674107345,2.84909229041024,1982.4,10,-4657.52,0.425634243116508,10.5662822209501,6.13760208484625,4.44265125649032,7.59256782275202
16014,1130.27,5,95.6,120.8,226.054,37.0319444444444,220,0.00790882978738354,5.09006100113285,9.25,1,-9.25,1,7.03109617441587,5.4251878746537,1.79175946922805,2.32727770558442
16015,709.24,3,303,381.3,236.413333333333,3.07777777777778,146,0.0251471368082866,4.46207215539988,14.85,1,-14.85,1,6.56560294108573,5.46980264459731,1.38629436111989,2.76316950032329
16016,2526.04,11,96.2727272727273,207.5,229.64,2.92708333333333,182,0.0128034905157621,4.73628198867781,38.9,3,-38.9,1,7.83480393630922,5.44085805333015,2.484906649788,3.68637632389582
16017,1542.13,5,128,183,308.426,47.0375,100,0.0167344967047899,4.35450110465793,0,0,0,0,7.3415681002724,5.73471896822178,1.79175946922805,0
16018,698.13,4,125.75,194.45,174.5325,38.9423611111111,49,0.0488715664530477,3.40269277278164,0,0,0,0,6.54983670491307,5.16782421094645,1.6094379124341,0
16019,17206.47,27,244.740740740741,524.2,637.276666666667,46.0826388888889,257,0.0222839935127225,4.42037920273264,768.1,8,-825.7,0.93024100762989,9.75309887084517,6.45877183616014,3.3322045101752,6.64522100006301
16020,851.01,3,162.333333333333,279.7,283.67,16.0638888888889,42,0.0355754209159867,3.58611238410448,0,0,0,0,6.74759826384964,5.65133061465378,1.38629436111989,0
16021,532.25,2,148.5,234.45,266.125,394.918055555556,117,0.0165306056226381,4.39471860653007,0,0,0,0,6.27899035735146,5.58771671363931,1.09861228866811,0
16022,628.28,1,261,261,628.28,259.981944444444,68,0.0238176050685354,3.95815054329135,0,0,0,0,6.4445763086835,6.4445763086835,0.693147180559945,0
16023,719.93,3,119.333333333333,170.6,239.976666666667,45.8861111111111,90,0.0182827548458776,4.22469753442425,0,0,0,0,6.58054204519302,5.4847001099929,1.38629436111989,0
16024,489.24,3,168.333333333333,367,163.08,11.975,78,0.148014364872386,3.20318894610112,0,0,0,0,6.19489506711217,5.10035411376413,1.38629436111989,0
16025,439.66,1,338,338,439.66,29.0451388888889,28,0.0377437032688323,3.30275267569106,0,0,0,0,6.08827360303604,6.08827360303604,0.693147180559945,0
16026,236.09,1,243,243,236.09,42.9979166666667,30,0.0378031872019866,3.33861928080305,0,0,0,0,5.46843981588499,5.46843981588499,0.693147180559945,0
16027,1690.16,15,114.333333333333,199.3,112.677333333333,91.1270833333333,20,0.195851174773605,2.18907706791288,184.02,3,-248.52,0.740463544181555,7.43316996299142,4.73336402585478,2.77258872223978,5.22046392734317
16028,82.2,1,18,18,82.2,595.086805555556,5,0.20432924266373,1.59842146180033,0,0,0,0,4.42124734782716,4.42124734782716,0.693147180559945,0
16029,73389.09,107,295.971962616822,736.399999999999,685.879345794393,38.0993055555556,60,0.0293939638583664,3.72909061783652,6175.48,18,-30408.23,0.20308580933517,11.2035441918635,6.53215865204508,4.68213122712422,8.72850380889181
16030,331.24,1,283,283,331.24,309.056944444444,28,0.0530957611481544,3.15371999558296,0,0,0,0,5.8058575993225,5.8058575993225,0.693147180559945,0
16031,527.03,2,211.5,218.25,263.515,92.0298611111111,91,0.0189802538708251,4.1836057654078,0,0,0,0,6.26915310027399,5.57789796046541,1.09861228866811,0
16032,1970.45,6,246.666666666667,389,328.408333333333,455.826388888889,130,0.0195663427586654,4.4282767594753,0,0,0,0,7.58652459159613,5.7972981159461,1.94591014905531,0
16033,10827.31,27,158.814814814815,377.8,401.011481481481,5.00416666666667,606,0.00541290593108903,5.74688151002563,143.74,9,-143.74,1,9.2899192798035,5.99648064911037,3.3322045101752,4.97493902943798
16034,930.88,6,99.5,176,155.146666666667,195.897916666667,43,0.0548121888804272,3.24347506680868,2.95,1,-2.95,1,6.8372040510311,5.05079573650583,1.94591014905531,1.37371557891303
16035,217.73,1,33,33,217.73,559.945138888889,21,0.0643866805455098,2.89402160112651,0,0,0,0,5.38783809248645,5.38783809248645,0.693147180559945,0
16036,2551.8,4,336.25,532,637.95,86.95625,121,0.0143472227313072,4.47136186679153,0,0,0,0,7.84494607496403,6.45982620405471,1.6094379124341,0
16037,1373.74,5,153.2,185.6,274.748,269.150694444444,64,0.0273366570933695,3.93498166876986,19.9,2,-19.9,1,7.22601990131164,5.6194874051608,1.79175946922805,3.03974915897077
16038,471.78,3,81.3333333333333,172.5,157.26,7.00694444444444,24,0.0544236231684334,3.04555558072329,17.45,1,-17.45,1,6.15863016401273,5.06423925018105,1.38629436111989,2.91506437048654
16039,456.4,2,204.5,286.85,228.2,423.129166666667,29,0.0465272171573285,3.22640210207471,6.75,1,-6.75,1,6.12555828158868,5.43459498484058,1.09861228866811,2.04769284336526
16040,2391.05,7,169.285714285714,273,341.578571428571,65.0020833333333,98,0.0137598272013912,4.44029187526007,33.2,1,-33.2,1,7.77990601786209,5.8365010370237,2.07944154167984,3.53222564406856
16041,1929.8,3,180,300,643.266666666667,30.0173611111111,6,0.232354943413815,1.59852802481767,0,0,0,0,7.56568970378634,6.46811271907239,1.38629436111989,0
16042,2265.12,8,180.25,436,283.14,21.7916666666667,88,0.0164894125925992,4.29418695051486,112.12,3,-112.12,1,7.72582439693778,5.64946707444393,2.19722457733622,4.72844920214826
16043,1856.59,8,126.375,179.2,232.07375,37,57,0.0304368910356552,3.75833355583832,0,0,0,0,7.52703522763887,5.45135492708782,2.19722457733622,0
16044,340.84,1,170,170,340.84,434.818055555556,19,0.0556767711314878,2.91809375450114,0,0,0,0,5.83434279133577,5.83434279133577,0.693147180559945,0
16045,3434.93,8,263.5,449.05,429.36625,119.047916666667,114,0.0215776457762373,4.31899574879651,247.9,1,-247.9,1,8.14204291037043,6.06463659034542,2.19722457733622,5.51705120937355
16046,235.78,1,248,248,235.78,562.022222222222,22,0.0569373063438149,2.95645323029435,0,0,0,0,5.46713143998349,5.46713143998349,0.693147180559945,0
16047,18,1,1,1,18,681.844444444444,1,1,0,0,0,0,0,2.94443897916644,2.94443897916644,0.693147180559945,0
16048,1075.23,4,142.25,246.75,268.8075,372.890277777778,30,0.0647979862567724,3.0503883012614,18.7,2,-18.7,1,6.9812194725263,5.59770874175645,1.6094379124341,2.98061863574394
16049,1891.66,6,194.166666666667,353,315.276666666667,39.9798611111111,385,0.00600378329737141,5.51902933865351,0,0,0,0,7.54573852599157,5.7566173579625,1.94591014905531,0
16050,317.62,3,129.333333333333,256.2,105.873333333333,173.0875,19,0.0582353775251351,2.88851763001046,0,0,0,0,5.76399917014475,4.67164433259342,1.38629436111989,0
16051,188.44,1,80,80,188.44,681.133333333333,12,0.0861780111411794,2.46835571820078,0,0,0,0,5.24407235169564,5.24407235169564,0.693147180559945,0
16052,362.06,1,282,282,362.06,53.9423611111111,34,0.0537959090995654,3.16531438551308,0,0,0,0,5.89456810986229,5.89456810986229,0.693147180559945,0
16053,3567.16,6,407.166666666667,882,594.526666666667,32.0618055555556,177,0.00990328748176013,4.96031050004166,28.7,2,-28.7,1,8.17980533574381,6.38944616808942,1.94591014905531,3.39114704580865
16054,1836.32,4,197.75,359.75,459.08,145.029166666667,113,0.0142424578165389,4.48869784043369,21.2,3,-21.2,1,7.516063267105,6.1314003874055,1.6094379124341,3.10009228887823
16055,127.85,1,22,22,127.85,220.183333333333,8,0.129437560423288,2.06041569373902,0,0,0,0,4.85864893709837,4.85864893709837,0.693147180559945,0
16056,664.85,1,347,347,664.85,44.9381944444444,66,0.0236437580366188,3.9432537572686,0,0,0,0,6.50106441994815,6.50106441994815,0.693147180559945,0
16057,3854.85,10,169.1,350.25,385.485,15.89375,189,0.00637676141996296,5.15777230119205,652.78,7,-652.78,1,8.25734675455886,5.95709305744253,2.39789527279837,6.4827709034276
16058,62.7,1,18,18,62.7,405.876388888889,2,0.594789496577459,0.595109355769233,0,0,0,0,4.15418456257812,4.15418456257812,0.693147180559945,0
16059,3213.87,12,125.75,243.85,267.8225,65.1625,236,0.00832185627241197,5.09280883476169,0,0,0,0,8.0755422003954,5.59405131050304,2.56494935746154,0
16060,541.95,3,81,199.7,180.65,400.027777777778,22,0.105566079974467,2.76077023735181,0,0,0,0,6.29701723466291,5.20208175866721,1.38629436111989,0
16061,65.75,1,19,19,65.75,430.93125,3,0.402159927134988,1.00223578859333,32.75,2,-44.7,0.732662192393736,4.20095429728036,4.20095429728036,0.693147180559945,3.51898041731854
16062,2859.55,8,254.375,651.2,357.44375,9.02430555555556,136,0.0183063741747867,4.55815061192284,0,0,0,0,7.95876919301745,5.8817717439633,2.19722457733622,0
16063,335.32,1,262,262,335.32,259.9125,23,0.045136811277813,3.11579631696114,0,0,0,0,5.81806308768859,5.81806308768859,0.693147180559945,0
16064,111,1,56,56,111,724.860416666667,17,0.0883523902280659,2.59553834623732,0,0,0,0,4.71849887129509,4.71849887129509,0.693147180559945,0
16065,2383.77,8,180.875,415.1,297.97125,364.990972222222,215,0.0198735215593071,4.64122546382267,17,2,-17,1,7.77685796261349,5.70034741492146,2.19722457733622,2.89037175789616
16066,1505.07,5,182.4,331.4,301.014,16.0388888888889,77,0.0305610092363682,3.79466020383661,0,0,0,0,7.31725888802333,5.71047337391628,1.79175946922805,0
16067,3395.29,3,426.333333333333,682.5,1131.76333333333,562.053472222222,60,0.0273375800219146,3.82938975208909,369.1,3,-369.1,1,8.13043893836719,7.03241535424234,1.38629436111989,5.91377323939211
16068,122.93,1,52,52,122.93,593.081944444444,34,0.0498288524474697,3.24096850755471,0,0,0,0,4.81971689007678,4.81971689007678,0.693147180559945,0
16069,457.7,1,138,138,457.7,417.1375,25,0.0509165170209895,3.11668014078712,0,0,0,0,6.12839640160313,6.12839640160313,0.693147180559945,0
16070,854.31,2,228.5,248.75,427.155,21.875,32,0.0651546900566327,3.07405272314822,0,0,0,0,6.75146397632243,6.05948527955419,1.09861228866811,0
16071,1079.92,4,174.25,215.55,269.98,44.1083333333333,64,0.0205945480161969,4.02321427099757,0,0,0,0,6.98556780935025,5.60204501741828,1.6094379124341,0
16072,4326.4,4,402.75,697.85,1081.6,287.929166666667,423,0.00584632119971837,5.5957488367944,0,0,0,0,8.37272217875333,6.98712083436288,1.6094379124341,0
16073,122.4,1,48,48,122.4,296.88125,1,1,0,28.05,1,-28.05,1,4.81543111147129,4.81543111147129,0.693147180559945,3.36901848329792
16074,265.25,1,39,39,265.25,389.979861111111,23,0.0537219080038482,3.01490393412041,0,0,0,0,5.58443571702364,5.58443571702364,0.693147180559945,0
16075,736.93,2,135.5,144.95,368.465,502.096527777778,41,0.0264470921230308,3.67516229578545,9.95,1,-9.95,1,6.60384896915333,5.91205601330368,1.09861228866811,2.39333945626251
16076,2245.29,10,143.5,288.75,224.529,2.91041666666667,71,0.0424156181281803,3.62438802291745,61.2,1,-61.2,1,7.71703524539609,5.41844875377828,2.39789527279837,4.13035499974513
16077,1371.6,1,648,648,1371.6,625.088888888889,8,0.273837708169244,1.66235471348518,654,1,-1700.4,0.384615384615385,7.22446203047453,7.22446203047453,0.693147180559945,6.48463523563525
16078,365.51,2,100,175.6,182.755,283.127083333333,38,0.0702938818116934,3.1916054957382,0,0,0,0,5.90402580608408,5.21360334860709,1.09861228866811,0
16079,1250,3,274.666666666667,404.4,416.666666666667,16.0013888888889,18,0.206255220224,2.12523187584177,0,0,0,0,7.13169851046691,6.03468366622796,1.38629436111989,0
16080,602.56,4,74.5,119.55,150.64,81.1305555555556,29,0.041606805056965,3.27322123243266,129.66,2,-129.66,1,6.40284545564545,5.02150929064813,1.6094379124341,4.8725985294126
16081,4453.23,8,280.5,782.7,556.65375,56.0305555555556,241,0.0117236152920033,4.90107568737619,0,0,0,0,8.40160948546027,6.32373825006601,2.19722457733622,0
16082,106.75,1,39,39,106.75,669.898611111111,16,0.0928411826972122,2.54871701191743,0,0,0,0,4.67981372898386,4.67981372898386,0.693147180559945,0
16083,2352.38,4,378.5,517.4,588.095,100.127083333333,63,0.0482442427209118,3.58154902392794,0,0,0,0,7.76360787165089,6.37858746096828,1.6094379124341,0
16084,436.18,1,216,216,436.18,298.864583333333,38,0.0437920807178852,3.31850650641007,0,0,0,0,6.08034500960186,6.08034500960186,0.693147180559945,0
16085,2343.53,12,115.333333333333,174.9,195.294166666667,22.9763888888889,260,0.0111328657642817,5.0809213873354,5.8,1,-5.8,1,7.75984023435308,5.27961438442043,2.56494935746154,1.91692261218206
16086,2864.99,10,152.6,240.9,286.499,59.0284722222222,68,0.0391051314041853,3.6364435916177,2.08,1,-2.08,1,7.9606691191985,5.66121938197049,2.39789527279837,1.12492959698548
16087,1739.92,5,132.8,207.2,347.984,388.8375,6,0.642634456242488,0.813534146316178,0,0,0,0,7.46216898810933,5.85502607587929,1.79175946922805,0
16088,1437.43,2,186.5,249.05,718.715,575.148611111111,3,0.560207012447935,0.777350571154174,0,0,0,0,7.27130752000709,6.57885530031407,1.09861228866811,0
16089,271.44,2,61,78.1,135.72,385.957638888889,42,0.042261107410769,3.43132611120676,0,0,0,0,5.60741840637312,4.91793503880734,1.09861228866811,0
16090,205.91,1,65,65,205.91,623.989583333333,18,0.100955224384552,2.48977175695744,0,0,0,0,5.33228391611131,5.33228391611131,0.693147180559945,0
16091,315.06,2,77,82.4,157.53,154.211805555556,16,0.0707525008894671,2.71091400455996,0,0,0,0,5.75593206898096,5.06594384985514,1.09861228866811,0
16092,1587.94,6,198,248.25,264.656666666667,114.127777777778,61,0.0221327013082548,3.95401302657291,72.45,4,-72.45,1,7.37082240622657,5.58220474825933,1.94591014905531,4.29660490261989
16093,17,1,20,20,17,106.111805555556,1,1,0,0,0,0,0,2.89037175789616,2.89037175789616,0.693147180559945,0
16094,3695.56,11,183.636363636364,343.5,335.96,11.0034722222222,105,0.0201912563239905,4.29705136363635,96.4,8,-96.4,1,8.21515793643583,5.81996422894561,2.484906649788,4.57882621064849
16095,447.05,1,265,265,447.05,455.872222222222,30,0.035451144569113,3.36703765193391,0,0,0,0,6.10490483333023,6.10490483333023,0.693147180559945,0
16096,1263.94,4,175,290.15,315.985,263.966666666667,59,0.0267644552757372,3.86099456456442,0,0,0,0,7.1427799692067,5.75885445414573,1.6094379124341,0
16097,185.05,1,87,87,185.05,240.002083333333,10,0.105938126510277,2.27538289530767,0,0,0,0,5.22601545479263,5.22601545479263,0.693147180559945,0
16098,4161.14,14,139.857142857143,268,297.224285714286,87.1604166666667,86,0.0309608788264925,3.88528237016189,0,0,0,0,8.33378464406204,5.69784584004161,2.70805020110221,0
16099,1573.2,7,137.142857142857,217.2,224.742857142857,50.0256944444444,45,0.042814829473648,3.45131259161994,4.95,1,-4.95,1,7.36150248570835,5.41939655123332,2.07944154167984,1.78339121955754
16100,582.64,1,438,438,582.64,462.090972222222,37,0.0288989584290317,3.57618865108296,0,0,0,0,6.36928435439582,6.36928435439582,0.693147180559945,0
16101,3229.16,4,461,709.6,807.29,70.1472222222222,157,0.00832294498710886,4.92927592361222,61.74,3,-61.74,1,8.08028695059357,6.69492090501908,1.6094379124341,4.13899920276253
16102,1842.14,3,314,448.8,614.046666666667,42.0215277777778,41,0.0501587918758907,3.31468205653121,0,0,0,0,7.51922591788841,6.42169814568653,1.38629436111989,0
16103,6191.71,22,119.954545454545,232.95,281.441363636364,6.94027777777778,119,0.0273530016244685,4.16567715747289,188.95,5,-188.95,1,8.73112807277883,5.64347096669329,3.13549421592915,5.24676087963363
16104,2778.61,9,116.444444444444,202.2,308.734444444444,61.14375,189,0.0131170157213543,4.74694208246597,263.25,2,-263.25,1,7.93006590907365,5.73571529953696,2.30258509299405,5.57689562475035
16105,2405.63,5,425,617.4,481.126,248.150694444444,92,0.0209560893918757,4.2356780444856,0,0,0,0,7.78598270764564,6.17820549067714,1.79175946922805,0
16106,108.38,1,74,74,108.38,65.1340277777778,6,0.172307997112672,1.77475167674325,0,0,0,0,4.69482805791863,4.69482805791863,0.693147180559945,0
16107,3136.36,7,168,287.4,448.051428571429,17.1319444444444,16,0.1201102989505,2.32886636550474,0,0,0,0,8.05113696093053,6.10713742143119,2.07944154167984,0
16108,2235.92,4,368.25,573.45,558.98,84.0847222222222,127,0.0088183169505976,4.78779589145889,63.99,4,-63.99,1,7.71285519866915,6.32790106880571,1.6094379124341,4.17423341190626
16109,930.36,3,356,501.6,310.12,218.189583333333,30,0.0676891046398718,3.00984579800992,15.9,1,-15.9,1,6.83664588352342,5.74017868984749,1.38629436111989,2.82731362192903
16110,1819.49,4,225.5,354.5,454.8725,44.96875,343,0.00556543639915511,5.48931837346382,0,0,0,0,7.50686097460397,6.12221316515439,1.6094379124341,0
16111,562.48,1,236,236,562.48,427.749305555556,72,0.0289857522341324,3.89444966971971,0,0,0,0,6.33413184039211,6.33413184039211,0.693147180559945,0
16112,206.3,4,137.5,188.4,51.575,142.973611111111,15,0.139249012387073,2.34733117891741,0,0,0,0,5.33416701944173,3.96224072158876,1.6094379124341,0
16113,161.38,1,176,176,161.38,182.898611111111,30,0.0671292147611287,2.94608203493153,0,0,0,0,5.0899392674343,5.0899392674343,0.693147180559945,0
16114,135.75,1,43,43,135.75,170.150694444444,8,0.126859375476939,2.07164847023881,0,0,0,0,4.91815444130209,4.91815444130209,0.693147180559945,0
16115,2575.14,12,133.416666666667,210.15,214.595,9.05416666666667,244,0.0092384975567442,5.04081589751258,0,0,0,0,7.85404743357354,5.3734016476713,2.56494935746154,0
16116,612.78,1,248,248,612.78,211.075694444444,34,0.0358106206402472,3.41964355204538,19.9,1,-19.9,1,6.41963655775122,6.41963655775122,0.693147180559945,3.03974915897077
16117,654.4,3,107,129.2,218.133333333333,189.088888888889,65,0.0326177621786096,3.72501170499575,4.35,1,-4.35,1,6.48524573626471,5.38968037256201,1.38629436111989,1.67709656090792
16118,4325.37,1,2755,2755,4325.37,652.131944444444,41,0.0335143255204283,3.51707419566115,120.82,4,-120.82,1,8.37248413221295,8.37248413221295,0.693147180559945,4.80254454540834
16119,1720.81,8,101.375,190.2,215.10125,7.90208333333333,37,0.113879771359034,2.93883609130969,0,0,0,0,7.45113134208247,5.3757470478552,2.19722457733622,0
16120,3057.41,6,367.5,1161,509.568333333333,58.9777777777778,84,0.0248323347102868,3.89160679616778,15,1,-15,1,8.02565045206035,6.23552448434388,1.94591014905531,2.77258872223978
16121,1477.57,5,179.4,383.6,295.514,57.0354166666667,265,0.00968828368267276,5.08342676048639,19.9,1,-19.9,1,7.29883068345416,5.69209443486101,1.79175946922805,3.03974915897077
16122,962.46,6,221,431.5,160.41,72.9277777777778,27,0.0592408648493121,3.011576879556,0,0,0,0,6.87053097168387,5.08394771178519,1.94591014905531,0
16123,307.78,1,170,170,307.78,51.1888888888889,16,0.0746903970694429,2.68145262437095,0,0,0,0,5.73262904921378,5.73262904921378,0.693147180559945,0
16124,1772.49,4,199.25,306.3,443.1225,316.920138888889,65,0.0218641050782786,3.99374215358342,63.1,2,-63.1,1,7.48070463562998,6.09610042527947,1.6094379124341,4.16044436392662
16125,4569.7,14,138.857142857143,281.25,326.407142857143,366.876388888889,181,0.0186084083802662,4.55638982776408,0,0,0,0,8.427421645025,5.79120448161152,2.70805020110221,0
16126,14563.88,15,403.866666666667,1182.3,970.925333333333,28.8659722222222,149,0.0228453521599517,4.17803418562194,0,0,0,0,9.58636843043065,6.87927898395152,2.77258872223978,0
16127,801.31,2,195.5,310.25,400.655,38.9527777777778,75,0.0206626056553887,4.03277638752171,0,0,0,0,6.68749506684746,5.99559351119166,1.09861228866811,0
16128,3733.37,11,209.181818181818,380,339.397272727273,17.0666666666667,155,0.0109702895756836,4.79213628866214,52.65,3,-52.65,1,8.22533440864095,5.83011338470259,2.484906649788,3.98248146907671
16129,1251.69,3,420.333333333333,576.1,417.23,406.972916666667,92,0.0124936869053477,4.44967798028852,0,0,0,0,7.13304851806104,6.03603152043311,1.38629436111989,0
16130,978.73,4,74,127.6,244.6825,421.941666666667,53,0.0340334027004652,3.76501221265884,0,0,0,0,6.88727702350063,5.50404005191928,1.6094379124341,0
16131,9957.42,12,397.333333333333,1072,829.785,51.08125,139,0.0174148980942461,4.44925089210349,91.15,3,-91.15,1,9.2061737034567,6.72237103695211,2.56494935746154,4.52341768411583
16132,620.3,2,140,143.6,310.15,544.000694444444,14,0.167084702011521,2.13112760500664,0,0,0,0,6.43181405706965,5.74027511101523,1.09861228866811,0
16133,21582.92,56,225.392857142857,429.25,385.409285714286,3.05972222222222,308,0.00946660267130212,5.12894436560454,701.43,22,-763.38,0.918847756032382,9.97970387199145,5.95689713340129,4.04305126783455,6.55454575211498
16134,2096.38,5,300.2,544.2,419.276,21.1145833333333,87,0.0163517725782565,4.28096117441785,25.35,2,-25.35,1,7.64844422573932,6.04091163831074,1.79175946922805,3.27146827498737
16135,819.45,2,197.5,207.85,409.725,262.013888888889,35,0.0661452267781421,3.24791515007446,0,0,0,0,6.70985297022116,6.0179238907924,1.09861228866811,0
16136,946.8,4,168.5,256.1,236.7,59.1944444444444,44,0.0315948609676532,3.62380811025007,25.72,1,-25.72,1,6.85414350953349,5.47100937436615,1.6094379124341,3.28541234866844
16137,422.7,1,210,210,422.7,679.906944444444,28,0.0415598038206626,3.26632091987616,0,0,0,0,6.04902565763251,6.04902565763251,0.693147180559945,0
16138,859.47,3,226,459.6,286.49,378.025694444444,35,0.0472891527963306,3.29491295779431,15.9,1,-15.9,1,6.75747875159237,5.66118807702378,1.38629436111989,2.82731362192903
16139,1111.15,5,120.4,207,222.23,18.1756944444444,47,0.0291212301652149,3.68657214221773,0,0,0,0,7.01405035779974,5.40820263007728,1.79175946922805,0
16140,1511.76,3,434.666666666667,572,503.92,65.0659722222222,51,0.0295439412867681,3.71601387578672,21.41,2,-21.41,1,7.32169107595819,6.22440000088466,1.38629436111989,3.10950728781284
16141,955.94,2,205,234.7,477.97,88.0270833333333,50,0.0229138714273649,3.84371142295686,0,0,0,0,6.86374069356272,6.17163796496938,1.09861228866811,0
16142,535.34,1,422,422,535.34,249.148611111111,37,0.0335093308821606,3.49369902587125,0,0,0,0,6.28476828832782,6.28476828832782,0.693147180559945,0
16143,4696.83,12,167.583333333333,242.7,391.4025,2.94236111111111,117,0.0200359946459372,4.33842521770057,43.95,4,-43.95,1,8.45485597895324,5.97228809872086,2.56494935746154,3.80555076091763
16144,175.2,1,16,16,175.2,246.153472222222,1,1,0,0,0,0,0,5.17161971350208,5.17161971350208,0.693147180559945,0
16145,6822.28,19,277.368421052632,428.3,359.067368421053,8.09513888888889,221,0.00891804553965363,5.04251450268607,111.84,10,-111.84,1,8.82809557364012,5.8862911484456,2.99573227355399,4.7259708861338
16146,946.38,4,136,202.75,236.595,156.979166666667,34,0.0589739972679883,3.20386166795387,0,0,0,0,6.85370027985939,5.47056754349602,1.6094379124341,0
16147,2398.91,5,279,413.2,479.782,133.161805555556,115,0.0125230098974297,4.56736428047463,31.89,2,-31.89,1,7.78318651563289,6.1754139449162,1.79175946922805,3.49316866020097
16148,386.62,2,125,172.7,193.31,295.950694444444,9,0.14976864857431,2.03746717755123,16.25,2,-16.25,1,5.9600254782726,5.26945482186294,1.09861228866811,2.84781214347737
16149,425.1,3,199.333333333333,277.8,141.7,4.05625,30,0.0378960058715065,3.32871053636039,0,0,0,0,6.05467406050587,4.96074452448279,1.38629436111989,0
16150,4394.64,10,216.4,338.1,439.464,42.0493055555556,144,0.0128471627830736,4.6863824377842,240.9,10,-240.9,1,8.38836841954046,6.08782871672439,2.39789527279837,5.48852441761598
16152,1829.04,1,642,642,1829.04,268.127083333333,29,0.0429771729783553,3.2391706334006,0,0,0,0,7.51209310352008,7.51209310352008,0.693147180559945,0
16153,5012.53,11,305.181818181818,784.5,455.684545454545,49.125,173,0.0101681728253082,4.87083845291472,95.98,2,-95.98,1,8.5198955367897,6.12399288001809,2.484906649788,4.57450477167721
16155,778,5,99,150.8,155.6,381.032638888889,45,0.0278320755215733,3.71682527036655,15.85,1,-15.85,1,6.65801104587075,5.0536947835567,1.79175946922805,2.82435065679837
16156,6218.18,20,162,257.55,310.909,8.00555555555556,201,0.0117505799931992,4.9159919714278,284.59,6,-284.59,1,8.73539334424509,5.74271147859982,3.04452243772342,5.65455721584682
16157,656.69,3,115.666666666667,191.1,218.896666666667,15.0479166666667,12,0.162290153747938,2.11391599404304,12.45,1,-12.45,1,6.48873369569118,5.39315773904049,1.38629436111989,2.59897910604785
16158,600.37,9,20.2222222222222,60.4,66.7077777777778,521.996527777778,29,0.050166114659306,3.19343544135748,17,1,-17,1,6.39921038570528,4.21520105925403,2.30258509299405,2.89037175789616
16159,1232.79,4,158.75,225.05,308.1975,281.015972222222,39,0.0307443990179811,3.56622546219176,2.5,1,-2.5,1,7.11784601170136,5.73398023129895,1.6094379124341,1.25276296849537
16160,932.16,2,477,771.3,466.08,64.9798611111111,20,0.077489122635736,2.78112261180181,15.99,2,-15.99,1,6.83857667596244,6.14650054920751,1.09861228866811,2.83262493568384
16161,12832.8,43,148.372093023256,383.9,298.437209302326,1.02777777777778,475,0.00499100694071723,5.63269332001363,382.84,14,-382.84,1,9.45983759458299,5.70190474383035,3.78418963391826,5.95022579909138
16162,37.4,1,4,4,37.4,251.949305555556,2,0.566115702479339,0.625491359725573,0,0,0,0,3.64805745959368,3.64805745959368,0.693147180559945,0
16163,2847.63,6,128,256,474.605,231.940972222222,59,0.1949614153501,2.71070552432222,585.95,8,-585.95,1,7.95459345593418,6.16458767779753,1.94591014905531,6.37493963732453
16164,818.58,3,144.333333333333,188.2,272.86,16.9069444444444,27,0.0915441544277191,2.8753677068458,18,1,-19.95,0.902255639097744,6.70879201391962,5.61261702690409,1.38629436111989,2.94443897916644
16165,36,1,2,2,36,504.98125,1,1,0,0,0,0,0,3.61091791264422,3.61091791264422,0.693147180559945,0
16166,435.83,2,86.5,87.85,217.915,427.920833333333,20,0.056575725162337,2.93035084804713,108.35,2,-108.35,1,6.07954410339092,5.38868352662151,1.09861228866811,4.69455374712278
16167,1255.08,5,174,317.4,251.016,413.928472222222,52,0.0301685264467618,3.74729430579594,236.25,1,-236.25,1,7.13575103926727,5.52949257755938,1.79175946922805,5.46911443749004
16168,10457.07,66,76.530303030303,172,158.440454545455,10.0034722222222,132,0.0205338257752409,4.30566480385931,97.39,7,-97.39,1,9.2551292081661,5.07167052678767,4.20469261939097,4.58893917287767
16169,1825.61,4,331.25,443.15,456.4025,7.89027777777778,71,0.0250496672831114,3.99934169676929,0,0,0,0,7.51021706889495,6.1255637472493,1.6094379124341,0
16170,6873.39,20,302.8,479.3,343.6695,50.2284722222222,266,0.00711470187839078,5.27573579851723,55.33,5,-55.33,1,8.83555819132555,5.84258598686938,3.04452243772342,4.03122725290662
16171,73.2,1,24,24,73.2,58.9576388888889,3,0.333613276001075,1.09818941637507,0,0,0,0,4.30676415017333,4.30676415017333,0.693147180559945,0
16172,1884.55,8,177.375,315.65,235.56875,95.0194444444444,81,0.0225006003875876,4.14486829124267,0,0,0,0,7.54197483451175,5.46623886336202,2.19722457733622,0
16173,1418.32,6,95.8333333333333,138.5,236.386666666667,15.08125,70,0.0182015293417969,4.13729077728978,11.75,1,-11.75,1,7.25793316265946,5.46969031659943,1.94591014905531,2.54553127160444
16174,2038.75,7,175.857142857143,228.6,291.25,126.016666666667,30,0.0591337832559759,3.02023113821281,0,0,0,0,7.62058253030891,5.67760960035218,2.07944154167984,0
16175,1836.44,7,133.142857142857,163.4,262.348571428571,93.9708333333333,59,0.0351545205009,3.7616259492814,0,0,0,0,7.51612857749264,5.57347852130322,2.07944154167984,0
16176,2052.69,4,238,344.7,513.1725,420.997222222222,56,0.0355730425232405,3.68420340515567,88.65,3,-88.65,1,7.62739345407383,6.24255881226588,1.6094379124341,4.49591320005114
16177,2245.41,8,127.625,186.2,280.67625,50.0368055555556,80,0.0216337673049503,4.1368055145974,105.7,4,-105.7,1,7.71708866538853,5.64075836177891,2.19722457733622,4.67002115830771
16178,612.6,2,152,204.2,306.3,137.90625,24,0.0634385761666874,2.98901219526344,0,0,0,0,6.41934325005305,5.72782446913644,1.09861228866811,0
16179,215.83,1,99,99,215.83,60.1729166666667,11,0.117825291157229,2.25800637340963,0,0,0,0,5.37911363637613,5.37911363637613,0.693147180559945,0
16180,16224.43,13,753,1210,1248.03307692308,99.8902777777778,182,0.0284144901273635,4.18134718679857,79.6,3,-79.6,1,9.69433504353236,7.13012499249956,2.63905732961526,4.38949864951258
16181,305.54,1,152,152,305.54,73.0083333333333,11,0.248276306233333,1.88445800114174,0,0,0,0,5.72534825257076,5.72534825257076,0.693147180559945,0
16182,7832.65,9,518.555555555556,752,870.294444444444,72.01875,24,0.0942815340648058,2.58966783776076,0,0,0,0,8.96618383617897,6.76997997304848,2.30258509299405,0
16183,1077.81,4,87.75,154.65,269.4525,66.9520833333333,32,0.0443492662599453,3.27744609542486,0,0,0,0,6.98361386078138,5.60009648212755,1.6094379124341,0
16184,1158.79,6,93.5,147.25,193.131666666667,63.8381944444444,26,0.0727086894174647,2.92116548490896,3.25,1,-3.25,1,7.05599423322893,5.26853662301268,1.94591014905531,1.44691898293633
16185,644.72,3,107,148.4,214.906666666667,16.13125,40,0.0276555789361561,3.63480268915399,0,0,0,0,6.47036597328933,5.37484621553716,1.38629436111989,0
16186,9028.27,26,262.5,496.25,347.241153846154,22.0048611111111,183,0.0107689230428835,4.81069417769317,42.2,4,-42.2,1,9.10822680150419,5.85289521060334,3.29583686600433,3.76584049525006
16187,6892.37,15,336.533333333333,694.4,459.491333333333,31.125,160,0.0129309184757824,4.67855849623824,70.2,2,-70.2,1,8.83831535908904,6.13229403539521,2.77258872223978,4.26549281841793
16188,1089.1,5,167.6,335.6,217.82,44.0631944444444,72,0.0160087345932134,4.20121014391484,9.95,1,-9.95,1,6.99402471413431,5.38824947404864,1.79175946922805,2.39333945626251
16189,215.48,2,67,98.5,107.74,15.04375,9,0.15107816244161,2.04942422913252,0,0,0,0,5.37749816442248,4.68895971171777,1.09861228866811,0
16190,2664.05,8,153.875,228.15,333.00625,39.86875,92,0.019072992785443,4.26146489944001,0,0,0,0,7.88797809815002,5.81115970537647,2.19722457733622,0
16191,14417.11,24,339,1030.3,600.712916666667,2.05833333333333,114,0.0257965914973702,4.10073400282289,525.9,16,-525.9,1,9.57624033428762,6.39978044895063,3.2188758248682,6.26701077721524
16192,351.3,1,208,208,351.3,735.015277777778,11,0.151730439798693,2.13099208813118,0,0,0,0,5.86448308534719,5.86448308534719,0.693147180559945,0
16193,630.43,2,189.5,216.05,315.215,236.086805555556,38,0.0286605087856182,3.59226029408065,0,0,0,0,6.44798708845731,5.75642236198038,1.09861228866811,0
16194,308.6,1,140,140,308.6,374.973611111111,8,0.166130390881572,1.91446095387014,0,0,0,0,5.73528114171557,5.73528114171557,0.693147180559945,0
16195,323.25,1,123,123,323.25,722.945138888889,16,0.0714106836203509,2.70461400097106,0,0,0,0,5.78151482319655,5.78151482319655,0.693147180559945,0
16196,93.3,1,26,26,93.3,488.090277777778,4,0.25652133456023,1.37228241350978,0,0,0,0,4.54648118963941,4.54648118963941,0.693147180559945,0
16197,2016.71,9,157.777777777778,338,224.078888888889,469.0375,52,0.0326027705099652,3.69524251682699,0,0,0,0,7.60971848394653,5.41645095803649,2.30258509299405,0
16198,1030.25,2,192,248.7,515.125,74.9527777777778,32,0.0398712155076469,3.32725512793265,0,0,0,0,6.93852693764889,6.24634898420625,1.09861228866811,0
16199,876.75,7,42.4285714285714,106.5,125.25,391.996527777778,2,0.715244324988054,0.458951910998501,0,0,0,0,6.77736181504854,4.83826406815547,2.07944154167984,0
16200,5643.57,12,257.416666666667,666.65,470.2975,3.92361111111111,372,0.00881588352695943,5.31188754974947,13.5,1,-13.5,1,8.63844930007745,6.15548952943864,2.56494935746154,2.67414864942653
16201,2112.6,5,284.2,398.4,422.52,2.86666666666667,86,0.017609536830132,4.24178603969389,41.95,1,-41.95,1,7.65614793376806,6.04860073847879,1.79175946922805,3.76003664843026
16202,2480.04,9,145.222222222222,258.4,275.56,360.088194444444,108,0.0148983347662827,4.45818199678458,34.95,2,-34.95,1,7.81643310609307,5.62242779561337,2.30258509299405,3.58212908416706
16203,1114.54,6,101.166666666667,211.25,185.756666666667,58.0548611111111,56,0.0284972187793942,3.74576086016532,3.75,1,-3.75,1,7.01709387158917,5.22980652172471,1.94591014905531,1.55814461804655
16204,944.24,3,228.666666666667,230.8,314.746666666667,22.9652777777778,85,0.0228941361255034,4.10014015171799,5,1,-5,1,6.85143886350323,5.75494020429971,1.38629436111989,1.79175946922805
16205,1830.85,7,207.857142857143,386.6,261.55,30.1375,151,0.0204845609694911,4.4064884300584,0,0,0,0,7.51308166415265,5.57044154008387,2.07944154167984,0
16206,2598.42,13,106.461538461538,177.8,199.878461538462,54.13125,188,0.0163774152009929,4.66583977623309,4.95,1,-4.95,1,7.86304362220114,5.30270005621019,2.63905732961526,1.78339121955754
16207,380.38,1,140,140,380.38,24.9576388888889,19,0.0767005913687487,2.71172978531949,0,0,0,0,5.94379625340648,5.94379625340648,0.693147180559945,0
16208,3432.68,10,154.1,290.65,343.268,44.0930555555556,180,0.0123921842060862,4.70829046154023,0,0,0,0,8.14138785132619,5.84142042382352,2.39789527279837,0
16209,3281.34,9,175.888888888889,267,364.593333333333,88.0777777777778,52,0.199749451233804,2.58260311750414,0,0,0,0,8.09631186165308,5.90152160454868,2.30258509299405,0
16210,21627.8,35,251.857142857143,668.999999999999,617.937142857143,1.00972222222222,154,0.164844102961229,3.19863121104984,185.45,2,-185.45,1,9.98178103890604,6.42800372125563,3.58351893845611,5.22816310662483
16211,940.59,3,133,151.1,313.53,88.06875,36,0.0751978054751142,3.13009276880163,4.25,1,-4.25,1,6.84756993566877,5.75107946109836,1.38629436111989,1.65822807660353
16212,1293.71,4,142.75,170.15,323.4275,18.9930555555556,74,0.014810598138444,4.25882235857606,9.15,1,-9.15,1,7.16604201083179,5.78206209053488,1.6094379124341,2.3174737054878
16213,159,1,48,48,159,78.1576388888889,6,0.290338198647205,1.50268631147293,0,0,0,0,5.07517381523383,5.07517381523383,0.693147180559945,0
16214,2002.97,4,285,654.9,500.7425,170.097222222222,87,0.0199615951176919,4.23601692886405,0,0,0,0,7.60288549203282,6.21808703988162,1.6094379124341,0
16215,242.35,1,104,104,242.35,80.1472222222222,14,0.0749609816097783,2.61419323553081,0,0,0,0,5.49450073627946,5.49450073627946,0.693147180559945,0
16216,763.98,1,254,254,763.98,266.886111111111,37,0.0352291795551718,3.48078199502304,0,0,0,0,6.63984968969393,6.63984968969393,0.693147180559945,0
16217,304.25,2,45.5,58.55,152.125,235.013194444444,13,0.132186384477908,2.30939938357549,44.86,2,-44.86,1,5.72113111299081,5.03125458129899,1.09861228866811,3.82559327742976
16218,4439.97,13,249,693.6,341.536153846154,29.11875,86,0.0284510891894202,3.94015169091145,96.37,6,-96.37,1,8.39862810003398,5.83637721080626,2.63905732961526,4.57851815499066
16219,40.8,1,48,48,40.8,500.0875,1,1,0,0,0,0,0,3.73289633953071,3.73289633953071,0.693147180559945,0
16221,2239.83,9,168.333333333333,356,248.87,36.0465277777778,177,0.0153669262808816,4.64694572397151,6.5,1,-6.5,1,7.71460161193197,5.52094078261536,2.30258509299405,2.01490302054226
16222,1345.22,2,251.5,353.65,672.61,317.966666666667,134,0.0155393691348879,4.46524901994202,0,0,0,0,7.20505594409974,6.51265130842362,1.09861228866811,0
16223,1091.91,2,295.5,377.85,545.955,374.041666666667,101,0.0210825258544606,4.21856118556363,0,0,0,0,6.99659914260874,6.30436653212745,1.09861228866811,0
16224,1622.46,5,311,432.4,324.492,56.8326388888889,107,0.0117636291652656,4.55280227966725,0,0,0,0,7.39231495311187,5.78533788377363,1.79175946922805,0
16225,2867.41,15,85.6666666666667,189.6,191.160666666667,44.2222222222222,195,0.0157720807238882,4.66392572934727,45.5,3,-45.5,1,7.96151314826646,5.25833182765677,2.77258872223978,3.83945231259331
16226,672.17,5,104.2,230.4,134.434,202.964583333333,23,0.0977071197242366,2.74227766713954,0,0,0,0,6.51199789804382,4.90848443678454,1.79175946922805,0
16227,1027.22,3,145.333333333333,210.6,342.406666666667,225.011805555556,28,0.157379769601984,2.60886102816072,78.4,3,-78.4,1,6.93558443090081,5.83891536198101,1.38629436111989,4.37449836825309
16228,890.81,3,187,286.6,296.936666666667,384.9375,45,0.0798246901763975,3.1364717347647,4.65,1,-4.65,1,6.79325310540703,5.69688093595393,1.38629436111989,1.73165554515835
16229,2867.86,6,215.333333333333,306.25,477.976666666667,86.8569444444445,152,0.0132573217501997,4.69542305821071,32.5,1,-32.5,1,7.96167001730031,6.17165188362873,1.94591014905531,3.51154543883102
16230,542.03,2,182.5,193.75,271.015,189.155555555556,32,0.0397903299337538,3.35549360434402,0,0,0,0,6.29716456702657,5.60585721183428,1.09861228866811,0
16231,1078.22,4,141,174.8,269.555,378.909722222222,71,0.04291827383142,3.54197825531476,0,0,0,0,6.98399383696793,5.60047540479027,1.6094379124341,0
16232,2713.45,7,264.142857142857,500.9,387.635714285714,43.0652777777778,61,0.0436040274225962,3.60043614671968,20.95,3,-20.95,1,7.90634463357741,5.96264243772732,2.07944154167984,3.08876713952118
16233,1966.21,9,76.5555555555556,133.2,218.467777777778,70.8493055555556,50,0.0892320639749083,3.22176106610552,147,3,-147,1,7.58437157425629,5.39120542346039,2.30258509299405,4.99721227376411
16234,333.66,3,56.6666666666667,76.4,111.22,475.970138888889,13,0.133579449988319,2.27130209643819,20.4,1,-20.4,1,5.81311509106643,4.72046123032283,1.38629436111989,3.06339092202781
16235,2045.86,9,87.5555555555556,197.6,227.317777777778,40.0791666666667,80,0.017156982309078,4.23049178621541,63.1,2,-63.1,1,7.62406219055249,5.43073842075272,2.30258509299405,4.16044436392662
16236,432.2,1,184,184,432.2,77.9861111111111,20,0.0591505466580698,2.91040874410825,0,0,0,0,6.07119951512684,6.07119951512684,0.693147180559945,0
16237,136.65,1,57,57,136.65,436.866666666667,7,0.155235257331722,1.9079584148569,0,0,0,0,4.92471423158862,4.92471423158862,0.693147180559945,0
16238,63.66,1,85,85,63.66,422.051388888889,6,0.199819493462412,1.6894934436234,0,0,0,0,4.16914277229729,4.16914277229729,0.693147180559945,0
16239,1492.2,6,115.333333333333,228.5,248.7,56.2229166666667,24,0.096273224978439,2.63727657701379,41.3,1,-41.3,1,7.30867674704043,5.52026019728573,1.94591014905531,3.74478708605223
16240,3464.8,2,820.5,923.55,1732.4,23.9305555555556,126,0.0189421396856979,4.43905527743156,24.99,3,-24.99,1,8.15069876520615,7.45784007670024,1.09861228866811,3.2577118486534
16241,4332.57,16,148.5625,377.5,270.785625,9.07083333333333,508,0.00604700082140728,5.58573828200588,0,0,0,0,8.37414696166881,5.60501361216536,2.83321334405622,0
16242,7474.4,14,282.5,610.25,533.885714285714,7.90138888888889,367,0.00774461416764506,5.30794730647324,41.1,4,-41.1,1,8.91937290853287,6.28205310591885,2.70805020110221,3.74004774068834
16243,342.22,2,55,64,171.11,33.0125,49,0.0296215050975691,3.67566961227267,0,0,0,0,5.83837164097416,5.14813380728189,1.09861228866811,0
16244,2579.38,2,737,1187.9,1289.69,211.147222222222,88,0.0133210114565313,4.39144923790789,0,0,0,0,7.85569195389173,7.16293223807734,1.09861228866811,0
16245,1397.63,3,338,551.4,465.876666666667,23.1083333333333,80,0.0144484552517973,4.31133128357593,43.35,2,-61.3,0.707177814029364,7.24324846506117,6.14606512571561,1.38629436111989,3.79211270875559
16246,827.25,2,169,255.4,413.625,459.073611111111,79,0.0255231786785145,3.97692741918722,0,0,0,0,6.71931504118001,6.02737449726722,1.09861228866811,0
16247,116.24,1,182,182,116.24,169.977083333333,16,0.0937288332183124,2.51489772427686,0,0,0,0,4.76422311584269,4.76422311584269,0.693147180559945,0
16248,152.94,1,78,78,152.94,61.0958333333333,7,0.151837480863502,1.90922460160384,0,0,0,0,5.03656291610617,5.03656291610617,0.693147180559945,0
16249,1800.07,5,190,392.2,360.014,52.1548611111111,67,0.02556137558892,3.93797324428741,0,0,0,0,7.49613621171659,5.88891673874435,1.79175946922805,0
16250,791.38,3,125.333333333333,204.4,263.793333333333,260.904861111111,29,0.0474149056924879,3.19938061099736,0,0,0,0,6.67504107472798,5.57894964751229,1.38629436111989,0
16251,128.31,1,44,44,128.31,511.954861111111,20,0.0884167389373365,2.65215180320624,0,0,0,0,4.86221262230776,4.86221262230776,0.693147180559945,0
16252,295.09,1,158,158,295.09,382.036805555556,21,0.0525060592123728,2.99309882722482,590.18,1,-590.18,1,5.69066346216305,5.69066346216305,0.693147180559945,6.38212053956244
16253,7281.03,7,865.857142857143,1727.1,1040.14714285714,66.1951388888889,221,0.0076907988989838,5.10689660944173,35.16,2,-33.24,1.05776173285199,8.89316494847422,6.94807840623166,2.07944154167984,3.58795353552398
16254,988.5,3,183,337.1,329.5,377.977777777778,65,0.0231191470755366,3.92390470534572,0,0,0,0,6.89719976504262,5.80060665929174,1.38629436111989,0
16255,4892.42,15,203.333333333333,334.8,326.161333333333,16.0069444444444,244,0.0114647458416108,4.89582758877748,72.41,4,-72.41,1,8.49564672451522,5.79045342333632,2.77258872223978,4.29606016612269
16256,1597.37,3,530,901.4,532.456666666667,266.022222222222,28,0.0468140118029278,3.16424159243487,19.8,1,-19.8,1,7.37673963894938,6.2793778428256,1.38629436111989,3.03495298670727
16257,36,1,2,2,36,176.152083333333,2,0.5,0.693147180559945,0,0,0,0,3.61091791264422,3.61091791264422,0.693147180559945,0
16258,11236.92,15,368,706.4,749.128,45.0138888888889,256,0.0118512306837003,4.98338895205033,109,1,-109,1,9.32704905294241,6.62024385863512,2.77258872223978,4.70048036579242
16259,361.94,3,54,94.3,120.646666666667,409.974305555556,76,0.0183666034242924,4.15338043275233,0,0,0,0,5.89423753134688,4.80112066784028,1.38629436111989,0
16260,1035.45,1,311,311,1035.45,50.1736111111111,18,0.102993351851009,2.54097213314362,0,0,0,0,6.94355669144552,6.94355669144552,0.693147180559945,0
16261,1059.45,6,76.5,125.25,176.575,16.8104166666667,116,0.0212636984158812,4.21430675462549,0,0,0,0,6.96644862532136,5.17939305488387,1.94591014905531,0
16262,755.15,1,446,446,755.15,377.977777777778,46,0.0280960563327562,3.71054522525781,77.37,2,-77.37,1,6.62823976919675,6.62823976919675,0.693147180559945,4.36144120106477
16263,351.01,1,200,200,351.01,422.956944444444,19,0.111928227470965,2.44866183583252,0,0,0,0,5.86365958428548,5.86365958428548,0.693147180559945,0
16264,837.53,2,316,422.2,418.765,437.951388888889,62,0.0235476065569385,3.91756236923801,0,0,0,0,6.73165035879855,6.03969503087603,1.09861228866811,0
16265,6778.29,12,267.833333333333,446.3,564.8575,8.83958333333333,195,0.00957049728896038,4.94287276171464,41.55,3,-41.55,1,8.82162765568693,6.33834227972015,2.56494935746154,3.75067985501938
16266,1750.15,14,56.5,118.9,125.010714285714,73.0708333333333,75,0.0268133035468861,3.89052029980735,0,0,0,0,7.46802799395088,4.8363669373499,2.70805020110221,0
16267,186.66,1,198,198,186.66,590.986111111111,7,0.189714827602846,1.7897550720526,0,0,0,0,5.2346318148619,5.2346318148619,0.693147180559945,0
16268,614.18,2,266.5,445.15,307.09,70.8055555555556,45,0.027288158869662,3.69345517800659,0,0,0,0,6.42191490791005,5.7303919480814,1.09861228866811,0
16269,717.57,1,579,579,717.57,437.083333333333,53,0.0208091256105918,3.92049635206766,2.98,1,-2.98,1,6.57726312596493,6.57726312596493,0.693147180559945,1.38128181929635
16270,1141.24,1,688,688,1141.24,352.933333333333,54,0.0312462184111439,3.75536743373499,0,0,0,0,7.04074652575415,7.04074652575415,0.693147180559945,0
16271,3465.9,10,239.9,447.4,346.59,2.00347222222222,184,0.0174100062832994,4.59876388468104,5.95,1,-5.95,1,8.1510161018886,5.85102362427776,2.39789527279837,1.9387416595767
16272,411.7,1,224,224,411.7,116.122222222222,25,0.0512691707794757,3.00065622834632,0,0,0,0,6.02272093675854,6.02272093675854,0.693147180559945,0
16273,336.04,2,23,38.3,168.02,647.976388888889,15,0.110606924150614,2.44122627982006,0,0,0,0,5.82020161767076,5.13001705111634,1.09861228866811,0
16274,690.1,1,310,310,690.1,372.885416666667,64,0.0259842989012994,3.86542383395044,0,0,0,0,6.53828453109735,6.53828453109735,0.693147180559945,0
16275,2151.11,3,422.666666666667,525.2,717.036666666667,196.047916666667,107,0.0120103127483712,4.55197154189979,0,0,0,0,7.67420403521697,6.57652063552518,1.38629436111989,0
16276,1959.23,3,358.333333333333,479.1,653.076666666667,176.177777777778,20,0.177989298799886,2.10569648705493,0,0,0,0,7.58081709227872,6.48322457190568,1.38629436111989,0
16277,188.69,1,33,33,188.69,733.057638888889,23,0.0625204006701948,2.89387994074387,0,0,0,0,5.24539116073863,5.24539116073863,0.693147180559945,0
16278,933.84,3,114,150,311.28,99.8597222222222,50,0.0251840697720441,3.80765445308912,61.25,4,-61.25,1,6.84037539165082,5.74390022125209,1.38629436111989,4.13115853534482
16279,5705.08,9,410.111111111111,572.8,633.897777777778,20.9097222222222,254,0.00743330877179035,5.22293359864195,12.9,1,-12.9,1,8.64928755200464,6.45346400605653,2.30258509299405,2.63188884013665
16280,238.05,1,101,101,238.05,724.875694444444,16,0.0642296390441468,2.75832991810652,0,0,0,0,5.47667273507211,5.47667273507211,0.693147180559945,0
16281,3347.7,3,499.333333333333,834.2,1115.9,71.9534722222222,29,0.0602877772443746,3.00221666021378,7.5,1,-7.5,1,8.11632748980297,7.01831226954678,1.38629436111989,2.14006616349627
16282,1290.3,3,255.333333333333,529.8,430.1,339.047222222222,31,0.0567436690662896,3.08643318742206,0,0,0,0,7.16340474185261,6.06634008175309,1.38629436111989,0
16283,4418.22,8,361.125,755.85,552.2775,5.02916666666667,397,0.00518736633213171,5.60613985459935,92.45,4,-92.45,1,8.39371848891074,6.31585968397691,2.19722457733622,4.53742653390157
16284,1029.77,3,227.666666666667,292.8,343.256666666667,30.8597222222222,110,0.0202268995522715,4.27735636454737,0,0,0,0,6.93806137474584,5.84138750319225,1.38629436111989,0
16285,176.9,1,60,60,176.9,645.865972222222,31,0.0445913718487576,3.25255165080896,0,0,0,0,5.18122159467179,5.18122159467179,0.693147180559945,0
16286,328.95,2,50.5,77.95,164.475,476.959722222222,17,0.078350301910155,2.70775036758951,65.3,2,-65.3,1,5.79894112782943,5.10882012600499,1.09861228866811,4.19418989719182
16287,994.74,5,246.8,400.6,198.948,169.195833333333,19,0.0753374525947938,2.73523996293299,0,0,0,0,6.90348617932993,5.29805733274218,1.79175946922805,0
16288,129.85,1,19,19,129.85,469.961805555556,7,0.147861287771842,1.92927409706561,0,0,0,0,4.87405162897615,4.87405162897615,0.693147180559945,0
16289,136.55,1,97,97,136.55,461.991666666667,20,0.134087009196793,2.46450381005007,37.5,1,-37.5,1,4.92398748737058,4.92398748737058,0.693147180559945,3.65065824129374
16290,2057.45,4,250.25,549.1,514.3625,464.081944444444,85,0.0172067211862755,4.23192932925327,0,0,0,0,7.62970855138375,6.24487053654908,1.6094379124341,0
16291,18,1,1,1,18,681.85,1,1,0,0,0,0,0,2.94443897916644,2.94443897916644,0.693147180559945,0
16292,1253.76,5,137.6,219,250.752,121.059722222222,52,0.0337135687836694,3.69681707882174,82.3,4,-82.3,1,7.13469959821837,5.52844447595639,1.79175946922805,4.4224485491728
16293,4656,15,134.8,340.2,310.4,21.1194444444444,170,0.0107473607476146,4.8670102609118,25.75,4,-25.75,1,8.44612674298238,5.7410782593999,2.77258872223978,3.28653447334202
16294,126.05,1,54,54,126.05,476.075694444444,8,0.130844893375613,2.05634124591954,0,0,0,0,4.84458070976617,4.84458070976617,0.693147180559945,0
16295,1328.55,4,210.25,314.25,332.1375,9.18958333333333,70,0.0174822393242498,4.14368693229225,0,0,0,0,7.19259581809926,5.80855531766828,1.6094379124341,0
16296,1313.67,4,161.25,173.3,328.4175,625.985416666667,56,0.0268317704678111,3.84814603451241,67.7,2,-67.7,1,7.18134096254816,5.79732594322975,1.6094379124341,4.2297491992283
16297,301.9,1,206,206,301.9,268.18125,20,0.0535840109910064,2.95519386909162,26.5,3,-26.5,1,5.71340271803319,5.71340271803319,0.693147180559945,3.31418600467253
16298,1071.7,7,44,78.6,153.1,22.0354166666667,32,0.0598677741460298,3.15883972861087,5.7,2,-5.7,1,6.97793411360338,5.03760174232607,2.07944154167984,1.90210752639692
16299,193.65,1,107,107,193.65,476.836111111111,12,0.0844018741438824,2.47856658850064,15,1,-15,1,5.27120307405646,5.27120307405646,0.693147180559945,2.77258872223978
16300,1392.43,3,219.333333333333,257.9,464.143333333333,430.025,192,0.0162499371256599,4.70590946811809,0,0,0,0,7.23952361243458,6.14234560181762,1.38629436111989,0
16301,107.33,1,41,41,107.33,736.104166666667,6,0.182586492985959,1.74905669785165,0,0,0,0,4.68518212395748,4.68518212395748,0.693147180559945,0
16302,233.22,1,158,158,233.22,126.170833333333,11,0.11241331294282,2.29883899530068,20.4,1,-20.4,1,5.45626084461399,5.45626084461399,0.693147180559945,3.06339092202781
16303,7928.27,7,551.285714285714,1315.1,1132.61,25.0840277777778,161,0.0102152286308314,4.817777464243,104.55,2,-104.55,1,8.97831625490603,7.03316250979134,2.07944154167984,4.65918477429433
16304,381.66,1,228,228,381.66,694.180555555556,25,0.0431695041254142,3.17751196892759,0,0,0,0,5.94714686645686,5.94714686645686,0.693147180559945,0
16305,361.22,1,256,256,361.22,138.063888888889,22,0.0488454832246776,3.04878329076251,0,0,0,0,5.89225176203639,5.89225176203639,0.693147180559945,0
16306,1192.82,7,106,257.9,170.402857142857,213.068055555556,55,0.0328711410530656,3.73815217669414,30,3,-30,1,7.08491352881921,5.14401667546965,2.07944154167984,3.43398720448515
16307,1194.92,3,374.333333333333,555.5,398.306666666667,428.971527777778,70,0.0175029763884151,4.15097975950519,0,0,0,0,7.08667104264126,5.98972970981427,1.38629436111989,0
16308,268.8,7,120,120,38.4,37.0597222222222,1,1,0,0,0,0,0,5.59768094377366,3.67376581630389,2.07944154167984,0
16309,706.57,2,233.5,296.95,353.285,105.927083333333,39,0.0595829278340024,3.35651465052564,19.9,1,-19.9,1,6.56183656455249,5.87010167397265,1.09861228866811,3.03974915897077
16310,460.08,2,135,169.2,230.04,413.960416666667,26,0.0453489009010431,3.17734851792887,0,0,0,0,6.13357156373281,5.44259085570446,1.09861228866811,0
16311,616.26,2,197,213.2,308.13,17.1638888888889,35,0.0347653267319666,3.4523531347909,0,0,0,0,6.4252903289851,5.73376190039739,1.09861228866811,0
16312,171.15,1,53,53,171.15,431.982638888889,10,0.103947288577067,2.2828865379426,0,0,0,0,5.14836618978453,5.14836618978453,0.693147180559945,0
16313,274.15,2,82.5,97.35,137.075,2.99166666666667,16,0.0645303353202639,2.75626838590997,0,0,0,0,5.61731640350577,4.92779701578725,1.09861228866811,0
16314,1491.4,3,212,264.8,497.133333333333,389.030555555556,58,0.0270292468828795,3.84308614108578,0,0,0,0,7.308140841347,6.21086777880647,1.38629436111989,0
16315,402.71,2,71.5,74.65,201.355,330.036805555556,21,0.0538928081115137,2.98664606247767,0,0,0,0,6.00069679842156,5.31002358067807,1.09861228866811,0
16316,5197.32,13,235.153846153846,612,399.793846153846,64.0013888888889,197,0.00875216059758349,5.00823773602521,104.6,6,-211.6,0.494328922495274,8.55609077544585,5.99344719574521,2.63905732961526,4.65965837127216
16317,2192.51,5,247.2,356.8,438.502,119.044444444444,104,0.0145373580838365,4.47331182347567,12.75,1,-12.75,1,7.69325827951997,6.08564226774059,1.79175946922805,2.62103882411258
16318,328.15,1,199,199,328.15,34.9895833333333,19,0.0597325668448813,2.88696974114436,0,0,0,0,5.79651357391389,5.79651357391389,0.693147180559945,0
16319,404.4,1,72,72,404.4,217.099305555556,3,0.335681391929136,1.09501391989578,0,0,0,0,6.0048742340179,6.0048742340179,0.693147180559945,0
16320,5639.79,6,553.166666666667,931.5,939.965,171.934027777778,193,0.0106502795449332,4.92626523064073,28.2,2,-1200.14,0.0234972586531571,8.63777940560507,6.84690594441968,1.94591014905531,3.37416870927424
16321,604.55,7,37,80.8,86.3642857142857,71.9548611111111,16,0.12081527751797,2.44310318131919,339.05,3,-339.05,1,6.40613713596706,4.47008656887806,2.07944154167984,5.82909266562165
16322,327.43,2,115.5,119.55,163.715,0.88125,28,0.0504925049490229,3.15250216086087,0,0,0,0,5.79432372541568,5.10421670771779,1.09861228866811,0
16323,353.66,2,73,93.7,176.83,195.959722222222,4,0.414003884229969,1.0885541404272,0,0,0,0,5.87115958406433,5.18082803775557,1.09861228866811,0
16324,428.84,3,94,175.3,142.946666666667,128.036111111111,100,0.0194247680401785,4.22867375555263,0,0,0,0,6.06341304642057,4.96944286060158,1.38629436111989,0
16325,3597.5,12,205.333333333333,655.599999999999,299.791666666667,46.2097222222222,104,0.0226397813708365,4.25450127766949,133.66,5,-133.66,1,8.18827237094786,5.70641788779122,2.56494935746154,4.90275308311714
16326,4732.04,24,46.6666666666667,90.1,197.168333333333,5.11041666666667,256,0.0161166712388928,4.79392267392852,43,2,-120,0.358333333333333,8.46232298116992,5.28911683785629,3.2188758248682,3.78418963391826
16327,10435.28,16,452.75,817.5,652.205,13.9770833333333,311,0.00802872574314672,5.21569375160816,25.82,4,-25.82,1,9.25304347609984,6.48189101569041,2.83321334405622,3.28914787785353
16328,310.83,1,141,141,310.83,562.991666666667,16,0.071828578882405,2.70293245187127,0,0,0,0,5.74245816751803,5.74245816751803,0.693147180559945,0
16329,1703.07,4,206.5,272.3,425.7675,427.045833333333,83,0.0437180988048324,3.53421207915218,0,0,0,0,7.44077478635772,6.05623936844946,1.6094379124341,0
16330,634.51,7,46.7142857142857,118.9,90.6442857142857,17.0180555555556,106,0.0466094244004752,3.93560619001511,9.7,1,-9.7,1,6.45442782614693,4.51791462334342,2.07944154167984,2.37024374146786
16331,2037.7,6,126,336,339.616666666667,432.002083333333,33,0.0663703222329945,3.01654472301616,0,0,0,0,7.62006762880309,5.83075770028644,1.94591014905531,0
16332,2011.46,11,102.909090909091,218.5,182.86,27.9361111111111,159,0.0137428344006608,4.63426896573972,20.44,2,-20.44,1,7.6071131333188,5.21417459843561,2.484906649788,3.0652583362026
16333,5713.2,22,244.363636363636,600,259.690909090909,7.02152777777778,9,0.181412143165425,1.87107926905849,0,0,0,0,8.65070958392826,5.56333544918035,3.13549421592915,0
16334,277.48,1,211,211,277.48,491.883333333333,52,0.0257017382227232,3.79343696737717,0,0,0,0,5.62934624350318,5.62934624350318,0.693147180559945,0
16335,2771.1,7,145.142857142857,220.6,395.871428571429,551.09375,198,0.0101849063921997,4.92240147352612,27,1,-27,1,7.92736043469518,5.98361237073133,2.07944154167984,3.3322045101752
16336,3517.69,4,368.25,634.75,879.4225,420.054166666667,64,0.0292416241002338,3.79961646952489,0,0,0,0,8.16584404023285,6.78040190589094,1.6094379124341,0
16337,151.05,1,87,87,151.05,36.1159722222222,10,0.105736836517105,2.2730265408818,0,0,0,0,5.02420941412337,5.02420941412337,0.693147180559945,0
16338,214.8,1,94,94,214.8,156.995833333333,11,0.134619077466718,2.19857748462476,0,0,0,0,5.37435205282403,5.37435205282403,0.693147180559945,0
16339,109.95,1,23,23,109.95,283.964583333333,17,0.0823643224492674,2.65055977920133,0,0,0,0,4.7090796493786,4.7090796493786,0.693147180559945,0
16340,1526.66,3,448.333333333333,496.4,508.886666666667,106.95625,280,0.00699467484514186,5.28996174981595,0,0,0,0,7.33149243187775,6.23418847880113,1.38629436111989,0
16341,3850.79,7,431.714285714286,815.2,550.112857142857,24.1513888888889,111,0.0211463878714871,4.2971318883495,18.5,3,-18.5,1,8.25629325429795,6.3119396105805,2.07944154167984,2.9704144655697
16342,304.46,4,39.25,71.65,76.115,74.9680555555556,10,0.179113349183212,2.0056885690568,0,0,0,0,5.7218188371423,4.34529781417558,1.6094379124341,0
16343,685.12,3,140.666666666667,214.5,228.373333333333,15.7951388888889,54,0.0388394361711452,3.51510881445162,0,0,0,0,6.53105253954162,5.43535095266073,1.38629436111989,0
16344,842.42,4,176.5,415.1,210.605,157.916666666667,43,0.0353213918552636,3.60000208270352,0,0,0,0,6.73746505457173,5.35472132919458,1.6094379124341,0
16345,1135.54,2,310,328.9,567.77,43.9076388888889,96,0.0158818157070146,4.3388451555985,0,0,0,0,7.03574383844975,6.34347613448206,1.09861228866811,0
16346,224.51,1,289,289,224.51,384.871527777778,15,0.077401055778879,2.63236070556986,0,0,0,0,5.41836450385749,5.41836450385749,0.693147180559945,0
16347,3495.41,11,159.090909090909,297,317.764545454545,10.9833333333333,216,0.0111829997778207,4.87269156646136,27.4,2,-27.4,1,8.1594920067869,5.76445272823007,2.484906649788,3.34638914516716
16348,1798.7,8,147.25,293.2,224.8375,31.8791666666667,181,0.0132709954415692,4.6990269321236,0,0,0,0,7.49537526332716,5.41981571410005,2.19722457733622,0
16349,53.5,1,9,9,53.5,290.006944444444,9,0.213799563280636,1.75535332250265,0,0,0,0,3.9982007016692,3.9982007016692,0.693147180559945,0
16350,2253.89,9,119.666666666667,205,250.432222222222,20.8729166666667,73,0.0249390817369907,3.98003925333005,47.4,3,-47.4,1,7.72085647025917,5.52717345907349,2.30258509299405,3.87949981372259
16351,3330.03,13,166.538461538462,348.4,256.156153846154,332.1,127,0.0145749050330382,4.54711620897692,50.9,5,-50.9,1,8.11103684445754,5.54968350289377,2.63905732961526,3.94931879017184
16352,494.44,2,150,155.4,247.22,17.0958333333333,28,0.0418518565228612,3.24367570472058,0,0,0,0,6.20544625662981,5.51431544970138,1.09861228866811,0
16353,9999.46,38,92.9210526315789,217.05,263.143684210526,3.01875,79,0.357420784832523,2.2598510892848,13.53,3,-13.53,1,9.21038637091821,5.57649321346465,3.66356164612965,2.67621547758219
16354,1129.51,5,119.8,208,225.902,62.9736111111111,117,0.0156903265724794,4.39729197291747,0,0,0,0,7.03042413732242,5.42451820620266,1.79175946922805,0
16355,416.35,1,179,179,416.35,374.936805555556,47,0.0479194404632353,3.50398825522359,67.15,1,-67.15,1,6.03392519829675,6.03392519829675,0.693147180559945,4.22171115814254
16356,415.87,6,31.6666666666667,47.75,69.3116666666667,197.082638888889,27,0.0547076423472004,3.08544487268107,1.45,1,-1.45,1,6.03277442259496,4.25293774047665,1.94591014905531,0.896088024556636
16357,868.37,4,97.25,183.8,217.0925,32.8652777777778,43,0.0314750262166183,3.62649823772741,0,0,0,0,6.76776881140308,5.38491928472085,1.6094379124341,0
16358,2919.65,5,413,696.8,583.93,0.903472222222222,119,0.0163431103649318,4.47891832514168,2.55,1,-2.55,1,7.97956147322974,6.37149218195259,1.79175946922805,1.26694760348732
16359,2350.28,16,104.25,187.75,146.8925,6.82361111111111,78,0.16903923511343,3.04119453340729,104.35,4,-318.35,0.327783885660437,7.7627151397045,4.99648565849181,2.83321334405622,4.6572881402502
16360,3514.75,6,357.333333333333,543.5,585.791666666667,4.02361111111111,365,0.00631530537521497,5.45726966480358,100.84,2,-100.84,1,8.16500815275036,6.3746698448501,1.94591014905531,4.62340295424915
16361,896.66,4,105.25,188.45,224.165,9.0125,87,0.0193984703732194,4.18968580234802,0,0,0,0,6.7997913774542,5.41683346678025,1.6094379124341,0
16362,946.94,6,79.6666666666667,134.5,157.823333333333,31.9923611111111,69,0.0352997170331304,3.70982419950434,105.2,5,-105.2,1,6.85429120911281,5.06779247336754,1.94591014905531,4.66532410880784
16363,109.36,1,52,52,109.36,52.9833333333333,5,0.247362723278191,1.49152531370261,0,0,0,0,4.70374774934908,4.70374774934908,0.693147180559945,0
16364,707.04,2,140,162.5,353.52,11.0576388888889,48,0.0389821036149881,3.52082538818185,0,0,0,0,6.56250058927296,5.8707647618702,1.09861228866811,0
16365,3299.4,15,75.6666666666667,142.5,219.96,17.0597222222222,99,0.242282758411526,2.52595487707001,10.4,1,-10.4,1,8.10179895223019,5.39798168966098,2.77258872223978,2.43361335540045
16366,1548.13,4,220.5,346.1,387.0325,18.1881944444444,74,0.0181143434776659,4.16979998703035,0,0,0,0,7.34544876200833,5.96108909900196,1.6094379124341,0
16367,1375.8,3,372.333333333333,547.4,458.6,36.9840277777778,196,0.00859319720542247,4.99236130056994,0,0,0,0,7.22751724489733,6.1303565459746,1.38629436111989,0
16368,640.21,3,105.666666666667,134.8,213.403333333333,1.98472222222222,74,0.0373489332511088,3.74761822971726,0,0,0,0,6.46335701637174,5.36785897633947,1.38629436111989,0
16369,2664.85,7,227.714285714286,463.6,380.692857142857,17.8506944444444,116,0.0177684436596864,4.3034356502782,0,0,0,0,7.88827823508976,5.94461624630089,2.07944154167984,0
16370,1320.68,4,161.75,192.8,330.17,81.9131944444444,143,0.0144519786073285,4.55066730802826,0,0,0,0,7.18665893362234,5.80263183869837,1.6094379124341,0
16371,157.2,1,108,108,157.2,448.070138888889,11,0.0945439514014335,2.378525361769,0,0,0,0,5.06386005533355,5.06386005533355,0.693147180559945,0
16372,1328.61,5,149.6,317.6,265.722,32.9875,270,0.00676349866709024,5.28069091033819,30,1,-30,1,7.19264094513187,5.58620691747467,1.79175946922805,3.43398720448515
16373,309.49,2,59.5,86.95,154.745,381.875,25,0.11393611513864,2.53850460474594,0,0,0,0,5.73815169473574,5.04822005442353,1.09861228866811,0
16374,1760.97,5,160,204,352.194,65.9368055555556,280,0.00773143840463611,5.19852068217628,0,0,0,0,7.47418778024448,5.86701748104305,1.79175946922805,0
16375,104,2,37,37,52,469.975694444444,11,0.128284485946746,2.20139101000844,0,0,0,0,4.65396035015752,3.97029191355212,1.09861228866811,0
16376,992.71,2,347,626.9,496.355,8.05,104,0.0269026678796127,4.15174224148588,9.49,1,-9.49,1,6.9014454135861,6.20930405683029,1.09861228866811,2.35042242240821
16377,423.6,2,420,420,211.8,266.88125,6,0.236379394746768,1.59622733054772,0,0,0,0,6.05114754926916,5.36035275746749,1.09861228866811,0
16378,362.95,3,89,115.3,120.983333333333,246.946527777778,22,0.0576579873930697,2.99658905514927,0,0,0,0,5.89701649556427,4.80388442337913,1.38629436111989,0
16379,2157.4,4,352.5,544.2,539.35,3.88333333333333,87,0.0166670274741693,4.28127667503311,25.5,1,-25.5,1,7.67712248545349,6.29221707774918,1.6094379124341,3.27714473299218
16380,1473.39,1,1420,1420,1473.39,60.9236111111111,28,0.139174183386656,2.47697385656164,0,0,0,0,7.29599962391265,7.29599962391265,0.693147180559945,0
16381,258.7,2,56,68.6,129.35,395.120833333333,60,0.0289223017349541,3.80190080854627,0,0,0,0,5.5595271186687,4.87022314037951,1.09861228866811,0
16382,329.2,2,83.5,122.65,164.6,407.89375,43,0.0508950044955996,3.29179082193328,0,0,0,0,5.79969853148603,5.10957524195116,1.09861228866811,0
16383,2974.84,7,231.428571428571,384.1,424.977142857143,74.0451388888889,248,0.00811624169528345,5.13724593139281,64,2,-64,1,7.99828163106682,6.05438568956495,2.07944154167984,4.17438726989564
16384,1358.95,4,215.25,378.5,339.7375,89.1048611111111,80,0.0145443341713153,4.31951238085271,0,0,0,0,7.21520321334838,5.83111238611801,1.6094379124341,0
16385,1030.77,5,109.8,151.2,206.154,60.0263888888889,97,0.0326577521074803,3.85430915361176,0,0,0,0,6.93903105298564,5.33346247801596,1.79175946922805,0
16386,1102.89,3,241,468.9,367.63,28.0152777777778,129,0.018355927769173,4.30538230161994,0,0,0,0,7.00659558419172,5.90979343096342,1.38629436111989,0
16387,918.55,5,91.4,175.2,183.71,322.052777777778,70,0.0804586723457702,3.38395170477108,0,0,0,0,6.82388441994499,5.21878702759123,1.79175946922805,0
16388,186.05,1,83,83,186.05,653.104166666667,13,0.084038737697479,2.51529929368272,0,0,0,0,5.23137596079416,5.23137596079416,0.693147180559945,0
16389,1349.67,4,196.5,306.65,337.4175,52.9645833333333,33,0.0557179135765794,3.17780472718343,19.8,1,-19.8,1,7.2083560446145,5.82428034034294,1.6094379124341,3.03495298670727
16390,467.5,3,40.6666666666667,55.2,155.833333333333,536.152083333333,16,0.0881283422459893,2.60892025314923,0,0,0,0,6.14953610167848,5.05518367035732,1.38629436111989,0
16391,1103.61,4,187,344.85,275.9025,400.015972222222,263,0.00706485368771276,5.25213660179876,0,0,0,0,7.00724761047699,5.62366545866631,1.6094379124341,0
16392,763.05,3,203,267.8,254.35,269.027083333333,128,0.0156755341104706,4.46033474845508,0,0,0,0,6.63863323205127,5.54263515309365,1.38629436111989,0
16393,5562.62,23,136.173913043478,247.8,241.853043478261,1.99930555555556,327,0.0152290637074924,4.81784584477446,105.16,7,-105.16,1,8.62400425452125,5.49245650105113,3.17805383034795,4.66494739002395
16394,1484.78,5,487.2,621.6,296.956,56.1680555555556,62,0.0339550239858741,3.75309240219961,129.84,4,-143.28,0.906197654941373,7.30369516586523,5.69694582459721,1.79175946922805,4.87397520267018
16395,3543.45,14,208.5,402.65,253.103571428571,60.0416666666667,426,0.0059218811760034,5.57579033862591,78.9,3,-78.9,1,8.17313827883361,5.53774194543621,2.70805020110221,4.38077585277223
16396,137.8,1,80,80,137.8,475.98125,8,0.144889313933869,1.9994817815161,35.1,2,-35.1,1,4.9330340480727,4.9330340480727,0.693147180559945,3.58629286533884
16397,125.93,1,50,50,125.93,627.884722222222,9,0.226905038614668,1.7790072126267,0,0,0,0,4.84363575340009,4.84363575340009,0.693147180559945,0
16398,1683.85,2,379,490.6,841.925,153.940277777778,76,0.0180151014451757,4.18692487352776,52.7,2,-74.65,0.705961152042867,7.42943181805236,6.73687798607244,1.09861228866811,3.98341300151482
16399,636.8,3,152,188.7,212.266666666667,18.8597222222222,97,0.0175765299881947,4.26333227693608,0,0,0,0,6.45802475457596,5.36254333884731,1.38629436111989,0
16400,3157.49,9,239.888888888889,423.2,350.832222222222,94.0576388888889,215,0.012712329498112,4.87063778585375,0,0,0,0,8.0578493442739,5.86315442055433,2.30258509299405,0
16401,6563.07,23,245,449.8,285.350869565217,0.774305555555556,130,0.0349211243901337,3.95595865459682,220.16,16,-220.16,1,8.78936611638225,5.65721787555681,3.17805383034795,5.39888642146973
16402,511.4,2,127,201.7,255.7,264.017361111111,55,0.0475247271861319,3.59912160919204,0,0,0,0,6.23910557002258,5.54790808787709,1.09861228866811,0
16403,177.5,1,114,114,177.5,311.965972222222,10,0.103495973021226,2.28404790984942,16.45,1,-16.45,1,5.18458860121969,5.18458860121969,0.693147180559945,2.85933964864844
16404,443.05,1,157,157,443.05,69.9548611111111,23,0.0476085397768475,3.0940376298846,12.75,1,-12.75,1,6.09593716870451,6.09593716870451,0.693147180559945,2.62103882411258
16405,140.85,2,69.5,129.35,70.425,301.893055555556,3,0.492243767208297,0.736750221651783,0,0,0,0,4.95477016125486,4.26864794811684,1.09861228866811,0
16406,553.64,3,90.6666666666667,118.9,184.546666666667,18.0368055555556,137,0.0130956701628971,4.58871403744277,18.7,1,-18.7,1,6.31831925463424,5.22330642273552,1.38629436111989,2.98061863574394
16407,2821.65,14,106,223.4,201.546428571429,12.0729166666667,121,0.0202767540394655,4.26610910689423,0,0,0,0,7.94543143898726,5.31096913716261,2.70805020110221,0
16408,231.93,1,227,227,231.93,590.9875,45,0.0286611859928886,3.67185688389661,0,0,0,0,5.45073797924326,5.45073797924326,0.693147180559945,0
16409,5707.43,12,308.833333333333,602.35,475.619166666667,35.8368055555556,358,0.0067760449636382,5.39564182972427,0,0,0,0,8.6496993086255,6.16671777927077,2.56494935746154,0
16410,148.8,1,324,324,148.8,733.915972222222,5,0.253335067637877,1.49581423938875,0,0,0,0,5.00930107108312,5.00930107108312,0.693147180559945,0
16411,910.19,4,135.75,192.7,227.5475,18.9770833333333,139,0.0162522935275817,4.52781257345131,0,0,0,0,6.81475143753368,5.43174406619244,1.6094379124341,0
16412,647.23,5,62.2,85.4,129.446,53.0520833333333,86,0.0591741605078643,3.74504380009018,0,0,0,0,6.47424557164819,4.87095934802331,1.79175946922805,0
16413,528.98,2,142,147.4,264.49,56.0708333333333,55,0.0295920381777189,3.73378647936086,0,0,0,0,6.2728392699851,5.58157717518923,1.09861228866811,0
16414,559.71,5,40.4,71,111.942,21.1305555555556,60,0.0338493032747999,3.63375757257166,0,0,0,0,6.32920383781988,4.72687441260569,1.79175946922805,0
16415,719.44,3,175.666666666667,201.4,239.813333333333,44.0104166666667,121,0.018568944779802,4.36074558735481,0,0,0,0,6.57986213646886,5.48402208288735,1.38629436111989,0
16416,2968.98,9,245.555555555556,560.4,329.886666666667,26,146,0.0126864317420757,4.615582357075,24.41,1,-24.41,1,7.99631049776734,5.80177591996846,2.30258509299405,3.23514279733207
16417,35.7,1,6,6,35.7,492.195833333333,1,1,0,0,0,0,0,3.60277675506052,3.60277675506052,0.693147180559945,0
16418,1083.04,5,116,198,216.608,44.0493055555556,121,0.0145691480657598,4.46082397965033,0,0,0,0,6.98845008168779,5.38269527901186,1.79175946922805,0
16419,1465.47,8,90.125,149.25,183.18375,112.053472222222,62,0.0624850585204077,3.36294389160021,12.75,1,-12.75,1,7.29061343133816,5.21593390060283,2.19722457733622,2.62103882411258
16420,75,1,120,120,75,395.899305555556,2,0.5072,0.685929800252373,0,0,0,0,4.33073334028633,4.33073334028633,0.693147180559945,0
16421,526.27,3,41,49.1,175.423333333333,375.971527777778,35,0.0338337271814421,3.46098862674917,0,0,0,0,6.26771275130897,5.17288640995738,1.38629436111989,0
16422,53691.58,109,387.385321100917,822.2,492.583302752294,16.9513888888889,127,0.0321950137135929,4.01735906944201,1360.66,37,-2540.93,0.535496845643131,10.8910300959033,6.20169164453177,4.70048036579242,7.21645982265318
16423,346.12,1,230,230,346.12,24.1451388888889,18,0.0775339675802984,2.72759335344188,0,0,0,0,5.8496705414901,5.8496705414901,0.693147180559945,0
16424,443.06,2,106,122.2,221.53,191.006944444444,11,0.17409580706221,2.05037631581904,51,1,-51,1,6.09595968843743,5.40506192397802,1.09861228866811,3.95124371858143
16425,302.7,1,199,199,302.7,301.930555555556,21,0.0529239160079928,2.99611465275641,0,0,0,0,5.7160403720517,5.7160403720517,0.693147180559945,0
16426,1908.65,10,124.3,190.95,190.865,1.95069444444444,211,0.0120069957222087,4.85825245773486,0,0,0,0,7.55467525817576,5.25679199971947,2.39789527279837,0
16427,241.06,2,78,83.4,120.53,262.819444444444,8,0.15818805172203,1.90414118449816,0,0,0,0,5.48918562931046,4.80016114588271,1.09861228866811,0
16428,662.44,3,198.333333333333,246.6,220.813333333333,413.061111111111,121,0.0200724234056818,4.34994047763844,2.95,1,-2.95,1,6.49743842014295,5.40183618732649,1.38629436111989,1.37371557891303
16429,148.95,1,9,9,148.95,105.997222222222,2,0.935743558383001,0.145805485181325,0,0,0,0,5.01030190519502,5.01030190519502,0.693147180559945,0
16430,1117.94,7,43.8571428571429,97.3,159.705714285714,56.9604166666667,20,0.120749038226542,2.52044700111702,0,0,0,0,7.02013708757141,5.0795748308276,2.07944154167984,0
16431,642.81,3,151,238.4,214.27,212.986805555556,51,0.0483503311762095,3.4155542286525,0,0,0,0,6.46740365151823,5.37189305420635,1.38629436111989,0
16432,229.8,1,196,196,229.8,63.99375,8,0.200622950596159,1.85693597206568,0,0,0,0,5.44155153463394,5.44155153463394,0.693147180559945,0
16433,384.52,2,107,107.9,192.26,27.9451388888889,33,0.0707744464765408,3.03189470212852,0,0,0,0,5.95459307233208,5.26403643257116,1.09861228866811,0
16434,2748.64,12,111.5,247.9,229.053333333333,28.9319444444444,128,0.01580583431487,4.47274256773426,14.7,1,-14.7,1,7.91922527300036,5.43831116610021,2.56494935746154,2.75366071235426
16435,1021.47,3,203,297.8,340.49,511.811111111111,118,0.0184398163515243,4.34964459366436,0,0,0,0,6.92997654763323,5.83331839600524,1.38629436111989,0
16436,329.34,3,79.6666666666667,130.1,109.78,667.979861111111,37,0.0537449189661612,3.23672568765324,87.3,1,-87.3,1,5.80012242709294,4.70754625260496,1.38629436111989,4.48074010760991
16437,301.25,2,98.5,116.05,150.625,380.827083333333,17,0.128482168006749,2.33780346409779,0,0,0,0,5.7112544894949,5.02141036726421,1.09861228866811,0
16438,798.59,5,92.6,113.4,159.718,5.08263888888889,73,0.0343485925568302,3.75095838547573,0,0,0,0,6.68409909629491,5.07965127642726,1.79175946922805,0
16439,310.7,1,74,74,310.7,721.936111111111,9,0.128508991967534,2.11569920395334,0,0,0,0,5.74204118677329,5.74204118677329,0.693147180559945,0
16440,3857.93,6,351.333333333333,534,642.988333333333,7.03333333333333,203,0.015812532359056,4.74851711903297,0,0,0,0,8.25814522195874,6.46768060999823,1.94591014905531,0
16441,1034.43,5,96.8,146.2,206.886,66.8347222222222,68,0.0260961668076938,3.89875088088907,10.95,1,-10.95,1,6.9425720783575,5.33698985252918,1.79175946922805,2.48073127837752
16442,899.81,5,116.6,251.2,179.962,1.04652777777778,233,0.00888680403230299,5.07937412915314,0,0,0,0,6.80329435856715,5.19828706447296,1.79175946922805,0
16443,162.24,1,96,96,162.24,520.078472222222,1,1,0,0,0,0,0,5.0952215105376,5.0952215105376,0.693147180559945,0
16444,3657.66,17,115.235294117647,265.2,215.156470588235,46,220,0.0137354178846942,4.73636965033515,74.2,3,-74.2,1,8.20485223913846,5.37600254630396,2.89037175789616,4.32015123095579
16445,602.73,4,74.75,108.45,150.6825,33.0125,142,0.0118466180213957,4.66229548717496,0,0,0,0,6.4031270781241,5.02178952043839,1.6094379124341,0
16446,252.5,2,61,114.1,126.25,0.149305555555556,3,0.977228820703853,0.070570955909797,258.6,2,-168478.6,0.00153491303940085,5.53536382303124,4.84615365543063,1.09861228866811,5.55914198482994
16447,775.14,3,107.666666666667,206.9,258.38,135.045138888889,61,0.0275290906102267,3.78438311198746,0,0,0,0,6.654332916282,5.5582941679076,1.38629436111989,0
16448,367.94,2,89.5,99.85,183.97,197.890277777778,45,0.0489691347228001,3.39085172891005,0,0,0,0,5.91063402919343,5.22019364976646,1.09861228866811,0
16449,707.69,2,183.5,231.65,353.845,197.142361111111,40,0.0284139171025126,3.61856426335348,33,1,-33,1,6.56341819537378,5.87168107441096,1.09861228866811,3.52636052461616
16450,1505.73,3,227,358.4,501.91,149.085416666667,36,0.0437661599292727,3.34780736911759,30,1,-30,1,7.31769701867294,6.22041122764914,1.38629436111989,3.43398720448515
16451,1013.15,3,174.666666666667,202.8,337.716666666667,87.1895833333333,62,0.0223521006712186,3.95633523835745,3.75,1,-3.75,1,6.9218061022048,5.82516396636821,1.38629436111989,1.55814461804655
16452,332.17,2,99.5,119.75,166.085,630.007638888889,14,0.130565529192562,2.30098198171952,0,0,0,0,5.8086528702248,5.11850266496526,1.09861228866811,0
16453,251.71,2,69.5,93.35,125.855,530.044444444444,15,0.146049673051078,2.25894354411861,0,0,0,0,5.53224258622692,4.8430447019023,1.09861228866811,0
16454,30.95,4,2.25,4.55,7.7375,44.0902777777778,4,0.568390311122479,0.808605358724932,29.05,4,-29.05,1,3.46417218082354,2.16762410755993,1.6094379124341,3.40286266098122
16455,4278.53,11,236.272727272727,608,388.957272727273,63.0645833333333,112,0.0185690497336421,4.29168298311757,77.65,2,-77.65,1,8.36159846946183,5.96603717601232,2.484906649788,4.36500762950429
16456,6862.99,13,286.538461538462,624.4,527.922307692308,99,245,0.0270314058742452,4.32797803215251,18,1,-677.5,0.0265682656826568,8.83404418429028,6.27084155470623,2.63905732961526,2.94443897916644
16457,208.36,1,140,140,208.36,218.021527777778,9,0.134695417846182,2.10275274010108,0,0,0,0,5.34405525822189,5.34405525822189,0.693147180559945,0
16458,5715.34,30,113.533333333333,156,190.511333333333,2.13611111111111,95,0.0367926877575352,3.79252821863978,0,0,0,0,8.65108401943612,5.25494698876682,3.43398720448515,0
16459,71.79,1,59,59,71.79,729.005555555556,5,0.206415703693511,1.59300349320161,0,0,0,0,4.28757858313017,4.28757858313017,0.693147180559945,0
16460,835.36,3,293,512.3,278.453333333333,27.9611111111111,128,0.0171555255114295,4.38048811425546,0,0,0,0,6.72905914240322,5.63283531383685,1.38629436111989,0
16461,1615.22,3,346.333333333333,518.2,538.406666666667,177.071527777778,224,0.00976038171566884,4.98654143325386,0,0,0,0,7.38784536842888,6.29046977004094,1.38629436111989,0
16462,136,3,5.33333333333333,7.6,45.3333333333333,73.1430555555555,1,1,0,34,1,-34,1,4.91998092582813,3.83586164446258,1.38629436111989,3.55534806148941
16463,1434.88,4,290.75,378.7,358.72,20.9506944444444,74,0.0175456183070272,4.17065974196005,38.7,3,-38.7,1,7.26953318065677,5.88532595104631,1.6094379124341,3.68135118769314
16464,1318.53,3,321,369.1,439.51,19.0270833333333,152,0.0122189165907073,4.64262548430847,0,0,0,0,7.18503089156973,6.08793314659416,1.38629436111989,0
16465,746.24,2,252,339.3,373.12,420.182638888889,45,0.0412368412348406,3.55280585912893,19.9,1,-19.9,1,6.61638641867236,5.92457660156635,1.09861228866811,3.03974915897077
16466,3731.59,15,120.4,195.3,248.772666666667,33.0520833333333,212,0.0356227871913146,4.40971408208886,18,1,-125,0.144,8.22485764164776,5.52055117083455,2.77258872223978,2.94443897916644
16467,1775.68,7,270.285714285714,852.4,253.668571428571,508.084027777778,14,0.132236029194076,2.35403325989123,6.76,1,-6.76,1,7.48250173315405,5.539962979902,2.07944154167984,2.04898233419513
16468,787.52,3,123.666666666667,267.6,262.506666666667,73.9840277777778,39,0.0393405229049813,3.41867871933691,0,0,0,0,6.67015777069778,5.57407866810412,1.38629436111989,0
16469,828.98,5,69,99.2,165.796,23.0173611111111,167,0.0120576002089513,4.75186880141682,0,0,0,0,6.72140160411478,5.11677150882175,1.79175946922805,0
16470,2460.94,11,123.363636363636,203,223.721818181818,51.06875,289,0.0223174871052125,4.87097398779741,4.95,1,-4.95,1,7.80870493601689,5.41486327363998,2.484906649788,1.78339121955754
16471,1189.98,4,167.5,189.05,297.495,274.13125,49,0.0562383845241212,3.51167137728886,3.8,2,-3.8,1,7.08253177660305,5.69875318227361,1.6094379124341,1.56861591791385
16472,727.65,2,126,163.8,363.825,433.995833333333,39,0.0323003543574658,3.53703983571425,0,0,0,0,6.59119350697971,5.89941778655381,1.09861228866811,0
16473,470.83,4,74,96.85,117.7075,164.194444444444,26,0.0453388045756794,3.17788346249718,1.25,1,-1.25,1,6.15661875121742,4.7766624841183,1.6094379124341,0.810930216216329
16474,1872.88,7,134.714285714286,241.4,267.554285714286,6.99166666666667,237,0.0146962389472296,4.84987547135049,60.03,4,-60.03,1,7.53576642659655,5.59305307494424,2.07944154167984,4.1113655465564
16475,477.3,4,79.75,177,119.325,87.9673611111111,23,0.0552186378710577,3.01780745874062,0,0,0,0,6.17023815068625,4.79019641518917,1.6094379124341,0
16476,350.35,1,187,187,350.35,431.139583333333,24,0.0446202047661812,3.1431886212485,13.35,2,-13.35,1,5.86178287763821,5.86178287763821,0.693147180559945,2.66374994220563
16477,4322.66,11,239.272727272727,377,392.969090909091,63.1708333333333,178,0.0104145598706473,4.90739657443288,0,0,0,0,8.37185754477021,5.9762724567513,2.484906649788,0
16478,331,3,74.6666666666667,158,110.333333333333,24.8743055555556,15,0.0980613685526784,2.50717595705364,0,0,0,0,5.80513496891649,4.71252870430859,1.38629436111989,0
16479,300.83,2,51,65.4,150.415,9.96527777777778,34,0.0506656920197658,3.2035237134854,0,0,0,0,5.70986394497207,5.02002441139294,1.09861228866811,0
16480,769.29,1,455,455,769.29,75.0902777777778,51,0.0406228180321704,3.54161337288976,0,0,0,0,6.64676706731957,6.64676706731957,0.693147180559945,0
16481,453.38,1,201,201,453.38,681.986805555556,16,0.120352518924029,2.41394376881464,25.15,2,-25.15,1,6.11893385235379,6.11893385235379,0.693147180559945,3.26384919051093
16482,221.1,1,346,346,221.1,15.0118055555556,18,0.0621753082373994,2.82760714854338,0,0,0,0,5.40312773090038,5.40312773090038,0.693147180559945,0
16483,139.35,1,44,44,139.35,192.029166666667,19,0.0682299244441715,2.8031206612267,0,0,0,0,4.94413930280789,4.94413930280789,0.693147180559945,0
16484,404.3,2,100,146.8,202.15,173.072222222222,25,0.042441509156239,3.18927069762981,24.9,1,-24.9,1,6.00462753363426,5.31394462243374,1.09861228866811,3.25424296870549
16485,2295.56,5,230.8,337.6,459.112,76.9166666666667,128,0.0158095907405173,4.4531800835596,157,2,-157,1,7.73916763013912,6.13146993810799,1.79175946922805,5.06259503302697
16486,134.36,1,24,24,134.36,537.065277777778,7,0.160079548831544,1.89045697313426,0,0,0,0,4.90793789585791,4.90793789585791,0.693147180559945,0
16487,209.4,2,81.5,86.45,104.7,577.008333333333,28,0.0806961765502746,2.85693371821539,0,0,0,0,5.34901048086356,4.66060489287619,1.09861228866811,0
16488,486.74,3,216,349.1,162.246666666667,32.9638888888889,28,0.0500671125275211,3.17221638155408,6.6,1,-6.6,1,6.18978247698654,5.09526234936717,1.38629436111989,2.02814824729229
16489,303.7,2,19,19,151.85,379.923611111111,4,0.580613981724032,0.819778061088061,0,0,0,0,5.71932768599166,5.02945704833684,1.09861228866811,0
16490,205.41,1,113,113,205.41,435.888888888889,13,0.0866148242259528,2.49625574378057,26.25,1,-26.25,1,5.32986448204617,5.32986448204617,0.693147180559945,3.30505352110925
16491,1533.16,2,530,576.8,766.58,46.1472222222222,86,0.0141875746749019,4.36487831972059,8.85,1,-8.85,1,7.33573827896526,6.643242708557,1.09861228866811,2.287471455184
16492,385.56,1,235,235,385.56,540.229166666667,23,0.0498516521108564,3.06897996990948,0,0,0,0,5.9572870953064,5.9572870953064,0.693147180559945,0
16493,2132.09,7,284,460.8,304.584285714286,79.1111111111111,80,0.0260904244416767,3.93293342795223,21.97,2,-21.97,1,7.66532691167403,5.72222563487826,2.07944154167984,3.13418901670101
16494,826.53,1,675,675,826.53,296.000694444444,47,0.0302137713232356,3.6382176065732,0,0,0,0,6.7184453603705,6.7184453603705,0.693147180559945,0
16495,684.41,3,112.333333333333,170.4,228.136666666667,2.97916666666667,78,0.0303272614812416,3.79983212795529,0,0,0,0,6.5300171993545,5.43431862321236,1.38629436111989,0
16496,2330.77,6,294,421,388.461666666667,8.09652777777778,120,0.0111861736336064,4.65559085081834,37.3,1,-37.3,1,7.75438291481904,5.96476544369391,1.94591014905531,3.6454498961866
16497,6693.33,23,132.608695652174,430.9,291.014347826087,49.1215277777778,242,0.00797681954549812,5.21646858663791,0,0,0,0,8.80901617843487,5.67680293745184,3.17805383034795,0
16498,100.97,2,22.5,40.05,50.485,160.946527777778,15,0.13329900715756,2.36160626497123,14.85,1,-14.85,1,4.62467865237613,3.94129050310871,1.09861228866811,2.76316950032329
16499,2578.34,8,170.5,439.5,322.2925,359.971527777778,105,0.0158405041121221,4.42351452304865,86.6,5,-86.6,1,7.8552888312362,5.77855748619444,2.19722457733622,4.47278099794235
16500,696.91,9,42.8888888888889,99.2,77.4344444444445,4.03194444444444,24,0.150785433821039,2.58317267877517,7.95,1,-7.95,1,6.54809015462084,4.36226317327738,2.30258509299405,2.19165353228676
16501,1237.23,1,642,642,1237.23,382.944444444444,181,0.0135689469463904,4.71965962113119,0,0,0,0,7.12143821951073,7.12143821951073,0.693147180559945,0
16502,254.55,2,125.5,237.55,127.275,620.004166666667,41,0.0419631826663196,3.39008868230448,0,0,0,0,5.54341808521429,4.85417639682803,1.09861228866811,0
16503,3610.39,11,139.545454545455,197.5,328.217272727273,106.086111111111,170,0.00822293629616629,4.98216107864465,16.45,2,-16.45,1,8.1918480187687,5.79671793622135,2.484906649788,2.85933964864844
16504,487.18,1,524,524,487.18,24.8972222222222,76,0.0289714093909066,3.85433800482543,0,0,0,0,6.19068419030282,6.19068419030282,0.693147180559945,0
16505,648,1,480,480,648,31.025,4,0.310432098765432,1.27926756791344,0,0,0,0,6.47543271670409,6.47543271670409,0.693147180559945,0
16506,90.3,2,21,23.7,45.15,19.0229166666667,3,0.352854825001932,1.06713568324711,0,0,0,0,4.51415078760092,3.83189696094886,1.09861228866811,0
16507,152.76,1,116,116,152.76,572.0375,37,0.0346299641111706,3.48129306936624,0,0,0,0,5.03539294522198,5.03539294522198,0.693147180559945,0
16508,248.8,1,106,106,248.8,629.964583333333,42,0.0320302338685497,3.57321873057508,0,0,0,0,5.52066059769148,5.52066059769148,0.693147180559945,0
16509,363.7,1,64,64,363.7,296.142361111111,13,0.100440028851426,2.44533697421306,0,0,0,0,5.89907509781463,5.89907509781463,0.693147180559945,0
16510,2096.1,6,179.333333333333,319.5,349.35,371.965972222222,94,0.0184074616881996,4.24727902591856,0,0,0,0,7.64831071693707,5.85893265481654,1.94591014905531,0
16511,1819.02,6,131.166666666667,151,303.17,21.0895833333333,238,0.00783111920281772,5.15722318851909,0,0,0,0,7.50660276902145,5.7175867556326,1.94591014905531,0
16513,874.59,4,101.75,276.9,218.6475,4.10555555555556,33,0.0822163862681768,3.0639300720948,0,0,0,0,6.77489794484343,5.39202398861333,1.6094379124341,0
16515,3214.35,10,160.1,270.7,321.435,52.0277777777778,185,0.0196316128501025,4.45942750070318,0,0,0,0,8.07569149544312,5.77590156553422,2.39789527279837,0
16516,101.7,1,58,58,101.7,29.9104166666667,6,0.168054576622201,1.78765865893633,0,0,0,0,4.63181211693451,4.63181211693451,0.693147180559945,0
16517,162.7,1,96,96,162.7,276.958333333333,17,0.0809524205280513,2.66615548000748,0,0,0,0,5.09803548437709,5.09803548437709,0.693147180559945,0
16518,959.37,4,131,196.1,239.8425,60.9486111111111,63,0.0223332614463694,3.96631177174461,21.1,2,-21.1,1,6.86731862687462,5.48414319287786,1.6094379124341,3.09557760852371
16519,556.26,4,44,67.55,139.065,24.88125,32,0.0725554825518025,2.99196027376023,0,0,0,0,6.3230319173719,4.94210660057633,1.6094379124341,0
16520,2482.62,6,211,378,413.77,186.018055555556,257,0.00770470345822276,5.18878169048445,16.7,2,-16.7,1,7.81747245228486,6.02772414972829,1.94591014905531,2.87356463957978
16521,1120.81,3,312,472,373.603333333333,415.028472222222,212,0.0103688184891195,4.95970330854017,0,0,0,0,7.02269873127947,5.92586768835089,1.38629436111989,0
16522,432.41,2,106,172.6,216.205,435.122222222222,16,0.0783877788293139,2.66511997817629,0,0,0,0,6.0716841622094,5.38084160805264,1.09861228866811,0
16523,11918.25,28,177.821428571429,443.95,425.651785714286,1.15555555555556,195,0.015403209027805,4.64408912060111,155.79,11,-155.79,1,9.38591001917674,6.05596819040519,3.36729582998647,5.05490733037236
16524,308.34,2,130,145.3,154.17,446.009027777778,51,0.0258195539706942,3.77181861937821,0,0,0,0,5.73444099560999,5.04452129009539,1.09861228866811,0
16525,23250.77,48,260.041666666667,514.2,484.391041666667,1.90486111111111,128,0.0225210850525091,4.28647569899396,1094.62,6,-1231.9,0.888562383310334,10.0541365371501,6.1849548375529,3.89182029811063,6.99907569205984
16526,713.31,2,139.5,169.65,356.655,171.075,33,0.0529615948411002,3.2282290508725,0,0,0,0,6.57131704178294,5.87956883460486,1.09861228866811,0
16527,1273.42,2,363,594.3,636.71,80.8951388888889,66,0.0208188143211453,4.01781925371507,0,0,0,0,7.15024645213246,6.45788363455314,1.09861228866811,0
16528,244.41,1,171,171,244.41,3.00347222222222,17,0.0656444926610649,2.77632758810547,0,0,0,0,5.50293028124281,5.50293028124281,0.693147180559945,0
16529,2012,4,187.75,229.45,503,189.852083333333,89,0.0257513926382065,3.95549474930233,0,0,0,0,7.60738142563979,6.22257626807137,1.6094379124341,0
16530,48.35,1,17,17,48.35,667.888888888889,3,0.409784523184424,0.991358992988683,0,0,0,0,3.89893776587949,3.89893776587949,0.693147180559945,0
16531,2321.13,11,169.363636363636,368.5,211.011818181818,21.8479166666667,109,0.0136704427353711,4.50006164790536,34.75,1,-34.75,1,7.75024014690944,5.35664201925891,2.484906649788,3.57655026914002
16532,2580,5,144,216,516,17.0708333333333,2,0.941362898864251,0.135549636275747,0,0,0,0,7.85593219971861,6.24804287450843,1.79175946922805,0
16533,1095.56,3,204,353.7,365.186666666667,18.9875,112,0.020121109702534,4.27451825807959,68.62,2,-68.62,1,6.99993328592313,5.90314322160122,1.38629436111989,4.24305188238329
16534,613.95,1,168,168,613.95,641.877083333333,36,0.0499769519037457,3.17061458279921,0,0,0,0,6.42154096368842,6.42154096368842,0.693147180559945,0
16535,999.59,3,228.333333333333,353.2,333.196666666667,4.89722222222222,67,0.0259370713384759,3.90963560866398,0,0,0,0,6.90834510500057,5.81172964204413,1.38629436111989,0
16536,548.97,1,251,251,548.97,109.913888888889,48,0.0329098129057909,3.65055368706275,9.95,1,-9.95,1,6.30986373128431,6.30986373128431,0.693147180559945,2.39333945626251
16537,23.59,1,59,59,23.59,640.964583333333,3,0.432253807403968,0.93489786179332,0,0,0,0,3.2023398562281,3.2023398562281,0.693147180559945,0
16538,399.62,3,85.6666666666667,138,133.206666666667,540.86875,35,0.126442872342759,2.65078548850245,0,0,0,0,5.99301334709783,4.89938090040257,1.38629436111989,0
16539,3585.01,10,131.5,394.1,358.501,2.17291666666667,83,0.0430489209057627,3.78507674720496,0,0,0,0,8.18479544278361,5.8847169587984,2.39789527279837,0
16540,226.7,1,114,114,226.7,413.852777777778,25,0.0625606966255449,3.00142704745655,0,0,0,0,5.42802897306969,5.42802897306969,0.693147180559945,0
16541,420.13,1,173,173,420.13,734.977777777778,38,0.0537003487209965,3.21908390623352,4.25,1,-4.25,1,6.04294157461557,6.04294157461557,0.693147180559945,1.65822807660353
16542,257.32,2,71,93.5,128.66,53.1270833333333,13,0.12227961554909,2.36551809301139,0,0,0,0,5.55419912645002,4.86491563974685,1.09861228866811,0
16543,292.21,1,317,317,292.21,591.091666666667,18,0.0677688583529384,2.79300391594931,14.4,1,-14.4,1,5.68088907584289,5.68088907584289,0.693147180559945,2.73436750941958
16544,376.7,4,37.5,69.3,94.175,519.110416666667,8,0.419836445896204,1.31996056840772,266.4,2,-266.4,1,5.93410022971841,4.55571730226856,1.6094379124341,5.58874566466784
16545,689.82,2,161,235.7,344.91,164.134027777778,6,0.306090181230195,1.43801984621382,0,0,0,0,6.5378792977932,5.84617862561486,1.09861228866811,0
16546,5402.87,5,775.8,1760.4,1080.574,290.0625,77,0.0281839903904372,3.9479017646013,1259.35,2,-1769.11,0.711855113588188,8.59487064253611,6.98617266653823,1.79175946922805,7.1391447391502
16547,111.71,1,113,113,111.71,546.033333333333,25,0.0638475179520011,2.98315203698171,0,0,0,0,4.72481814825399,4.72481814825399,0.693147180559945,0
16548,30.15,1,6,6,30.15,598.899305555556,6,0.264374644191975,1.52198785363497,0,0,0,0,3.43881424523346,3.43881424523346,0.693147180559945,0
16549,13184.18,34,214.058823529412,552.9,387.77,9.90555555555556,886,0.00451934902095718,6.09494473758717,22.55,3,-22.55,1,9.48684875057134,5.96298790911543,3.55534806148941,3.15912582046243
16550,9407.36,18,314.166666666667,600.55,522.631111111111,108.109722222222,305,0.00685859482372219,5.30931163795356,243.86,11,-265.81,0.917422218878146,9.14935393471243,6.26078744997706,2.94443897916644,5.50068661864577
16551,2217.2,7,290.857142857143,375.9,316.742857142857,95.175,68,0.0235766677404989,3.97449911003926,0,0,0,0,7.70445133517064,5.76124243032943,2.07944154167984,0
16552,475.02,2,129,174.9,237.51,242.156944444444,17,0.088542612099515,2.63939256394414,0,0,0,0,6.16545987015546,5.47441123817059,1.09861228866811,0
16553,15317.45,33,396.69696969697,714.4,464.165151515152,162.922222222222,196,0.00950420351785143,4.93481215805215,88.14,3,-88.14,1,9.63681326324133,6.14239250708007,3.52636052461616,4.49020816751841
16554,2841.72,8,168.25,293.15,355.215,41.9576388888889,112,0.0151329125332903,4.46040770544528,434.55,10,-434.55,1,7.9525166192876,5.87553448114241,2.19722457733622,6.0766096002649
16555,1900.56,6,290.666666666667,669,316.76,34.9298611111111,59,0.0280405099172831,3.84995374220728,1614.67,4,-1629.79,0.990722731149412,7.55042988090678,5.76129638085681,1.94591014905531,7.38750501030697
16556,7723.12,17,256.058823529412,439.2,454.301176470588,66.0930555555556,298,0.0076836805853157,5.34401463961629,125.35,7,-402.35,0.311544675034174,8.95210317941944,6.12095912628334,2.89037175789616,4.8390558338342
16557,281.85,2,55.5,93.75,140.925,23.9486111111111,11,0.115452910046017,2.26807688604033,0,0,0,0,5.64491672178916,4.95529874905679,1.09861228866811,0
16558,13873.17,38,212.842105263158,504.1,365.083421052632,0.104166666666667,391,0.00908950956203932,5.3424008344883,154.55,9,-154.55,1,9.53778411700554,5.90286123380341,3.66356164612965,5.04696722334365
16559,185.2,1,73,73,185.2,396.956944444444,17,0.0783192474191697,2.69380929694934,0,0,0,0,5.22682136484297,5.22682136484297,0.693147180559945,0
16560,3024.27,8,200.875,326.8,378.03375,26.09375,149,0.0109661480881547,4.77127716708983,37.65,2,-37.65,1,8.01475562268019,5.93762525124963,2.19722457733622,3.65454677503343
16561,511.12,2,122,154.4,255.56,5.04166666666667,29,0.0409153195492889,3.29513106412732,0,0,0,0,6.23855897257798,5.5473625553849,1.09861228866811,0
16562,224.86,1,264,264,224.86,476.086805555556,34,0.0430851262911183,3.30542213758273,0,0,0,0,5.41991533829552,5.41991533829552,0.693147180559945,0
16563,4239,6,402,846.5,706.5,53.0826388888889,56,0.0718257137341331,3.15097993631319,10.2,1,-10.2,1,8.352318548226,6.56173762951739,1.94591014905531,2.41591377830105
16564,87.8,1,40,40,87.8,568.964583333333,5,0.204644927122628,1.59701892626239,0,0,0,0,4.48638664999812,4.48638664999812,0.693147180559945,0
16565,773.05,4,52.75,87.2,193.2625,363.895138888889,7,0.528549299394312,1.05308415485538,72.6,1,-72.6,1,6.65163647098647,5.26921033724173,1.6094379124341,4.29864502573483
16566,614.66,5,72.4,110.8,122.932,14.8444444444444,14,0.111011319984424,2.36182059819528,0.65,1,-0.65,1,6.42269486310217,4.81973302808906,1.79175946922805,0.500775287912489
16567,796.96,2,408,469.2,398.48,193.995138888889,34,0.0387422989079038,3.39226647366598,0,0,0,0,6.68205847088021,5.99016370137493,1.09861228866811,0
16568,679.2,2,99,139.5,339.6,427.122222222222,5,0.232970507810061,1.53434594584028,0,0,0,0,6.5223868725731,5.83070876822859,1.09861228866811,0
16569,1455.23,5,197.6,284,291.046,2.8875,27,0.0855979851161079,2.77874217015863,0,0,0,0,7.28360618331412,5.67691132410764,1.79175946922805,0
16570,7157.31,20,214.6,454.05,357.8655,14.825,119,0.0292127748699254,4.19080996098619,315.49,11,-592.49,0.532481560870226,8.87602919857484,5.88294766647817,3.04452243772342,5.75729164550846
16571,4256.66,10,370.3,573.5,425.666,26.0444444444444,153,0.0113867358680696,4.74900695755793,223.69,7,-223.69,1,8.35647499257058,6.05600150574433,2.39789527279837,5.41472167441814
16572,991.65,3,177.333333333333,199.4,330.55,126.886111111111,40,0.031688954812212,3.56304817890961,9.9,1,-9.9,1,6.90037813464309,5.80377862781488,1.38629436111989,2.3887627892351
16573,663.61,2,180,242.1,331.805,84.1923611111111,40,0.0294994901043384,3.6014152619664,15.2,2,-15.2,1,6.49920040245189,5.80755673287265,1.09861228866811,2.78501124223834
16574,1301.78,3,334,415.3,433.926666666667,71.0076388888889,86,0.0126242376506026,4.41278012066343,0,0,0,0,7.17225572173374,6.0751774345016,1.38629436111989,0
16576,540.87,2,161.5,180.85,270.435,420.009027777778,32,0.0337906127029819,3.42864691417919,27.7,3,-27.7,1,6.29502612027194,5.60372270002928,1.09861228866811,3.35689712276558
16577,380,1,142,142,380,666.128472222222,23,0.0448326177285319,3.11976659000714,0,0,0,0,5.9427993751267,5.9427993751267,0.693147180559945,0
16578,156.6,1,108,108,156.6,625.902083333333,9,0.131193024177566,2.11645012639893,0,0,0,0,5.06006017742378,5.06006017742378,0.693147180559945,0
16579,288.1,1,119,119,288.1,425.077777777778,14,0.0779039105386028,2.59560784514168,61.2,1,-61.2,1,5.6667726490223,5.6667726490223,0.693147180559945,4.13035499974513
16581,106.32,1,134,134,106.32,182.15625,9,0.132210864768738,2.09900944986287,35.4,1,-35.4,1,4.67581502555742,4.67581502555742,0.693147180559945,3.5945687746427
16582,313.62,1,164,164,313.62,112.866666666667,6,0.379214464900555,1.21582356762884,0,0,0,0,5.75136556139436,5.75136556139436,0.693147180559945,0
16583,531.4,2,132,213,265.7,373.032638888889,18,0.0595975097345491,2.85022182303029,0,0,0,0,6.27739508652096,5.58612443118797,1.09861228866811,0
16584,3109.07,5,357.8,523.4,621.814,80.0034722222222,62,0.0339208967836717,3.6920455450177,78.2,2,-78.2,1,8.04240051295856,6.43424791883372,1.79175946922805,4.37197629882038
16585,341.59,2,75.5,89.45,170.795,593.136111111111,16,0.0831518606577673,2.6407504677336,0,0,0,0,5.83653439690594,5.14630190551779,1.09861228866811,0
16586,1462.78,3,116,176.9,487.593333333333,248.179166666667,27,0.0564469269942769,3.04082939917253,0,0,0,0,7.28877741000506,6.1915305143043,1.38629436111989,0
16587,218.2,1,71,71,218.2,231.915972222222,13,0.082585645742476,2.52789531956803,0,0,0,0,5.38998455507386,5.38998455507386,0.693147180559945,0
16588,1363.44,4,220.5,434.65,340.86,385.7875,67,0.0211678055717357,4.04453651581919,0,0,0,0,7.21849936703062,5.83440129652812,1.6094379124341,0
16589,612.36,4,134,205.4,153.09,70.9583333333333,41,0.0279788360769733,3.64617802335922,0,0,0,0,6.41895203925064,5.03753684729376,1.6094379124341,0
16590,605.9,2,120,167.7,302.95,400.155555555556,26,0.117586825222333,2.78916429631191,42.3,1,-42.3,1,6.40836403284181,5.71686321419473,1.09861228866811,3.76815263500844
16591,213.5,1,41,41,213.5,68.1298611111111,10,0.287902308464369,1.695401553587,0,0,0,0,5.36830973836807,5.36830973836807,0.693147180559945,0
16592,7807.91,28,196.571428571429,598.55,278.853928571429,3.95902777777778,235,0.00855980177891445,5.11579891538151,183.45,6,-183.45,1,8.96302066843299,5.63426778337151,3.36729582998647,5.21737842404268
16593,1071.14,8,47.125,93.25,133.8925,50.0479166666667,58,0.0452259964044604,3.50410613824584,19.9,1,-19.9,1,6.97741193011862,4.90447816492983,2.19722457733622,3.03974915897077
16594,181.09,1,64,64,181.09,74.9875,53,0.0357141858472022,3.55725552513622,0,0,0,0,5.20450107034375,5.20450107034375,0.693147180559945,0
16595,1812.67,5,275.6,396.6,362.534,61.0243055555556,345,0.00515362842407992,5.52715303855514,0,0,0,0,7.50310769571357,5.8958728276751,1.79175946922805,0
16596,579.63,4,56.75,88.3,144.9075,15.1166666666667,23,0.0583766771047749,2.99922759824005,0,0,0,0,6.36411372094114,4.98297285927951,1.6094379124341,0
16597,92.2,1,184,184,92.2,3.87916666666667,7,0.198651897930087,1.74140485974123,0,0,0,0,4.53474772169155,4.53474772169155,0.693147180559945,0
16598,145.05,1,73,73,145.05,285.047222222222,10,0.104493796847145,2.27937972428586,4.35,1,-4.35,1,4.98394902883375,4.98394902883375,0.693147180559945,1.67709656090792
16599,172.8,1,159,159,172.8,385.003472222222,12,0.0878544560185185,2.45695766147825,0,0,0,0,5.15790521283129,5.15790521283129,0.693147180559945,0
16600,2164.21,13,186.153846153846,330.2,166.477692307692,3.86805555555556,106,0.0140356074100657,4.46808485266418,59.85,3,-59.85,1,7.68027263342315,5.12085016214326,2.63905732961526,4.10841181943354
16601,684.25,3,131.666666666667,207.8,228.083333333333,40.0701388888889,60,0.0415971484290369,3.53428921177758,0,0,0,0,6.5297837351829,5.43408583837725,1.38629436111989,0
16602,763.33,2,214.5,323.85,381.665,35.8722222222222,38,0.0552558857027974,3.38033694911456,51.7,3,-51.7,1,6.63899963308129,5.94715993280122,1.09861228866811,3.96461545554732
16603,501.63,2,240,350.7,250.815,74.1555555555556,34,0.0324849787015065,3.47209350499014,0,0,0,0,6.21985431294214,5.52869469092412,1.09861228866811,0
16604,432.45,2,87.5,140.15,216.225,562.194444444444,10,0.150385920358666,2.05831250774803,106.2,1,-106.2,1,6.07177644931465,5.38093368272527,1.09861228866811,4.6746962486367
16605,50.4,1,120,120,50.4,723.740972222222,1,1,0,0,0,0,0,3.93963817246112,3.93963817246112,0.693147180559945,0
16606,357.66,2,74,110,178.83,403.953472222222,16,0.081413919611913,2.62935792581688,0,0,0,0,5.88237486452028,5.19201196017711,1.09861228866811,0
16607,5246.29,25,173.6,398.799999999999,209.8516,17.1013888888889,216,0.00892478902184698,5.07534412411659,54.69,4,-331.69,0.164882872561729,8.56546703183731,5.35115456849672,3.25809653802148,4.01980059760158
16608,1259.82,2,306.5,349.25,629.91,453.0875,93,0.0195474952825153,4.20223268955445,0,0,0,0,7.13951758192196,6.44716322162363,1.09861228866811,0
16609,5493.94,7,345.714285714286,602.1,784.848571428571,14.9708333333333,158,0.0101654139564874,4.8086046729959,42.5,2,-42.5,1,8.61158294776082,6.66676411665286,2.07944154167984,3.77276093809464
16610,75.66,1,66,66,75.66,219.025694444444,6,0.174943290479152,1.76807602654975,0,0,0,0,4.33938005995241,4.33938005995241,0.693147180559945,0
16611,1723.18,6,145.666666666667,266.25,287.196666666667,185.919444444444,87,0.0144588152767041,4.34928174529232,8.5,1,-8.5,1,7.45250685412613,5.66364311745643,1.94591014905531,2.2512917986065
16612,3245.43,9,157.666666666667,271.4,360.603333333333,32.2166666666667,107,0.0158900372254621,4.42418469199653,1.95,1,-1.95,1,8.08531121003427,5.89054784676462,2.30258509299405,1.08180517035173
16613,618.59,1,293,293,618.59,69.9152777777778,30,0.0371642282791912,3.34641054742843,0,0,0,0,6.42905796896767,6.42905796896767,0.693147180559945,0
16614,1179.79,3,116.333333333333,208.6,393.263333333333,182.093055555556,44,0.0319518733405271,3.61447739881714,0,0,0,0,7.07393898497566,5.97701904475976,1.38629436111989,0
16615,291.5,1,211,211,291.5,625.900694444444,19,0.0596952157910377,2.88161658628021,27,1,-27,1,5.67846466667191,5.67846466667191,0.693147180559945,3.3322045101752
16616,456.52,2,185,252.5,228.26,14.8465277777778,31,0.0418960971941461,3.29260992945268,0,0,0,0,6.12582059960706,5.43485673068686,1.09861228866811,0
16617,151.85,1,91,91,151.85,235.135416666667,5,0.300701077881629,1.35973218403332,0,0,0,0,5.02945704833684,5.02945704833684,0.693147180559945,0
16618,2647.59,5,272.6,552.8,529.518,30.9569444444444,79,0.0228085844178327,4.069874313013,16.95,1,-16.95,1,7.88178270190619,6.2738538877329,1.79175946922805,2.88759011493429
16619,1934.43,4,263.75,493,483.6075,263.188888888889,105,0.0114355810168312,4.57245059345196,21.8,1,-21.8,1,7.5680848029984,6.18333928494446,1.6094379124341,3.1267605359604
16620,1758.93,6,191,484.5,293.155,3.02152777777778,81,0.0197135538672643,4.18189238101978,0,0,0,0,7.47302931451397,5.6841068392962,1.94591014905531,0
16621,813.48,4,75.5,112,203.37,51.0916666666667,22,0.178109981988139,2.36037644118635,0,0,0,0,6.70254987279894,5.31993207652044,1.6094379124341,0
16622,225.4,1,44,44,225.4,543.129166666667,12,0.0928886947703737,2.43733042158759,19.8,1,-19.8,1,5.42230334632903,5.42230334632903,0.693147180559945,3.03495298670727
16623,1015.24,4,110.5,159,253.81,245.153472222222,44,0.0337661596079577,3.58309036127137,12.75,1,-12.75,1,6.92386482071521,5.5405181693957,1.6094379124341,2.62103882411258
16624,810.57,2,244,287.2,405.285,80.0493055555555,44,0.0548071019893242,3.1824063363963,0,0,0,0,6.69897064324679,6.00705488377907,1.09861228866811,0
16625,1654.03,5,211.4,271.8,330.806,274,82,0.0146698753994795,4.32589340524439,2.95,1,-2.95,1,7.41157441453509,5.80455046077549,1.79175946922805,1.37371557891303
16626,4171.2,17,142.705882352941,366.2,245.364705882353,0.0375,87,0.0331101063998641,3.93656205233176,33.45,3,-33.45,1,8.33619875361019,5.50681298228584,2.89037175789616,3.53950899745967
16627,322.8,1,162,162,322.8,78.9666666666667,20,0.0546190147700803,2.94810573099102,0,0,0,0,5.78012604124353,5.78012604124353,0.693147180559945,0
16628,2318.1,7,180,329.5,331.157142857143,29.0034722222222,84,0.0216894446055193,4.14497201979889,5.01,1,-5.01,1,7.74893445836116,5.8056081787939,2.07944154167984,1.79342474854712
16629,438.09,2,246.5,273.95,219.045,73.1361111111111,58,0.0397150239039205,3.55442112971717,0,0,0,0,6.08470440345273,5.39383207089034,1.09861228866811,0
16630,106.8,1,72,72,106.8,406.972222222222,4,0.279068299457139,1.31818045850886,2.5,1,-2.5,1,4.6802776584749,4.6802776584749,0.693147180559945,1.25276296849537
16631,1892.52,7,110.714285714286,174.5,270.36,481.104166666667,50,0.0358561627153392,3.59308192368983,25.5,1,-25.5,1,7.54619280973656,5.60344635260354,2.07944154167984,3.27714473299218
16632,406.4,2,128,128,203.2,485.090972222222,23,0.0523924055660611,3.04314508899463,0,0,0,0,6.00979550379271,5.31909990573056,1.09861228866811,0
16633,2881.15,6,189.666666666667,275.25,480.191666666667,16.9645833333333,115,0.0133935386269266,4.54428655674439,4.95,1,-4.95,1,7.96629182239451,6.176265666134,1.94591014905531,1.78339121955754
16634,1737.1,6,164.166666666667,380.25,289.516666666667,222.070138888889,73,0.0189683481456195,4.1326338919266,374,4,-451.51,0.82833159841421,7.46054784156943,5.67166094699276,1.94591014905531,5.92692602597041
16635,473,1,277,277,473,406.172916666667,25,0.0426064345703954,3.18880013923101,0,0,0,0,6.16120732169508,6.16120732169508,0.693147180559945,0
16636,3802.04,4,546.5,770.1,950.51,438.025694444444,63,0.0281092894734339,3.80908228401133,0,0,0,0,8.24355602588504,6.85805019640247,1.6094379124341,0
16637,1100.62,4,231.75,337,275.155,31.98125,66,0.0185309793560743,4.0981178726647,29.88,1,-29.88,1,7.00453710265995,5.62096230228504,1.6094379124341,3.43010872515658
16638,2350.71,15,110.066666666667,255.6,156.714,22.0701388888889,132,0.0112609586969993,4.69905477203795,4.25,1,-4.25,1,7.7628980020968,5.06078326618588,2.77258872223978,1.65822807660353
16639,1747.98,4,187.75,334.5,436.995,30.9791666666667,76,0.0212238730385276,4.12657614188145,88.13,1,-88.13,1,7.46678803984745,6.08220749478617,1.6094379124341,4.49009597814263
16640,179.4,1,146,146,179.4,397.084722222222,13,0.0836567823626134,2.52250116751051,0,0,0,0,5.19517660762852,5.19517660762852,0.693147180559945,0
16641,554.5,2,227,253.1,277.25,105.042361111111,36,0.030115747458494,3.54392941205837,0,0,0,0,6.31986860907968,5.62851999015565,1.09861228866811,0
16642,1078.17,3,258.333333333333,342.8,359.39,4.05486111111111,50,0.0280321819546091,3.73846626741125,25.99,2,-25.99,1,6.983947506138,5.88718677840139,1.38629436111989,3.29546642702991
16643,923.11,2,276.5,283.25,461.555,245.226388888889,48,0.0237488642460404,3.80755420030082,7.55,1,-7.55,1,6.82883111217513,6.13676546880111,1.09861228866811,2.14593128294867
16644,833.78,2,413,717.2,416.89,177.049305555556,62,0.0175782756143731,4.08206044218707,0,0,0,0,6.72716821708184,6.0352182399979,1.09861228866811,0
16645,160.39,1,117,117,160.39,735.125694444444,14,0.0804400525978045,2.57377159507177,0,0,0,0,5.08382379604773,5.08382379604773,0.693147180559945,0
16646,570,1,752,752,570,449.015277777778,29,0.0440900831024931,3.2263982217453,3.75,1,-3.75,1,6.34738920965601,6.34738920965601,0.693147180559945,1.55814461804655
16647,541.9,4,99,169.4,135.475,169.085416666667,28,0.0469177796398986,3.20051005377416,0,0,0,0,6.29692514091141,4.91614144766782,1.6094379124341,0
16648,672.8,3,167.666666666667,268.1,224.266666666667,42.2027777777778,37,0.0315866572126213,3.52819479644801,19.8,1,-19.8,1,6.51293333097245,5.41728488561208,1.38629436111989,3.03495298670727
16649,304.63,1,82,82,304.63,519.922916666667,20,0.0615144131332547,2.88401965359009,0,0,0,0,5.72237522001351,5.72237522001351,0.693147180559945,0
16650,1916.11,7,215.857142857143,449,273.73,71.1659722222222,71,0.0280236947660552,3.96713504049529,0,0,0,0,7.55857412272439,5.61578879718557,2.07944154167984,0
16651,136.2,1,60,60,136.2,586.086111111111,6,0.185856507985794,1.73304230085407,0,0,0,0,4.92143971529178,4.92143971529178,0.693147180559945,0
16652,17293.11,16,441.8125,1210,1080.819375,58.175,133,0.0139219355564888,4.57216821698742,237.56,8,-237.56,1,9.75812126008763,6.98639950924182,2.83321334405622,5.47462085101643
16653,1212.66,2,366.5,674.75,606.33,15.9159722222222,67,0.0190935027702882,4.11078646092563,45.74,1,-45.74,1,7.10139586649581,6.40907230066253,1.09861228866811,3.84460032911071
16654,1711.95,8,87.875,139.75,213.99375,140.935416666667,65,0.0219434381420291,3.99397144306259,6.3,1,-6.3,1,7.44597230934004,5.37060895793769,2.19722457733622,1.98787434815435
16655,6549.21,13,308.692307692308,621,503.785384615385,17.0590277777778,409,0.0133235444588633,5.29777252453734,18,1,-35.1,0.512820512820513,8.78725238918405,6.22413335798572,2.63905732961526,2.94443897916644
16656,11764.61,30,318.966666666667,622.4,392.153666666667,21.9215277777778,23,0.108392115603907,2.58702787656641,345.9,14,-525.45,0.658292891807023,9.37293614852115,5.97420054477498,3.43398720448515,5.8490365539757
16657,945.86,4,307.25,439.6,236.465,9.04305555555556,158,0.0137509592906799,4.60310016926525,0,0,0,0,6.8531512469881,5.47002024419385,1.6094379124341,0
16658,810.12,6,52.8333333333333,79,135.02,367.960416666667,49,0.105481665668736,3.04413766380932,117.35,3,-117.35,1,6.69841600864432,4.91280193374749,1.94591014905531,4.77364633595999
16659,39.12,1,72,72,39.12,188.949305555556,2,0.500922127291204,0.69222476961986,0,0,0,0,3.69187496309373,3.69187496309373,0.693147180559945,0
16660,1752.35,7,124.428571428571,197.5,250.335714285714,15.9145833333333,20,0.123370643279884,2.45922100384594,457.2,1,-457.2,1,7.46928352272189,5.52678955258031,2.07944154167984,6.12730577001939
16661,986.63,4,96.25,187.9,246.6575,539.934722222222,50,0.082550495478428,3.07609691639894,144.45,1,-144.45,1,6.89530813368038,5.51204674325163,1.6094379124341,4.97983238494121
16662,163.8,1,36,36,163.8,393.829166666667,28,0.0643828427711211,3.02695788819879,0,0,0,0,5.10473261747537,5.10473261747537,0.693147180559945,0
16663,165,1,100,100,165,728.984722222222,1,1,0,0,0,0,0,5.11198778835654,5.11198778835654,0.693147180559945,0
16664,109.2,1,24,24,109.2,568.860416666667,8,0.147362939258544,1.99624520129045,0,0,0,0,4.70229689671881,4.70229689671881,0.693147180559945,0
16665,135.4,1,59,59,135.4,361.949305555556,9,0.213913749729997,1.84555279952786,0,0,0,0,4.91559174540936,4.91559174540936,0.693147180559945,0
16666,226.66,2,183.5,228.05,113.33,18.9506944444444,40,0.0448923284026289,3.34614379948183,0,0,0,0,5.42785328789707,4.73908900355388,1.09861228866811,0
16667,570.13,2,118.5,154.95,285.065,67.9333333333333,52,0.0282393485727809,3.73173636607739,0,0,0,0,6.34761685449602,5.65621905772459,1.09861228866811,0
16668,862.42,13,59.4615384615385,142.6,66.34,14.7965277777778,28,0.0843212006701608,2.92537537566,0,0,0,0,6.76090124708751,4.20975441373293,2.63905732961526,0
16669,1401.16,3,296,473.1,467.053333333333,23.0166666666667,141,0.0128572412142003,4.63096832325042,22,2,-1148.73,0.0191515847936417,7.24576918376492,6.14858224953865,1.38629436111989,3.13549421592915
16670,8033.51,20,226.7,447.45,401.6755,16.1361111111111,285,0.00626097270317766,5.3713921397875,243.49,13,-243.49,1,8.99150129311356,5.99813102667213,3.04452243772342,5.49917440828301
16671,978.75,3,161,271.2,326.25,27.9652777777778,3,0.334076998282468,1.09749092428351,0,0,0,0,6.88729743707974,5.79072440479001,1.38629436111989,0
16672,8134.94,20,141.6,390.3,406.747,1.84791666666667,22,0.0918907007459215,2.67081529012922,41.35,3,-41.35,1,9.00404656306993,6.01064688402464,3.04452243772342,3.74596842109806
16673,188.83,1,101,101,188.83,678.936111111111,19,0.0870998970408673,2.65706743332145,0,0,0,0,5.24612893480245,5.24612893480245,0.693147180559945,0
16674,319.61,2,94,121.9,159.805,54.0965277777778,89,0.025936166232429,4.04691286819943,0,0,0,0,5.77022543120492,5.0801924507888,1.09861228866811,0
16675,608.86,2,148,176.8,304.43,441.065972222222,21,0.110717645290023,2.5735559966246,0,0,0,0,6.4132294226296,5.72172061978721,1.09861228866811,0
16676,2318,6,154.5,219,386.333333333333,33.0340277777778,107,0.0140500147400283,4.47963198703066,33.4,1,-33.4,1,7.74889133725553,5.95928564874375,1.94591014905531,3.53805656437935
16677,866.72,2,228.5,299.15,433.36,410.95625,45,0.0313530059018421,3.65149821247524,23.9,1,-30.85,0.774716369529984,6.76586908197486,6.0738736833487,1.09861228866811,3.21486780347066
16678,3110.47,12,199.75,302.75,259.205833333333,2.02291666666667,93,0.0239629967413385,4.09408285416619,96.16,5,-96.16,1,8.04285056231086,5.56147298447943,2.56494935746154,4.57635910413397
16679,793.06,3,92,174.1,264.353333333333,365.957638888889,15,0.157782794631533,2.22175571484466,0,0,0,0,6.67715902514274,5.58106227122,1.38629436111989,0
16680,821.45,3,125.666666666667,219.1,273.816666666667,42.84375,25,0.10566177371835,2.76968077827204,0,0,0,0,6.71228769051817,5.61610420867887,1.38629436111989,0
16681,1921.84,7,213.142857142857,313.9,274.548571428571,72.1104166666667,22,0.106172801322791,2.56083892523838,0,0,0,0,7.56155853879906,5.61876391587948,2.07944154167984,0
16682,1002.08,5,193.6,393.6,200.416,4.02569444444444,15,0.101003488506321,2.47032147128149,0,0,0,0,6.91083054549907,5.30537242102171,1.79175946922805,0
16683,320.25,1,190,190,320.25,533.134722222222,18,0.0606755919244882,2.84452270294912,10.9,1,-10.9,1,5.77221963620943,5.77221963620943,0.693147180559945,2.47653840011748
16684,103087.89,55,990.636363636364,3038.4,1874.32527272727,3.94722222222222,202,0.0143571392372209,4.69717567533824,3475.06,10,-5640.52,0.616088587577032,11.5433469047417,7.53653740214668,4.02535169073515,8.1536547474561
16685,324.96,2,198,367.2,162.48,60.9944444444444,60,0.0263666754212949,3.86006687203828,0,0,0,0,5.78677467445202,5.09669065869608,1.09861228866811,0
16686,5034.34,16,219.375,426.75,314.64625,47.0006944444444,574,0.00468168585072945,5.87871220670668,19.35,2,-19.35,1,8.52423633018164,5.75462212449596,2.83321334405622,3.0130809118886
16687,159.79,1,141,141,159.79,390.044444444444,8,0.162242564274303,1.92620190139064,0,0,0,0,5.08009916575632,5.08009916575632,0.693147180559945,0
16688,1260.86,4,201,511.3,315.215,0.893055555555556,52,0.0270431713516737,3.76574807534286,0,0,0,0,7.14034210192364,5.75642236198038,1.6094379124341,0
16689,413.96,2,153,233.1,206.98,75.0909722222222,12,0.101084607344745,2.38396136237759,110.7,1,-119.34,0.927601809954751,6.02818213004314,5.33744192123209,1.09861228866811,4.71581670607516
16690,353.03,4,52.25,85.1,88.2575,71.95,12,0.176116575788425,2.0437849133708,16.95,1,-16.95,1,5.86938165530577,4.49152545074257,1.6094379124341,2.88759011493429
16691,156.88,2,46,54.1,78.44,417.949305555556,11,0.103609912349978,2.31687771251363,0,0,0,0,5.06183525079465,4.37500201973692,1.09861228866811,0
16692,1090,4,74,120.85,272.5,255.961111111111,3,0.710007995959936,0.513465080131394,0,0,0,0,6.99484998583307,5.61130162186204,1.6094379124341,0
16693,1197.51,5,137.6,170,239.502,68.1111111111111,151,0.0162629521319521,4.58152258884936,0,0,0,0,7.08883439760267,5.48272840551955,1.79175946922805,0
16694,76.35,1,26,26,76.35,722.878472222222,3,0.502178855261482,0.850377623034325,0,0,0,0,4.34834057701908,4.34834057701908,0.693147180559945,0
16695,193.15,2,92.5,173.05,96.575,561.051388888889,30,0.05255009978376,3.14373920692306,0,0,0,0,5.26863105617768,4.58062131306668,1.09861228866811,0
16696,657.9,4,36.5,80.1,164.475,134.977083333333,7,0.233281537304473,1.64116097491233,0,0,0,0,6.49057177791977,5.10882012600499,1.6094379124341,0
16697,112.75,1,27,27,112.75,240.859722222222,20,0.0656191464152094,2.8257624102664,0,0,0,0,4.73400305783106,4.73400305783106,0.693147180559945,0
16698,1320,2,280,424,660,226.123611111111,4,0.315082644628099,1.268394175492,0,0,0,0,7.18614430452233,6.49375383985169,1.09861228866811,0
16699,994.6,7,91.4285714285714,138.4,142.085714285714,379.925,51,0.122216092174234,2.93744677561554,29.7,1,-29.7,1,6.90334557049344,4.96344385129052,2.07944154167984,3.42426265459315
16700,9167.71,25,275.28,473.4,366.7084,8.07638888888889,280,0.00868584879621202,5.20014731761715,83.65,6,-83.65,1,9.12355187923692,5.90729023275665,3.25809653802148,4.43852510857914
16701,9682.93,26,376.846153846154,647,372.420384615385,8.06944444444444,166,0.0128016488694776,4.68450262868782,302.14,8,-302.14,1,9.17822308961381,5.92270482151734,3.29583686600433,5.71419474500351
16702,1111.83,4,173,270.25,277.9575,414.986111111111,84,0.0232280522898652,4.0414024563237,9.95,1,-9.95,1,7.01466159926813,5.63105944046891,1.6094379124341,2.39333945626251
16704,679.86,2,227.5,397.15,339.93,617.991666666667,50,0.0337271600134391,3.64139741857565,0,0,0,0,6.52335670498567,5.83167717761861,1.09861228866811,0
16705,42308.51,42,490.428571428571,1479.2,1007.34547619048,0.0291666666666667,424,0.00695264136604357,5.50372829210689,861.91,19,-861.91,1,10.6527671624606,6.91606612422727,3.76120011569356,6.76031039827548
16706,531.81,3,83,154,177.27,36.9583333333333,108,0.0283528113545386,4.06122690455644,0,0,0,0,6.27816488781882,5.18329925496377,1.38629436111989,0
16707,551.11,4,100.5,140.7,137.7775,399.924305555556,64,0.034832534407678,3.7501424412725,0,0,0,0,6.31374730178672,4.93287193118607,1.6094379124341,0
16708,656.63,1,285,285,656.63,45.0625,27,0.0567976133109222,3.10244132571625,0,0,0,0,6.48864246313935,6.48864246313935,0.693147180559945,0
16709,9016.85,14,234,433.2,644.060714285714,84.1208333333333,228,0.0116492102513318,4.98097714821542,0,0,0,0,9.10696122544283,6.46934444304128,2.70805020110221,0
16710,6352.3,22,199.954545454545,393.05,288.740909090909,18.9166666666667,558,0.00479775937673652,5.84816247532438,12.75,1,-12.75,1,8.7567296419366,5.66898710671785,3.13549421592915,2.62103882411258
16711,2863.44,9,132,286.4,318.16,2.84583333333333,26,0.0650647132501014,2.9555689710561,117,1,-117,1,7.96012814756538,5.76569254444008,2.30258509299405,4.77068462446567
16712,4269.15,13,161,270.6,328.396153846154,8.95972222222222,302,0.0113997279801405,5.1043183644312,0,0,0,0,8.35940423441129,5.79726114143419,2.63905732961526,0
16713,14206.66,32,260.34375,669.05,443.958125,18.0097222222222,589,0.00792038139787548,5.59824117711702,180.15,9,-180.15,1,9.56153653476544,6.09798017661486,3.49650756146648,5.19932541734109
16714,1315.8,4,212.25,552.65,328.95,218.111805555556,96,0.0144171808899431,4.38826181686344,61.09,3,-275.09,0.22207277618234,7.18295982992281,5.79894112782943,1.6094379124341,4.1285849453768
16715,595.22,2,548,611,297.61,77.8159722222222,27,0.10276536022837,2.71620963451499,0,0,0,0,6.39060972647133,5.69913837416254,1.09861228866811,0
16716,1979.76,3,272,636,659.92,266.115972222222,7,0.260035604443529,1.64541113057191,581.4,1,-581.4,1,7.59123588842531,6.49363280378279,1.38629436111989,6.36715749688248
16717,6964.28,14,230.428571428571,536.1,497.448571428571,23.0236111111111,280,0.00608645684730444,5.39886499084237,654.32,6,-676.27,0.967542549573395,8.84869308641089,6.21150041743706,2.70805020110221,6.48512366595206
16718,3647.78,5,468.6,761.4,729.556,368.990972222222,126,0.01305520123475,4.54400858277359,0,0,0,0,8.20214814412836,6.59380588807458,1.79175946922805,0
16719,3974.85,14,181.142857142857,295.15,283.917857142857,14.1409722222222,209,0.0167492091328687,4.62199545036301,144.75,3,-144.75,1,8.28799384070666,5.65220091817375,2.70805020110221,4.9818928252306
16720,711.5,3,159.666666666667,206.3,237.166666666667,25.8527777777778,131,0.0330900538241094,4.26278578259954,118.05,1,-202.05,0.584261321455085,6.56877991214281,5.47297070870181,1.38629436111989,4.77954357293287
16721,292.47,1,172,172,292.47,261.8625,37,0.0409946943676345,3.39458838401009,0,0,0,0,5.68177541939311,5.68177541939311,0.693147180559945,0
16722,8986,22,385.272727272727,639.6,408.454545454545,16.9736111111111,160,0.0182939255559344,4.47300008162133,21.25,4,-21.25,1,9.10353436765837,6.01482589702116,3.13549421592915,3.10234200861225
16723,1155.35,4,250.5,438.8,288.8375,91.0340277777778,108,0.0192160819653013,4.26520310139576,0,0,0,0,7.05302377157338,5.6693204211011,1.6094379124341,0
16724,147.35,1,69,69,147.35,404.048611111111,17,0.0805570968803114,2.67180216694608,0,0,0,0,4.99957434673683,4.99957434673683,0.693147180559945,0
16725,1882.35,14,56,136.75,134.453571428571,301.831944444444,243,0.0128395476320511,4.88114771274144,11.4,2,-11.4,1,7.54080738499074,4.9086289353195,2.70805020110221,2.51769647261099
16726,2088.41,7,193.714285714286,398.2,298.344285714286,25.9145833333333,150,0.0169790039218987,4.52115885917018,0,0,0,0,7.64463700845494,5.70159436821066,2.07944154167984,0
16727,1437.42,4,277.25,366.75,359.355,363.959722222222,161,0.0217278084872682,4.42574239304071,0,0,0,0,7.27130056795885,5.88708965667311,1.6094379124341,0
16728,1058.21,4,169.25,326.6,264.5525,45.9680555555556,218,0.0129347994236937,4.87288448920439,0,0,0,0,6.96527862622579,5.58181256124699,1.6094379124341,0
16729,7252.29,21,275.380952380952,459,345.347142857143,37.93125,238,0.0178097211949919,4.51100360539465,56.64,5,-163.64,0.346125641652408,8.88921043801922,5.84744157514093,3.09104245335832,4.05421677113132
16730,747.07,3,331.333333333333,431,249.023333333333,51.9854166666667,75,0.0278978138523358,3.8718020503131,40.32,1,-40.32,1,6.61749655648357,5.52155424684029,1.38629436111989,3.72134664425144
16731,174.05,1,127,127,174.05,647.90625,40,0.0370540120080602,3.46832831443595,0,0,0,0,5.16507164740067,5.16507164740067,0.693147180559945,0
16732,4110.64,4,603.5,1107.95,1027.66,31.1222222222222,203,0.00684587933968527,5.1606388346082,143.85,5,-420.85,0.341808245218011,8.32157725466426,6.9360122633526,1.6094379124341,4.97569872421536
16733,259.68,1,112,112,259.68,529.151388888889,12,0.12478824535074,2.3152972635169,0,0,0,0,5.56329360146418,5.56329360146418,0.693147180559945,0
16734,650.51,3,115.333333333333,224.1,216.836666666667,52.0041666666667,44,0.0411861121777949,3.45311014916292,0,0,0,0,6.47929274564127,5.38374554649791,1.38629436111989,0
16735,6270.56,14,305.785714285714,593.7,447.897142857143,78.0840277777778,183,0.0132172658981409,4.79252597563158,638.55,8,-638.55,1,8.74378040650818,6.10679378100297,2.70805020110221,6.4607648040454
16736,2956.56,5,210,479.2,591.312,505.153472222222,117,0.0170140013007674,4.46258997048622,52.05,3,-52.05,1,7.99211988305166,6.38403352308107,1.79175946922805,3.97123486505999
16737,348,2,120,120,174,53.0326388888889,1,1,0,0,0,0,0,5.85507192220243,5.16478597392351,1.09861228866811,0
16738,3.75,1,3,3,3.75,297.127777777778,1,1,0,0,0,0,0,1.55814461804655,1.55814461804655,0.693147180559945,0
16739,786.43,2,195.5,216.65,393.215,176.189583333333,33,0.042200668397475,3.3437794192481,14.2,2,-14.2,1,6.66877447786005,5.97689644574505,1.09861228866811,2.72129542785223
16740,236.81,1,116,116,236.81,394.969444444444,30,0.0857109889351207,2.85416067335208,0,0,0,0,5.47147203551717,5.47147203551717,0.693147180559945,0
16741,173.06,1,81,81,173.06,624.899305555556,11,0.114875150466964,2.26337317494649,0,0,0,0,5.15940006736137,5.15940006736137,0.693147180559945,0
16742,2292.67,14,173.714285714286,350.35,163.762142857143,46.075,51,0.15237585923143,2.62234599478954,342.5,1,-464.9,0.736717573671757,7.73790843381045,5.10450287541401,2.70805020110221,5.8391871116624
16743,4257.58,14,267,395.2,304.112857142857,28.9840277777778,120,0.0269431638861516,4.00270036031359,46.25,1,-46.25,1,8.35669105036218,5.72068173158483,2.70805020110221,3.85545265393975
16744,1304.82,7,115,212.1,186.402857142857,10.9888888888889,198,0.0117891092271386,4.88584405515255,0,0,0,0,7.17458647491645,5.23326061591466,2.07944154167984,0
16745,7159.02,17,386.294117647059,776,421.118823529412,86.0777777777778,149,0.0219716183405949,4.22617008439285,23.6,1,-23.6,1,8.87626805324688,6.04528684674654,2.89037175789616,3.20274644293832
16746,18055.28,42,281.761904761905,539.5,429.887619047619,4.01180555555556,414,0.0098809858045647,5.15510018271462,34.55,4,-34.55,1,9.80124882568772,6.06584731143485,3.76120011569356,3.57094015624925
16747,836.06,2,291.5,300.95,418.03,37.0506944444444,35,0.0443735421100003,3.3613783620401,9.1,2,-9.1,1,6.72989575250807,6.03794251640439,1.09861228866811,2.31253542384721
16748,3637.81,14,151.928571428571,260.7,259.843571428571,17.10625,65,0.0327581288785378,3.72734348523465,5.04,1,-5.04,1,8.19941198410286,5.56392088445922,2.70805020110221,1.79840401194672
16749,4248.68,2,991,991.9,2124.34,591.030555555556,54,0.0561741545154777,3.34200954441764,0,0,0,0,8.35459896496607,7.66168706855988,1.09861228866811,0
16750,601.98,5,42.8,69.2,120.396,44.0430555555556,74,0.0326063253917531,3.89661076724535,0,0,0,0,6.40188402868128,4.79905792915341,1.79175946922805,0
16751,1301.52,1,887,887,1301.52,30.0847222222222,24,0.211535867408009,2.07793499021758,0,0,0,0,7.17205612859601,7.17205612859601,0.693147180559945,0
16752,291.1,1,108,108,291.1,372.022222222222,9,0.114421765319738,2.18118648716701,0,0,0,0,5.67709620939369,5.67709620939369,0.693147180559945,0
16753,226.08,1,189,189,226.08,58.025,34,0.0896378166432014,2.88562145318157,0,0,0,0,5.42530237830253,5.42530237830253,0.693147180559945,0
16754,25324.82,29,536.413793103448,1670.4,873.269655172414,371.8,38,0.0514236495675032,3.28340911994237,3788.85,6,-10941.89,0.346270159908389,10.1395797076648,6.77338885801551,3.40119738166216,8.24008171945684
16755,2880.77,7,285.571428571429,457.7,411.538571428571,114.020138888889,224,0.0110917045953302,4.95586623698198,18.55,3,-18.55,1,7.96615996768433,6.02232970789678,2.07944154167984,2.97297528643137
16756,1290.42,7,101,214.3,184.345714285714,214.178472222222,64,0.0287047127634987,3.9115738421993,24.95,2,-24.95,1,7.16349766714074,5.2222228070511,2.07944154167984,3.2561716096119
16757,270.48,2,90,98.1,135.24,318.035416666667,13,0.116484821620481,2.30826054237132,0,0,0,0,5.60388847183556,4.91441803635443,1.09861228866811,0
16758,369.34,1,203,203,369.34,64.9604166666667,22,0.0823574323965297,2.76745877577873,0,0,0,0,5.91442150260967,5.91442150260967,0.693147180559945,0
16759,789.79,3,203,300.1,263.263333333333,7.00555555555556,40,0.0328375051050471,3.56323887481042,16.95,1,-16.95,1,6.67303244579415,5.57694608074642,1.38629436111989,2.88759011493429
16760,228,1,168,168,228,429.913194444444,17,0.0629951523545706,2.798410887126,0,0,0,0,5.43372200355424,5.43372200355424,0.693147180559945,0
16761,316.62,1,341,341,316.62,96.1076388888889,13,0.104513934912148,2.40318941210382,0,0,0,0,5.7608556996825,5.7608556996825,0.693147180559945,0
16762,1457.48,3,206,273.1,485.826666666667,19.0465277777778,51,0.0256000756360669,3.7890914771817,0,0,0,0,7.28515007649521,6.18790813912549,1.38629436111989,0
16763,964.7,2,246,311.7,482.35,198.081944444444,44,0.0398620274652419,3.54464777734923,16.95,1,-16.95,1,6.87285322697287,6.18074102891061,1.09861228866811,2.88759011493429
16764,2799.25,13,96.8461538461538,134,215.326923076923,3.04791666666667,210,0.0126296077740429,4.77125960381668,41,5,-41,1,7.93746397789185,5.3767907962114,2.63905732961526,3.73766961828337
16765,454.75,2,155.5,291.85,227.375,293.88125,52,0.0340004312188157,3.63808073728317,0,0,0,0,6.12194441355877,5.43098901469817,1.09861228866811,0
16766,1145.6,2,268,268,572.8,272.894444444444,17,0.0630019813481165,2.79405266937001,0,0,0,0,7.04455632047428,6.35228090354726,1.09861228866811,0
16767,8015.48,15,469.4,1013.7,534.365333333333,30.1305555555556,210,0.01000257147464,4.9222704510482,102,1,-102,1,8.98925470177142,6.28294937989269,2.77258872223978,4.63472898822964
16768,1708.12,9,86.3333333333333,133.8,189.791111111111,47.1333333333333,108,0.0472396566919133,3.83788539247909,61.05,5,-61.05,1,7.44373389715141,5.25117917046099,2.30258509299405,4.12794051165062
16769,1135.85,4,75.25,103.2,283.9625,259.964583333333,76,0.022331390361054,4.0454386552162,0,0,0,0,7.03601655892615,5.65235759266401,1.6094379124341,0
16770,1888.23,9,124.444444444444,209,209.803333333333,57.0618055555556,203,0.0179450093669692,4.61629418279684,32.1,2,-32.1,1,7.54392461763334,5.35092562931891,2.30258509299405,3.49953328238302
16771,3967.6,10,231.4,385.2,396.76,32.9736111111111,308,0.00732505930103604,5.35220981951265,0,0,0,0,8.28616866665115,5.98584880832235,2.39789527279837,0
16772,3707.75,3,229.666666666667,429,1235.91666666667,423.021527777778,57,0.081562033677789,3.21063098128185,937.95,2,-937.95,1,8.21845017160503,7.12037700283677,1.38629436111989,6.84476222965421
16773,421.24,3,84,158.6,140.413333333333,56.9673611111111,53,0.0345160691072,3.67069379160428,0,0,0,0,6.04557387275501,4.95168704416076,1.38629436111989,0
16774,1594.45,8,98.125,171.4,199.30625,67.0479166666667,92,0.0256570222321939,4.02607224498748,6.6,1,-6.6,1,7.37491110708873,5.29984744538017,2.19722457733622,2.02814824729229
16775,3054.08,16,63.75,164,190.88,9.89444444444444,134,0.0184788105088293,4.37317028876801,81.6,1,-81.6,1,8.02456105784221,5.25687017663386,2.83321334405622,4.41400968052693
16776,620.17,2,225,258.3,310.085,60.0319444444444,105,0.0193230308185948,4.30394022716468,0,0,0,0,6.43160479648312,5.74006618673345,1.09861228866811,0
16777,1307.76,5,95,252,261.552,80.00625,126,0.0129785759251132,4.54144032119031,30.75,1,-30.75,1,7.17683540303426,5.5704491576515,1.79175946922805,3.4578927253387
16778,245.94,2,97,124.9,122.97,74.0013888888889,16,0.0692551616606127,2.71860207532582,0,0,0,0,5.5091453921396,4.82003960085006,1.09861228866811,0
16779,33167.21,53,365.77358490566,856,625.79641509434,1.91388888888889,329,0.0111168502081727,4.98311108728392,286.63,9,-286.63,1,10.4093471660593,6.44062179108826,3.98898404656427,5.66167493195063
16780,605.55,3,118.333333333333,164.7,201.85,99.9034722222222,75,0.0229847714819627,4.01705638728348,0,0,0,0,6.40778716521693,5.31246678965246,1.38629436111989,0
16781,934.25,2,152.5,218.65,467.125,371.933333333333,38,0.034702167943689,3.49026027490109,33.2,1,-33.2,1,6.84081387322826,6.14873535427148,1.09861228866811,3.53222564406856
16782,10436.46,38,112.763157894737,294.35,274.643684210526,9.97916666666667,612,0.00966970127169493,5.45259343916509,89.45,12,-89.45,1,9.25315653681644,5.61910903242249,3.66356164612965,4.5047972118413
16783,391.95,1,163,163,391.95,436.08125,25,0.0426283216865324,3.18841924543698,0,0,0,0,5.97368237731218,5.97368237731218,0.693147180559945,0
16784,896.53,5,99.2,159.2,179.306,19.0208333333333,140,0.0148840454700031,4.57916569659428,0,0,0,0,6.79964654598764,5.19465540752579,1.79175946922805,0
16785,533.78,1,313,313,533.78,409.134722222222,35,0.0311446809705504,3.51096741173724,0,0,0,0,6.28185544737068,6.28185544737068,0.693147180559945,0
16786,51.84,1,72,72,51.84,393.184027777778,1,1,0,0,0,0,0,3.96726847965412,3.96726847965412,0.693147180559945,0
16787,1034.48,4,118.5,167.55,258.62,397.075694444444,102,0.0165359150389848,4.32552266830399,0,0,0,0,6.94262036630822,5.55921902346485,1.6094379124341,0
16788,1950.78,5,197,256,390.156,122.95625,358,0.0108807921132196,5.36708611212469,0,0,0,0,7.57649705570333,5.96910645739731,1.79175946922805,0
16789,80.8,1,32,32,80.8,7.90138888888889,5,0.205479242231154,1.59529255907686,0,0,0,0,4.4042772436087,4.4042772436087,0.693147180559945,0
16790,1545.62,6,149.666666666667,298.75,257.603333333333,3.03958333333333,88,0.0128830939836344,4.414835529522,25.5,2,-25.5,1,7.3438271836832,5.55529535617477,1.94591014905531,3.27714473299218
16791,4038.81,15,124.933333333333,268,269.254,28.7347222222222,408,0.00803478031207751,5.46667627436905,92.57,3,-92.57,1,8.30395294014629,5.59936225751987,2.77258872223978,4.53870981928782
16792,621.51,5,64.8,100.2,124.302,281.922916666667,91,0.0207397080697239,4.18045653178224,0,0,0,0,6.43375969246686,4.83072682346658,1.79175946922805,0
16793,243.84,1,146,146,243.84,56.9458333333333,16,0.0701358911398378,2.71174202733139,0,0,0,0,5.50060493598287,5.50060493598287,0.693147180559945,0
16794,2092.71,15,106.8,260.9,139.514,0.788888888888889,259,0.00864037654513008,5.0898787139571,21.2,2,-21.2,1,7.64669289091327,4.94530712793777,2.77258872223978,3.10009228887823
16795,2490.44,3,486.333333333333,624.7,830.146666666667,364.945833333333,308,0.00712488427189978,5.35153964069154,27.2,2,-27.2,1,7.8206161355531,6.7228062734659,1.38629436111989,3.33932197794407
16796,305.62,1,186,186,305.62,88.9923611111111,18,0.0711934348421001,2.77704489086194,0,0,0,0,5.72560919588231,5.72560919588231,0.693147180559945,0
16797,1827.79,5,181.8,270,365.558,392.733333333333,304,0.00599328307734047,5.40386614631738,41,4,-41,1,7.5114098249591,5.90415676255761,1.79175946922805,3.73766961828337
16798,842.86,3,69.6666666666667,100.4,280.953333333333,553.784027777778,141,0.0172802797140786,4.55114111145346,11.15,1,-11.15,1,6.73798660405963,5.64174157261045,1.38629436111989,2.49732916978656
16799,495.98,2,88,98.8,247.99,431.973611111111,80,0.0179663365184784,4.17812307564324,4.95,1,-4.95,1,6.20854978383823,5.51741273501568,1.09861228866811,1.78339121955754
16800,1194.49,1,540,540,1194.49,10.9472222222222,148,0.010435262356804,4.75266320583487,0,0,0,0,7.08631142216243,7.08631142216243,0.693147180559945,0
16801,1591.93,4,124.75,258.25,397.9825,162.928472222222,72,0.0192947602418572,4.11764021240115,751.9,1,-751.9,1,7.37333036669723,5.98891755627888,1.6094379124341,6.62393241685608
16802,582.61,2,184.5,227.25,291.305,678.9625,48,0.0491142951501587,3.41228958904011,0,0,0,0,6.36923295152582,5.67779777768421,1.09861228866811,0
16803,332.3,1,245,245,332.3,64.9736111111111,24,0.0456265358512683,3.12884366050535,0,0,0,0,5.80904298531369,5.80904298531369,0.693147180559945,0
16804,536.99,3,82,172.6,178.996666666667,22.8381944444444,59,0.0317217516045069,3.72676434964426,0,0,0,0,6.28783997262844,5.19293833220022,1.38629436111989,0
16805,1101.9,5,224.4,389.2,220.38,173.102083333333,214,0.0125315661277951,4.96671485397763,0,0,0,0,7.0056983533121,5.39988068195748,1.79175946922805,0
16806,793.54,4,94.5,117.65,198.385,102.932638888889,68,0.0287848985492703,3.83726551710018,0,0,0,0,6.67776333083909,5.29523762902111,1.6094379124341,0
16807,2123.88,6,238.833333333333,308,353.98,142.076388888889,113,0.0125862103636127,4.54247911118279,59,2,-59,1,7.66147060917576,5.8720614498602,1.94591014905531,4.0943445622221
16808,288.42,2,98,114.2,144.21,98.7611111111111,21,0.119935479987254,2.50613044874931,0,0,0,0,5.66787892030985,4.97818097054265,1.09861228866811,0
16809,1727.43,9,121.444444444444,182.8,191.936666666667,22.8784722222222,124,0.018475993885776,4.29247826181179,1.95,1,-1.95,1,7.45496876100041,5.26236198306506,2.30258509299405,1.08180517035173
16810,842.04,2,186,250.8,421.02,191.929166666667,34,0.0410168268641504,3.37236839924425,55.9,2,-55.9,1,6.73701440646098,6.04505270627791,1.09861228866811,4.04129534113228
16811,548.99,2,238.5,377.55,274.495,4.04930555555556,26,0.0480003309173939,3.14332394740769,0,0,0,0,6.30990009624304,5.61856947960795,1.09861228866811,0
16812,2392,4,279,629.5,598,360.010416666667,99,0.0206748224292793,4.28606261727488,175.2,1,-175.2,1,7.78030308790837,6.39526159811545,1.6094379124341,5.17161971350208
16813,1659.64,10,135.7,255,165.964,7.94930555555556,250,0.00963216944425556,5.07602462490569,0,0,0,0,7.41495834921698,5.11777822031617,2.39789527279837,0
16814,12476.01,36,140.722222222222,254.25,346.555833333333,13.9743055555556,252,0.0150873348692696,4.75738173675989,8.5,1,-8.5,1,9.43164302988541,5.8509253235614,3.61091791264422,2.2512917986065
16815,410.97,2,119,141.5,205.485,453.11875,66,0.021096912348798,3.99594434522658,0,0,0,0,6.02095053116437,5.33022777053755,1.09861228866811,0
16816,417.54,4,68.5,130.55,104.385,102.981944444444,28,0.039502156490486,3.27132675969064,0,0,0,0,6.03677246481252,4.65762031098901,1.6094379124341,0
16817,2761,13,120.384615384615,232.6,212.384615384615,2.07430555555556,107,0.0170017495196521,4.40071236251868,166.45,5,-210.35,0.791300213929166,7.92371033396924,5.36309624341324,2.63905732961526,5.12068479924021
16818,3328.87,11,196.818181818182,430,302.624545454545,10.0895833333333,172,0.00812994208957197,4.99181862335953,19.65,2,-31.6,0.621835443037975,8.11068854317341,5.7157918902592,2.484906649788,3.02771531940704
16819,193.39,2,126.5,224.15,96.695,464.842361111111,17,0.0901137124602157,2.57983217349402,0,0,0,0,5.26986645037402,4.58185038066647,1.09861228866811,0
16820,497.61,1,307,307,497.61,95.0722222222222,26,0.0443784257743796,3.18441310759081,0,0,0,0,6.21182422704558,6.21182422704558,0.693147180559945,0
16821,113.35,1,13,13,113.35,381.115277777778,7,0.153070006376368,1.91020299821762,0,0,0,0,4.73926392046879,4.73926392046879,0.693147180559945,0
16822,187.63,1,171,171,187.63,685.936111111111,11,0.0996479822737992,2.34799773361662,36.55,2,-36.55,1,5.23978742435763,5.23978742435763,0.693147180559945,3.62567337821014
16823,2256.39,7,166.857142857143,280.7,322.341428571429,226.951388888889,150,0.0127065328814956,4.65102093927364,6.95,1,-6.95,1,7.72196455763664,5.77870881933475,2.07944154167984,2.07317192866624
16824,686.24,3,130,152,228.746666666667,15.0083333333333,34,0.0418643326784547,3.36868561069006,0,0,0,0,6.53268357619377,5.43697725260679,1.38629436111989,0
16825,1753.93,5,235.4,302,350.786,38.0409722222222,50,0.0380496094204113,3.57428225260058,0,0,0,0,7.47018424906461,5.86302303617334,1.79175946922805,0
16826,341.7,1,158,158,341.7,50.9895833333333,22,0.0490119424739307,3.05096091257067,0,0,0,0,5.83685542888056,5.83685542888056,0.693147180559945,0
16827,392.13,5,25,46.2,78.426,392.948611111111,10,0.455400268172138,1.30036941739981,0,0,0,0,5.97414034597478,4.3748257705705,1.79175946922805,0
16828,128.5,2,29.5,55.15,64.25,92.9444444444444,8,0.133094520734606,2.04967110904659,0,0,0,0,4.86368088113959,4.1782260462028,1.09861228866811,0
16829,513.32,2,107.5,115.15,256.66,156.126388888889,26,0.0462126585113798,3.16775166462239,0,0,0,0,6.24284563983343,5.55164088636338,1.09861228866811,0
16830,1207.5,4,174.75,252.6,301.875,38.0520833333333,66,0.0243527839203734,4.00659325040299,23.8,1,-23.8,1,7.09713520014354,5.71332017913669,1.6094379124341,3.21084365317094
16831,91.8,1,48,48,91.8,564.195833333333,6,0.172428339527532,1.77380219492246,0,0,0,0,4.53044663979215,4.53044663979215,0.693147180559945,0
16832,417.61,5,35.8,94,83.522,183.926388888889,19,0.100820082788041,2.59873685874242,0,0,0,0,6.03693969888088,4.43701185550623,1.79175946922805,0
16833,2132.04,6,146.333333333333,302.5,355.34,0.924305555555556,87,0.0216980464630975,4.2350071668338,0,0,0,0,7.66530347122566,5.87588533125582,1.94591014905531,0
16834,898.96,2,380,399.8,449.48,227.175694444444,42,0.0324345045819967,3.59577401755351,0,0,0,0,6.80235031789218,6.11031368094636,1.09861228866811,0
16835,1538.41,6,85.8333333333333,152.25,256.401666666667,128,59,0.0259927155145191,3.87613090426236,66.9,4,-66.9,1,7.33915450511653,5.55063777014754,1.94591014905531,4.21803603456465
16836,782.37,4,134.75,261.65,195.5925,39.1145833333333,42,0.0301064376624338,3.65401811745032,0,0,0,0,6.66360512588525,5.28113305846047,1.6094379124341,0
16837,3173.86,11,142.090909090909,418,288.532727272727,30.9326388888889,123,0.0293281298746184,4.37947162274076,3.25,1,-3.25,1,8.06301881586641,5.66826833819784,2.484906649788,1.44691898293633
16838,994.66,4,127.25,179.5,248.665,197.025694444444,53,0.0245190333007055,3.84526249188152,32.95,2,-32.95,1,6.9034058338443,5.52012001925941,1.6094379124341,3.52488885400471
16839,22103.61,44,255.977272727273,410.6,502.354772727273,8.15763888888889,141,0.0329801405374891,4.02208927216761,1342.22,7,-1342.22,1,10.0035414630375,6.22129523505612,3.80666248977032,7.20282499546785
16840,139.85,2,58.5,96.75,69.925,602.918055555556,9,0.113691069738773,2.18562108440793,13.14,1,-13.14,1,4.94769549432238,4.26162298069491,1.09861228866811,2.64900766046843
16841,4039.18,12,289.833333333333,537.6,336.598333333333,36.0409722222222,187,0.0141342686076245,4.8794611804265,164.9,2,-164.9,1,8.30404452441812,5.82185682590077,2.56494935746154,5.1113851971964
16842,1264.19,3,231,350.9,421.396666666667,100.130555555556,47,0.035663457716949,3.59096821086691,3.75,1,-3.75,1,7.14297758751154,6.04594484094677,1.38629436111989,1.55814461804655
16843,19447.97,35,506,1789.2,555.656285714286,42.1972222222222,335,0.00562984716950429,5.47064160068355,42.65,3,-42.65,1,9.87554939134616,6.32194796815136,3.58351893845611,3.77620328228561
16844,614.34,2,140.5,158.95,307.17,562.139583333333,26,0.0561094337949246,3.09008240777591,0,0,0,0,6.42217496057218,5.73065157875822,1.09861228866811,0
16845,253.88,1,167,167,253.88,618.028472222222,20,0.0706405609673956,2.81047600570383,0,0,0,0,5.54079284616174,5.54079284616174,0.693147180559945,0
16846,842.41,3,172.333333333333,243.9,280.803333333333,49.9965277777778,47,0.0236242238247223,3.7976883903215,0,0,0,0,6.73745319801238,5.64120942811475,1.38629436111989,0
16847,614.89,2,127.5,172.05,307.445,43.0145833333333,37,0.0281896141548042,3.59027381571821,0,0,0,0,6.42306837615917,5.73154354544159,1.09861228866811,0
16848,1411.62,4,195,357.95,352.905,52.2138888888889,76,0.0151268059960254,4.26522092618209,0,0,0,0,7.25320141516427,5.86902851553644,1.6094379124341,0
16849,124.57,1,33,33,124.57,186.190277777778,8,0.129529817943397,2.0616925601576,0,0,0,0,4.83286337200087,4.83286337200087,0.693147180559945,0
16850,332.41,1,249,249,332.41,333.070138888889,19,0.0584945720059112,2.89237812085415,0,0,0,0,5.80937296386808,5.80937296386808,0.693147180559945,0
16851,342.45,3,90.3333333333333,104.6,114.15,3.97083333333333,17,0.0757887365315519,2.70781533132284,0,0,0,0,5.83904154065989,4.74623562626669,1.38629436111989,0
16852,123.44,2,28,48.7,61.72,9.97777777777778,9,0.124424929405435,2.12783462120007,0,0,0,0,4.82382367202944,4.13868037604215,1.09861228866811,0
16854,1408.96,2,498.5,922.85,704.48,416.888194444444,72,0.0217370903010906,4.07527654910857,0,0,0,0,7.25131661417549,6.55887842220216,1.09861228866811,0
16855,328.4,2,82,83.8,164.2,23.0326388888889,19,0.0567101537591927,2.90674349438979,0,0,0,0,5.79727281774354,5.10715686108688,1.09861228866811,0
16856,358.49,3,57,87.1,119.496666666667,14.1604166666667,17,0.0708309288911224,2.73821725445597,0,0,0,0,5.88468636036253,4.79162209003081,1.38629436111989,0
16857,352.8,1,168,168,352.8,442.125694444444,11,0.121365808228053,2.25647720001581,0,0,0,0,5.86873178172568,5.86873178172568,0.693147180559945,0
16858,4670.8,10,152.6,280.3,467.08,368.123611111111,87,0.0246451480121033,4.05287898174621,236.65,6,-236.65,1,8.44929971537259,6.14863922147998,2.39789527279837,5.47079900306002
16859,1900.46,7,271.285714285714,428.5,271.494285714286,144.063194444444,90,0.0290903440784028,4.10077580213814,242.72,3,-274.67,0.883678596133542,7.55037729112286,5.6076176440276,2.07944154167984,5.49602002538029
16860,1610.62,3,208.333333333333,247.7,536.873333333333,452.15625,35,0.111902247805739,2.95375324050281,16.95,1,-16.95,1,7.38499516326749,6.28762309254059,1.38629436111989,2.88759011493429
16861,946.59,5,123.2,221.6,189.318,59.1979166666667,40,0.0402496665511772,3.46014948364373,44.22,1,-44.22,1,6.85392191925301,5.24869635732242,1.79175946922805,3.81153946684982
16862,662.33,4,128.25,195.55,165.5825,547.03125,34,0.0414980765082271,3.37508413676654,0,0,0,0,6.49727260391217,5.11549068219864,1.6094379124341,0
16863,998.52,3,248.333333333333,296.7,332.84,30.8916666666667,43,0.0365627101350394,3.55804445451502,21.45,2,-21.45,1,6.90727516374526,5.8106618362833,1.38629436111989,3.11129061418826
16864,409.25,2,141.5,193.25,204.625,433.898611111111,17,0.0850811442329544,2.65102281535575,0,0,0,0,6.0167667299702,5.32605412151964,1.09861228866811,0
16865,130.95,1,157,157,130.95,401.052777777778,15,0.11375837365532,2.3699957479307,0,0,0,0,4.88242306294933,4.88242306294933,0.693147180559945,0
16866,207.74,3,20,26.4,69.2466666666667,140.155555555556,10,0.267947918212708,1.57891784172003,0,0,0,0,5.34108945839191,4.25201285750327,1.38629436111989,0
16867,76.74,1,58,58,76.74,689.152083333333,6,0.188698657143329,1.71634709526458,0,0,0,0,4.35336992542408,4.35336992542408,0.693147180559945,0
16868,393.39,3,38.6666666666667,46.1,131.13,393.98125,47,0.0376644840710192,3.51998371336963,0,0,0,0,5.97734026743746,4.88378628642613,1.38629436111989,0
16869,829.1,4,146.25,203.15,207.275,22.0333333333333,113,0.0172830272077171,4.34392287837032,19.8,1,-19.8,1,6.72154617546099,5.33885932186097,1.6094379124341,3.03495298670727
16870,450.16,1,278,278,450.16,468.997916666667,28,0.0399956997301183,3.27031431857013,0,0,0,0,6.11182204377172,6.11182204377172,0.693147180559945,0
16871,2812.34,6,208.833333333333,338.5,468.723333333333,21.7243055555556,131,0.0119553420328167,4.66600536802432,50.85,1,-50.85,1,7.94212766858733,6.15214386889794,1.94591014905531,3.94835493467554
16872,972.34,6,136.166666666667,264.5,162.056666666667,76.90625,12,0.227562976583766,1.88440266645764,0,0,0,0,6.88073345588583,5.09409778865287,1.94591014905531,0
16873,14047.31,12,692.75,1009.95,1170.60916666667,4.03125,265,0.00619517677277724,5.30962414491745,70.36,5,-70.36,1,9.5502573828296,7.06613343898124,2.56494935746154,4.26773748827175
16874,217.74,1,81,81,217.74,378.9875,31,0.0567884500420323,3.1621050854612,0,0,0,0,5.38788380990708,5.38788380990708,0.693147180559945,0
16875,4212.58,11,190.818181818182,438.5,382.961818181818,67.0076388888889,171,0.00977384819385655,4.92215492056645,159.38,9,-181.33,0.878949980698175,8.34606792162289,5.95054311582587,2.484906649788,5.07754599937888
16876,136.01,1,181,181,136.01,403.035416666667,32,0.0436366675984248,3.27297029898572,0,0,0,0,4.92005391586502,4.92005391586502,0.693147180559945,0
16877,854.18,6,77.1666666666667,128.75,142.363333333333,11.9604166666667,111,0.0263759192624352,4.06633461528143,0,0,0,0,6.751311973095,4.9653822004444,1.94591014905531,0
16878,13.3,1,12,12,13.3,83.8409722222222,3,0.55579738820736,0.779249780205992,13.3,1,-13.3,1,2.66025953726586,2.66025953726586,0.693147180559945,2.66025953726586
16880,1840.86,8,113.875,164.5,230.1075,30.0534722222222,129,0.0227105071450544,4.29698217441688,0,0,0,0,7.51853120958367,5.44288297023707,2.19722457733622,0
16881,86.4,1,120,120,86.4,66.1368055555556,1,1,0,0,0,0,0,4.47049528266149,4.47049528266149,0.693147180559945,0
16882,705.12,3,141.333333333333,299.8,235.04,66.1305555555556,39,0.0531695712346567,3.34176273740537,0,0,0,0,6.55978519472108,5.46400128218897,1.38629436111989,0
16883,2386.84,19,56.8421052631579,112.8,125.623157894737,187.040972222222,159,0.0301263754917794,4.28382128180632,9.95,1,-9.95,1,7.77814447059274,4.84121541474131,2.99573227355399,2.39333945626251
16884,1066.12,4,130.25,193.85,266.53,37.0402777777778,63,0.021825763389645,3.9863880438756,0,0,0,0,6.97271870983279,5.58923170958048,1.6094379124341,0
16885,711.28,4,94,178.5,177.82,14.9652777777778,121,0.0245951346688302,4.27958574792282,0,0,0,0,6.56847109253311,5.18637971330717,1.6094379124341,0
16886,134,1,48,48,134,455.945833333333,8,0.127487190911116,2.06936820034979,134,1,-134,1,4.90527477843843,4.90527477843843,0.693147180559945,4.90527477843843
16887,660.96,3,141.333333333333,175,220.32,34.9465277777778,95,0.0316580819615473,4.0519705293942,0,0,0,0,6.49520513115074,5.39960961802991,1.38629436111989,0
16888,431.3,3,49,57.7,143.766666666667,400.007638888889,43,0.0556570575942794,3.27433691335412,0,0,0,0,6.06911979167359,4.97512325087267,1.38629436111989,0
16889,2530.9,6,269.333333333333,351.25,421.816666666667,194.114583333333,166,0.0130909752527003,4.79678754559963,0,0,0,0,7.83672528801337,6.04693867296055,1.94591014905531,0
16890,285.41,3,81,117.9,95.1366666666667,476.102083333333,17,0.271157901100273,1.88522482118863,0,0,0,0,5.65742435067805,4.56577079020535,1.38629436111989,0
16891,2057.15,11,70.3636363636364,174,187.013636363636,1.06597222222222,341,0.00555446935691667,5.49819451649772,0,0,0,0,7.62956280003529,5.23651449404863,2.484906649788,0
16892,748.1,7,52.8571428571429,100.1,106.871428571429,0.980555555555556,120,0.0153259945915474,4.42913254353553,28.7,2,-28.7,1,6.61887248595384,4.68094004175407,2.07944154167984,3.39114704580865
16893,401.95,2,91,120.7,200.975,366.030555555556,80,0.0239520872876213,3.99617164327211,0,0,0,0,5.99881248477052,5.30814392736577,1.09861228866811,0
16894,1322.11,3,169,452.9,440.703333333333,501.921527777778,185,0.00808124732631558,5.0129902559202,41.7,2,-41.7,1,7.18774030502751,6.09063846517426,1.38629436111989,3.75419892023458
16895,1121.42,5,86.6,118,224.284,64.0659722222222,138,0.0284648956181459,4.141958704769,0,0,0,0,7.02324234758887,5.41736182849387,1.79175946922805,0
16896,103.95,1,18,18,103.95,554.923611111111,18,0.0680121723892768,2.77348213057649,0,0,0,0,4.65348404626664,4.65348404626664,0.693147180559945,0
16897,289.78,2,36.5,55.85,144.89,298.908333333333,37,0.0357370120459653,3.47133342118045,76.75,1,-76.75,1,5.67256696750328,4.9828529130838,1.09861228866811,4.35349855105934
16898,1022.32,5,161,190.6,204.464,25.8791666666667,224,0.0110942338489384,4.92336199183866,128.7,1,-128.7,1,6.93080752251229,5.32527083610829,1.79175946922805,4.8652240913224
16899,1721.34,8,102.25,184.45,215.1675,7.03263888888889,102,0.0249047522090468,4.04181616693944,0,0,0,0,7.4514391103296,5.37605357013107,2.19722457733622,0
16900,907.35,3,277.666666666667,470,302.45,16.0958333333333,78,0.0177873903777842,4.19603392192678,45.09,2,-699.42,0.0644677018100712,6.81162976688475,5.71521685228186,1.38629436111989,3.83059600673242
16901,202.31,1,42,42,202.31,728.847222222222,23,0.0616094307965088,2.95514217545873,0,0,0,0,5.31473190781613,5.31473190781613,0.693147180559945,0
16902,1709.04,1,629,629,1709.04,115.98125,43,0.0477939418018628,3.35208054667067,0,0,0,0,7.44427204103599,7.44427204103599,0.693147180559945,0
16903,1062.32,3,249,359.2,354.106666666667,28.8875,149,0.0134599401775088,4.58238842922503,32.3,1,-32.3,1,6.96915136784721,5.87241821382707,1.38629436111989,3.5055573969864
16904,5103.47,21,133.761904761905,274,243.022380952381,3.98611111111111,480,0.0067970037565167,5.62570301689724,0,0,0,0,8.53787190542459,5.49725994630138,3.09104245335832,0
16905,5035.11,17,121.117647058824,361.8,296.182941176471,4.95069444444444,173,0.0218285206014149,4.4056400515696,29.65,3,-29.65,1,8.52438923765802,5.69434791273215,2.89037175789616,3.42263266238222
16906,1446.85,7,87.5714285714286,185.2,206.692857142857,81.0840277777778,180,0.0192694092522263,4.54565596927227,0,0,0,0,7.27783497641951,5.33606034003003,2.07944154167984,0
16907,1707.9,9,59.1111111111111,109.2,189.766666666667,28.7819444444444,109,0.0946089048011394,3.56730993389164,0,0,0,0,7.44360516765286,5.25105104074695,2.30258509299405,0
16908,252.59,1,61,61,252.59,721.96875,20,0.204897650694716,2.32458909300956,99,1,-99,1,5.53571878960895,5.53571878960895,0.693147180559945,4.60517018598809
16909,344.58,1,340,340,344.58,71.8784722222222,18,0.0693040326269602,2.77706288855411,15,1,-15,1,5.84522416488498,5.84522416488498,0.693147180559945,2.77258872223978
16910,1510.34,8,110.75,167.8,188.7925,3.99930555555556,318,0.00714019561498878,5.3160486609184,0,0,0,0,7.32075195350565,5.24593137011584,2.19722457733622,0
16911,255.25,2,80.5,96.25,127.625,635.022222222222,30,0.0534012380556789,3.13306832700152,3.9,1,-3.9,1,5.54615353045262,4.85690119415421,1.09861228866811,1.58923520511658
16912,4480.31,15,112.866666666667,248.3,298.687333333333,28.0222222222222,138,0.0126389422014279,4.66144874348745,46.71,3,-46.71,1,8.40767069337964,5.70273970894274,2.77258872223978,3.86514101952802
16913,423.91,3,76.3333333333333,127,141.303333333333,289.995833333333,18,0.203058188279627,1.95364615949751,0,0,0,0,6.05187738179322,4.95796092951108,1.38629436111989,0
16914,208.46,1,121,121,208.46,35.8909722222222,25,0.107211154484043,2.68109451492771,0,0,0,0,5.344532790345,5.344532790345,0.693147180559945,0
16915,972.23,11,17.2727272727273,36.5,88.3845454545455,8.84097222222222,54,0.0796306256691378,3.25605748435721,0,0,0,0,6.88062043657482,4.49294779759983,2.484906649788,0
16916,1124.84,4,191,317.35,281.21,23.0291666666667,180,0.0115366272714904,4.80724143888264,0,0,0,0,7.02628470268831,5.64265147465197,1.6094379124341,0
16917,1746.03,2,396.5,544.55,873.015,276.038194444444,45,0.0338929154538383,3.57577876223459,8.95,1,-8.95,1,7.46567248228198,6.77309753797966,1.09861228866811,2.2975725511705
16918,3213.29,16,129.3125,250.75,200.830625,49.0416666666667,291,0.0108099065041383,5.12226249506735,75.23,3,-75.23,1,8.07536177246964,5.30742885557274,2.83321334405622,4.33375508600018
16919,5126.39,24,101.041666666667,188.3,213.599583333333,156.010416666667,236,0.0164664815967091,4.69444584423449,72.1,4,-72.1,1,8.54235203676664,5.36877388859794,3.2188758248682,4.29182836675573
16920,355.45,1,81,81,355.45,410.988194444444,23,0.0629468615828986,2.93636659329014,0,0,0,0,5.87619397756364,5.87619397756364,0.693147180559945,0
16921,446.66,3,99.6666666666667,160.9,148.886666666667,60.8944444444444,78,0.0501240600521103,3.70509203069143,0,0,0,0,6.10403401571148,5.00987945296475,1.38629436111989,0
16922,611.08,1,281,281,611.08,572.101388888889,122,0.0116211165331513,4.59717956267928,0,0,0,0,6.4168629929236,6.4168629929236,0.693147180559945,0
16923,13351,32,193.65625,349.25,417.21875,11.9930555555556,454,0.0103613838818834,5.18872301738713,584.98,9,-584.98,1,9.49942146534167,6.03600462099665,3.49650756146648,6.37328565930175
16924,847.23,3,164.333333333333,290.5,282.41,20.9979166666667,69,0.033054575601459,3.75842185092461,107.25,1,-107.25,1,6.74315182543176,5.64689461244915,1.38629436111989,4.6844433668826
16925,125.65,1,123,123,125.65,539.949305555556,18,0.0798051485241329,2.67864993273052,0,0,0,0,4.84142737644768,4.84142737644768,0.693147180559945,0
16926,1377.45,5,47.4,78.8,275.49,370.963888888889,62,0.0335255274956795,3.67980078515981,10.95,1,-10.95,1,7.22871495849664,5.62217465394309,1.79175946922805,2.48073127837752
16927,240.65,3,91,129,80.2166666666667,115.111111111111,5,0.290462076595052,1.3837527034129,0,0,0,0,5.48749039829109,4.39712048062141,1.38629436111989,0
16928,4049.78,29,95,190.8,139.647586206897,79.9444444444444,133,0.0541393587878077,3.61380545921077,119.65,4,-119.65,1,8.3066647341496,4.94625737308861,3.40119738166216,4.79289379207104
16929,1295.39,7,132.714285714286,204.2,185.055714285714,3.17569444444444,51,0.0283892813576965,3.74704147656856,0,0,0,0,7.16733875756902,5.22604616803081,2.07944154167984,0
16930,381.15,3,113.666666666667,181.7,127.05,25.8590277777778,47,0.0512307924836993,3.35785150320863,0,0,0,0,5.94581320168889,4.85242081264553,1.38629436111989,0
16931,5238.43,23,150.565217391304,242.7,227.757826086957,4.98263888888889,469,0.00616031798567396,5.60842725325533,0,0,0,0,8.56396799277231,5.4326639159724,3.17805383034795,0
16932,440.73,3,76.3333333333333,85.5,146.91,52.9847222222222,117,0.030507725617234,4.12795856147882,0,0,0,0,6.09069883569837,4.99660398068328,1.38629436111989,0
16933,3181.52,9,171.888888888889,357.4,353.502222222222,0.997222222222222,216,0.010118048220749,4.96377267276968,81.65,7,-81.65,1,8.06542861477945,5.87071461456247,2.30258509299405,4.41461482426703
16934,2104.04,6,156.5,346.5,350.673333333333,54.0486111111111,130,0.0125853508285892,4.64214485241123,20.25,1,-20.25,1,7.65208974831124,5.86270271440834,1.94591014905531,3.05635689537043
16935,535.1,3,92.6666666666667,153.4,178.366666666667,381.148611111111,55,0.0424916739137898,3.47811962416615,0,0,0,0,6.28432071083349,5.18943212782726,1.38629436111989,0
16936,551.89,2,171,172.8,275.945,25.0736111111111,125,0.0159942411228984,4.47224133013686,0,0,0,0,6.31515906672708,5.62381893051582,1.09861228866811,0
16937,202.1,1,126,126,202.1,498.829166666667,49,0.0307487609687593,3.68973669665995,0,0,0,0,5.31369846858634,5.31369846858634,0.693147180559945,0
16938,6276.03,9,409.888888888889,763.4,697.336666666667,8.10416666666667,575,0.00472193232824269,5.89356636057562,66,1,-833.25,0.0792079207920792,8.7446522176593,6.54870131694643,2.30258509299405,4.20469261939097
16939,449,3,77.3333333333333,94.4,149.666666666667,488.059722222222,38,0.0409117484536287,3.410095986395,0,0,0,0,6.10924758276437,5.01506989116412,1.38629436111989,0
16940,6437.14,8,562.875,846.9,804.6425,52.0243055555556,387,0.00476686410218833,5.63316783758607,182.25,3,-182.25,1,8.76999495750613,6.69164009572285,2.19722457733622,5.21085134076676
16941,33,1,12,12,33,611.109027777778,2,0.502644628099174,0.690500216161707,0,0,0,0,3.52636052461616,3.52636052461616,0.693147180559945,0
16942,1920.59,9,90.1111111111111,129.6,213.398888888889,12.0069444444444,161,0.0141242634689748,4.60811815257393,26.48,1,-26.48,1,7.56090824731551,5.36783824676199,2.30258509299405,3.31345846735415
16943,852.73,5,29.4,83.2,170.546,211.078472222222,24,0.0557014275949648,3.02131414137857,36,2,-482.76,0.0745712155108128,6.74961498454911,5.14485145221536,1.79175946922805,3.61091791264422
16944,101.36,1,27,27,101.36,609.115972222222,7,0.146358070104511,1.93316684915803,0,0,0,0,4.62849601129159,4.62849601129159,0.693147180559945,0
16945,8577.12,33,177.727272727273,360.4,259.912727272727,21.0493055555556,248,0.0136848870354605,4.87768692572796,17.5,2,-17.5,1,9.05697005425387,5.5641859731404,3.52636052461616,2.91777073208428
16946,1200.09,5,101.8,207.6,240.018,382.947222222222,69,0.0173855685252607,4.14563782654796,22.5,1,-22.5,1,7.09098475682435,5.48487161949827,1.79175946922805,3.15700042115011
16947,955.21,5,131,310.4,191.042,235.175,51,0.0254521574706816,3.80632867839321,58.48,5,-58.48,1,6.86297755420048,5.25771409810549,1.79175946922805,4.08564012159195
16948,820.82,7,170.142857142857,393.6,117.26,138.044444444444,22,0.08814377214062,2.705251903588,0,0,0,0,6.71152139297478,4.77288559039268,2.07944154167984,0
16949,853.43,6,131.833333333333,284,142.238333333333,3.07152777777778,57,0.0234373519208964,3.89633337083903,18,1,-125,0.144,6.75043457994906,4.96450990957897,1.94591014905531,2.94443897916644
16950,3787.09,10,249.2,422,378.709,56.1972222222222,112,0.0245996393169025,4.22337869516119,59.18,2,-59.18,1,8.23961721326343,5.93940516988021,2.39789527279837,4.0973400712019
16951,1277.75,3,439.333333333333,983.4,425.916666666667,134.072916666667,73,0.0170569054717611,4.181269920299,15,1,-15,1,7.15363831726584,6.0565888341512,1.38629436111989,2.77258872223978
16952,798.78,5,68.8,102.4,159.756,109.032638888889,77,0.0240139880660705,3.97329073597529,0,0,0,0,6.68433668984849,5.07988768746005,1.79175946922805,0
16953,20.8,1,10,10,20.8,29.8722222222222,1,1,0,0,0,0,0,3.08190996979504,3.08190996979504,0.693147180559945,0
16954,6066.28,20,203.1,453.5,303.314,0.127777777777778,86,0.0364912539331103,3.89511280410365,44.55,1,-44.55,1,8.71066567818773,5.71806006307433,3.04452243772342,3.81881062370597
16955,1309.41,6,137.166666666667,229.75,218.235,184.134722222222,39,0.0438268414284462,3.35614117946774,48.25,3,-48.25,1,7.17809534432732,5.39014421386057,1.94591014905531,3.8969093676181
16956,308.74,1,114,114,308.74,17.1625,16,0.085612551579679,2.62931113225854,16.4,1,-16.4,1,5.73573323588803,5.73573323588803,0.693147180559945,2.85647020622048
16957,416.64,2,86,105.8,208.32,238.995833333333,15,0.108296456318827,2.46322470111051,0,0,0,0,6.03461981742191,5.34386418150401,1.09861228866811,0
16958,809.44,1,561,561,809.44,434.975694444444,69,0.0230111615751878,3.94526375384446,0,0,0,0,6.69757731005795,6.69757731005795,0.693147180559945,0
16959,117.35,1,49,49,117.35,86.9493055555556,7,0.180086663862469,1.82372402116879,0,0,0,0,4.77364633595999,4.77364633595999,0.693147180559945,0
16960,2043.58,8,189.375,374.7,255.4475,38.0520833333333,340,0.00622034808373715,5.44692113437863,21.45,1,-21.45,1,7.62294766841065,5.54692396529878,2.19722457733622,3.11129061418826
16961,794.56,3,160.666666666667,253.7,264.853333333333,116.002777777778,52,0.0212194552791848,3.90207392300513,21.55,3,-21.55,1,6.67904626919505,5.58294477827059,1.38629436111989,3.11573506594869
16962,251.04,1,158,158,251.04,409.093055555556,15,0.0717621228512841,2.67137159560824,0,0,0,0,5.52958780507385,5.52958780507385,0.693147180559945,0
16963,110.55,1,35,35,110.55,187.001388888889,7,0.14475973407908,1.93913894982214,0,0,0,0,4.71447292087854,4.71447292087854,0.693147180559945,0
16964,207.85,2,24.5,42.05,103.925,732.997916666667,6,0.300320028489671,1.41564841086551,0,0,0,0,5.34161629094318,4.65324580921965,1.09861228866811,0
16965,203.83,1,291,291,203.83,226.070833333333,26,0.0800375334061981,2.81433597431966,0,0,0,0,5.32218036681256,5.32218036681256,0.693147180559945,0
16966,2074.33,7,255.571428571429,460.8,296.332857142857,7.96527777777778,8,0.15731134933715,1.94292785907375,6.5,3,-6.5,1,7.63787545616447,5.69485224237314,2.07944154167984,2.01490302054226
16967,319.02,1,333,333,319.02,188.976388888889,21,0.0553403586333438,2.9745679269768,0,0,0,0,5.76838349384073,5.76838349384073,0.693147180559945,0
16968,440.39,2,163,221.5,220.195,3.90833333333333,31,0.036915562314858,3.35280867420196,0,0,0,0,6.08992883837797,5.39904466541441,1.09861228866811,0
16969,658.33,3,240,374.8,219.443333333333,38.9847222222222,42,0.0291642835407873,3.64453939364279,0,0,0,0,6.49122416789004,5.39564067017332,1.38629436111989,0
16970,71.4,1,12,12,71.4,625.958333333333,2,0.5,0.693147180559945,0,0,0,0,4.28220629939167,4.28220629939167,0.693147180559945,0
16971,243.21,1,72,72,243.21,37.9055555555556,40,0.0376359889451328,3.44997928805248,18,1,-125,0.144,5.49802851087912,5.49802851087912,0.693147180559945,2.94443897916644
16972,786.25,2,95,116.6,393.125,382.077083333333,57,0.0384258213885821,3.61885364889381,0,0,0,0,6.66854585998113,5.97666811786523,1.09861228866811,0
16973,127,1,60,60,127,385.954166666667,6,0.171833343666687,1.77761288833461,0,0,0,0,4.85203026391962,4.85203026391962,0.693147180559945,0
16974,365.5,2,35,53,182.75,522.147222222222,5,0.267669010275825,1.39373280002365,0,0,0,0,5.90399852132671,5.21357613809295,1.09861228866811,0
16975,926.12,3,195.333333333333,306.6,308.706666666667,422.83125,44,0.042594124463453,3.50647761590666,23.7,2,-23.7,1,6.83208300702614,5.73562561295563,1.38629436111989,3.20680324363393
16976,251.52,1,88,88,251.52,266.845138888889,2,0.577275508420255,0.613746832774046,0,0,0,0,5.53149045349942,5.53149045349942,0.693147180559945,0
16977,496,4,35.5,82.4,124,394.98125,25,0.0573299094367846,3.0166535501752,0,0,0,0,6.20859002609663,4.8283137373023,1.6094379124341,0
16978,749.38,3,95,160.9,249.793333333333,77.0416666666667,65,0.0414857140746327,3.7228442646966,0,0,0,0,6.62057974488481,5.52462922679994,1.38629436111989,0
16979,2859.74,9,161.222222222222,264,317.748888888889,3.02013888888889,83,0.032899631584439,3.80317442874153,72.65,3,-72.65,1,7.95883561160489,5.76440361062778,2.30258509299405,4.29932414290864
16980,1367.33,3,313,403.2,455.776666666667,254.884722222222,91,0.0248015818126851,4.14849149366176,0,0,0,0,7.22134629716186,6.12419457706052,1.38629436111989,0
16982,384.06,1,182,182,384.06,60.0569444444444,22,0.0480921450522479,3.06062833807713,0,0,0,0,5.95339916630119,5.95339916630119,0.693147180559945,0
16983,3701.74,11,225.818181818182,401,336.521818181818,12.0277777777778,152,0.0218581737893704,4.34302442192562,11.05,1,-11.05,1,8.21682836510801,5.82163015468774,2.484906649788,2.48906465993666
16984,10677.68,9,592.222222222222,1295.6,1186.40888888889,88.0048611111111,699,0.00510351438867741,5.91619772573277,155.38,10,-155.38,1,9.27600450937001,7.07952880781907,2.30258509299405,5.05228894269637
16985,10115.71,23,134.913043478261,281.5,439.81347826087,16.9701388888889,142,0.0391717212586113,4.08963994241684,56.5,3,-377.4,0.149708532061473,9.22194379117115,6.0886218341881,3.17805383034795,4.0517849478033
16986,3307.7,11,150.818181818182,260,300.7,29.0381944444444,66,0.0248794514394099,3.95560944194898,0,0,0,0,8.10431064198021,5.70943314616501,2.484906649788,0
16987,2526.1,11,61.7272727272727,111.5,229.645454545455,2.80833333333333,164,0.0243536584976561,4.30254027869762,11.9,1,-11.9,1,7.83482767922097,5.44088170265792,2.484906649788,2.55722731136763
16988,382.67,2,79,111.4,191.335,4.86666666666667,20,0.0557145345098855,2.93939765377331,0,0,0,0,5.94978280811334,5.25923864331371,1.09861228866811,0
16989,881.25,6,138.833333333333,514.5,146.875,6.84097222222222,8,0.150420251697601,1.98679183557271,0,0,0,0,6.78247546255538,4.99636732229855,1.94591014905531,0
16990,344,2,100,100,172,218.222222222222,1,1,0,0,0,0,0,5.84354441703136,5.15329159449778,1.09861228866811,0
16991,1041.21,1,793,793,1041.21,420.9875,74,0.0188045905830432,4.14967690040312,0,0,0,0,6.9490987375164,6.9490987375164,0.693147180559945,0
16992,5410.6,13,158.538461538462,428.8,416.2,10.0416666666667,217,0.00790906939890862,5.12917246898216,16.4,2,-16.4,1,8.59630007672921,6.03356572312662,2.63905732961526,2.85647020622048
16993,1950.95,2,142.5,169.95,975.475,463.065277777778,20,0.0700927536066212,2.8005293665597,262.8,1,-262.8,1,7.57658415189088,6.8839491483505,1.09861228866811,5.57519124028321
16996,2123.61,9,102.111111111111,206.8,235.956666666667,29.8381944444444,33,0.074348782301933,2.90598689962269,79.45,4,-79.45,1,7.66134353510317,5.46787728334875,2.30258509299405,4.38763587343839
16997,702,3,120,192,234,287.806944444444,8,0.141975308641975,1.99735673521902,0,0,0,0,6.55535689181067,5.45958551414416,1.38629436111989,0
16998,402,5,20.8,44,80.4,149.170833333333,2,0.918999529714611,0.175150321082323,7.98,2,-7.98,1,5.99893656194668,4.39937527300849,1.79175946922805,2.19499988231411
16999,484.82,2,147,152.4,242.41,22.95625,21,0.158230920999574,2.51820545781448,0,0,0,0,6.18583818492608,5.49474726434382,1.09861228866811,0
17000,406.3,2,152.5,198.85,203.15,395.96875,26,0.0822933469283835,2.67162434510736,0,0,0,0,6.00955001465437,5.31885501776558,1.09861228866811,0
17001,6640.8,19,199.052631578947,277.1,349.515789473684,0.133333333333333,113,0.0230958050920259,4.22487479339715,0,0,0,0,8.80113829007111,5.85940575388705,2.99573227355399,0
17002,2571.55,7,180.714285714286,344.4,367.364285714286,85.0486111111111,65,0.0277474820885819,3.86359767502804,5.95,1,-5.95,1,7.85265290386529,5.90907235536656,2.07944154167984,1.9387416595767
17003,830.36,4,123.75,158.15,207.59,401.982638888889,91,0.0307321856045746,3.9419483755976,0,0,0,0,6.72306291404218,5.34037060277904,1.6094379124341,0
17004,2335.76,4,305.25,499.25,583.94,45.9756944444444,49,0.0655373018820417,3.18334450676579,0,0,0,0,7.75652063350149,6.37150927786923,1.6094379124341,0
17005,707.8,2,369.5,420.35,353.9,470.120138888889,14,0.129607072398218,2.28980095638658,9.95,1,-9.95,1,6.56357339929087,5.87183605965245,1.09861228866811,2.39333945626251
17006,1637.11,8,71.625,132.5,204.63875,4.02847222222222,104,0.0451247685602158,3.77446274627505,0,0,0,0,7.40129841722537,5.3261209885849,2.19722457733622,0
17007,1120.1,7,102.428571428571,211.7,160.014285714286,50.1270833333333,64,0.020936958475711,4.02933233052336,12.5,1,-12.5,1,7.02206562515955,5.08149309219272,2.07944154167984,2.60268968544438
17008,81.36,1,24,24,81.36,428.938194444444,1,1,0,0,0,0,0,4.41109988215959,4.41109988215959,0.693147180559945,0
17009,242.06,1,336,336,242.06,550.909027777778,10,0.151849585775742,2.05971289590692,0,0,0,0,5.49330832644265,5.49330832644265,0.693147180559945,0
17010,195.36,1,118,118,195.36,17.9173611111111,11,0.109964065584459,2.30733543485635,9.9,1,-9.9,1,5.27994970918985,5.27994970918985,0.693147180559945,2.3887627892351
17011,682.5,3,264,363,227.5,29.9722222222222,27,0.092650166888057,2.94063512165942,135,1,-135,1,6.527226656164,5.43153621033426,1.38629436111989,4.91265488573605
17012,384.16,1,268,268,384.16,724.802777777778,34,0.0447680986191024,3.29158889634773,0,0,0,0,5.95365883237208,5.95365883237208,0.693147180559945,0
17014,586.33,3,81.6666666666667,120.6,195.443333333333,7.94513888888889,63,0.0510312952944236,3.46144347570583,20.75,1,-20.75,1,6.37558684244301,5.28037400973678,1.38629436111989,3.07961375753469
17015,1842.56,3,660.333333333333,1092.6,614.186666666667,28.0868055555556,182,0.00910349236721979,4.87862288988619,0,0,0,0,7.51945376393057,6.42192574478795,1.38629436111989,0
17016,552.4,1,309,309,552.4,576.054166666667,41,0.0414303806810227,3.43332049872609,0,0,0,0,6.31608106735283,6.31608106735283,0.693147180559945,0
17017,14036.85,29,359.137931034483,870,484.029310344828,2.1375,130,0.0192095434565828,4.30806344596743,197.5,12,-6023.2,0.0327898791340151,9.54951253195047,6.18420932281212,3.40119738166216,5.29078910012725
17018,2287.7,6,76,119,381.283333333333,40.0472222222222,30,0.0426190067241828,3.25545153699036,0,0,0,0,7.73573924976429,5.94616204397212,1.94591014905531,0
17019,4012.38,11,240.272727272727,420.5,364.761818181818,10.9888888888889,365,0.00865516690877449,5.23516203063299,60.7,2,-60.7,1,8.29738905803408,5.90198235156363,2.484906649788,4.12228393091134
17020,935.62,2,430,613.6,467.81,542.030555555556,67,0.0166344380888236,4.15413625372763,0,0,0,0,6.84227765035446,6.15019756909332,1.09861228866811,0
17021,1182.22,6,165.333333333333,242.75,197.036666666667,441.742361111111,35,0.0644089555923326,3.03818825501667,0,0,0,0,7.07599481456678,5.28845219873506,1.94591014905531,0
17022,260,2,90,106.2,130,30.8201388888889,16,0.0987157514792899,2.56094261326229,0,0,0,0,5.56452040732269,4.87519732320115,1.09861228866811,0
17023,800.18,3,176.666666666667,253.8,266.726666666667,416.925694444444,48,0.0231663055522073,3.82086810129777,0,0,0,0,6.68608564092393,5.58996655956093,1.38629436111989,0
17024,95.85,3,23,24.9,31.95,45.0020833333333,2,0.515087394476405,0.677982978681867,0,0,0,0,4.57316338985301,3.49499126094852,1.38629436111989,0
17025,1510.64,5,204.8,452.8,302.128,60.1972222222222,31,0.0715824390779278,3.0107144755481,0,0,0,0,7.32095043315221,5.71415515854999,1.79175946922805,0
17026,208.98,3,44,69.8,69.66,184.973611111111,4,0.500087748301108,0.971489416656542,0,0,0,0,5.34701228808679,4.257879641931,1.38629436111989,0
17027,1191.36,9,72.5555555555556,181.8,132.373333333333,78.0597222222222,125,0.0149560670429023,4.47649778960102,41.7,1,-41.7,1,7.08368981545124,4.89315221344887,2.30258509299405,3.75419892023458
17028,1593.83,3,285.333333333333,531,531.276666666667,580.928472222222,85,0.016001335198803,4.31355090273318,0,0,0,0,7.37452242646647,6.27716340428776,1.38629436111989,0
17029,1718.9,7,146.428571428571,197.6,245.557142857143,110.113888888889,23,0.339806438073242,1.70296815105072,0,0,0,0,7.45002142858245,5.50759378348204,2.07944154167984,0
17030,146.87,1,146,146,146.87,63.2090277777778,11,0.114721718973674,2.26793430528887,0,0,0,0,4.9963335093854,4.9963335093854,0.693147180559945,0
17031,2773.85,6,265.833333333333,850,462.308333333333,11.1020833333333,38,0.0494810135060546,3.21946616872211,0,0,0,0,7.92835197066551,6.13839277916637,1.94591014905531,0
17032,2964.97,8,211.875,524.25,370.62125,547.065277777778,184,0.0114576672771652,4.83148351322958,128,5,-854.54,0.149788190137384,7.99495940801422,5.91787519044999,2.19722457733622,4.85981240436167
17033,1219.99,4,187.75,392.6,304.9975,85.9694444444444,34,0.0805002254081228,2.99754209561191,0,0,0,0,7.10741728406898,5.72357693198437,1.6094379124341,0
17034,1283.92,5,140,184.6,256.784,15.9,49,0.0319142498248469,3.66488935614689,44.6,2,-44.6,1,7.15845173858195,5.55212202496386,1.79175946922805,3.81990771652034
17035,613.59,4,81.75,134.45,153.3975,245.102083333333,29,0.0810642789745058,3.00647289610974,45.2,1,-45.2,1,6.42095537881881,5.03953044574974,1.6094379124341,3.83297979808769
17036,176.9,1,76,76,176.9,382.933333333333,12,0.104261381157367,2.36362439980485,0,0,0,0,5.18122159467179,5.18122159467179,0.693147180559945,0
17037,1267.32,1,656,656,1267.32,87.0423611111111,75,0.0146408323626665,4.26557572759283,14.1,1,-14.1,1,7.14544846908885,7.14544846908885,0.693147180559945,2.71469474382088
17038,743.17,2,267.5,483.05,371.585,29.9583333333333,61,0.0253371966711867,3.86707993305,0,0,0,0,6.61226950335583,5.92046519970817,1.09861228866811,0
17039,1951.09,1,689,689,1951.09,604.0375,44,0.0436121214874413,3.42375547023141,0,0,0,0,7.57665587246754,7.57665587246754,0.693147180559945,0
17040,463.25,2,94.5,172.35,231.625,137.146527777778,15,0.20523494993169,2.07814554667876,0,0,0,0,6.14042320023282,5.44942771496241,1.09861228866811,0
17041,1686.76,6,222.833333333333,396.25,281.126666666667,26.0618055555556,99,0.0153045098869265,4.37475181270067,15.8,1,-15.8,1,7.43115748495257,5.64235614266714,1.94591014905531,2.82137888640921
17042,1044.86,5,198.8,307.8,208.972,2.01666666666667,74,0.0319792077007218,3.85881728012617,0,0,0,0,6.95259479245483,5.34697418849446,1.79175946922805,0
17043,2606.47,8,200,382.75,325.80875,31.8868055555556,175,0.0155474341120046,4.71679042646728,0,0,0,0,7.86613568153549,5.78937513741321,2.19722457733622,0
17044,11779.42,12,464.833333333333,839.6,981.618333333333,24.9319444444444,96,0.019311895766592,4.21050856083387,94.7,4,-94.7,1,9.37419411022026,6.89022077754271,2.56494935746154,4.56121829845891
17045,761.83,5,58.8,135,152.366,112.861805555556,44,0.0692159436183477,3.13000391091207,0,0,0,0,6.63703520174158,5.03282722160275,1.79175946922805,0
17046,1906.07,5,327.2,495.6,381.214,156.976388888889,79,0.0201315740353101,4.15084162957759,0,0,0,0,7.55332331179617,5.94598066117194,1.79175946922805,0
17047,2289.23,6,197.333333333333,232.25,381.538333333333,85.0159722222222,119,0.0107335568539264,4.66169296010289,0,0,0,0,7.73640752818608,5.94682886611004,1.94591014905531,0
17048,2049.73,7,152.571428571429,262.7,292.818571428571,117.084027777778,88,0.0240760522390683,4.12613302581899,58.28,4,-80.23,0.726411566745606,7.62595110630574,5.6829624728672,2.07944154167984,4.08227198098783
17049,9724.58,19,225.052631578947,473.1,511.82,2.08472222222222,323,0.00625716693167929,5.44517254659565,353.7,6,-353.7,1,9.18251480681107,6.23992490640598,2.99573227355399,5.87127236177958
17050,4401.1,11,220.636363636364,359.5,400.1,96.0013888888889,193,0.0154947471228929,4.64676180927238,18,1,-300.13,0.0599740112617866,8.38983697877522,5.99421077277601,2.484906649788,2.94443897916644
17051,714.39,4,128.25,183.25,178.5975,193.984027777778,115,0.018471754585917,4.30597141406832,0,0,0,0,6.5728278485332,5.19071823594939,1.6094379124341,0
17052,413.75,1,261,261,413.75,27.9166666666667,72,0.0319157381915098,3.8654599205241,0,0,0,0,6.02767592907055,6.02767592907055,0.693147180559945,0
17053,498.48,1,122,122,498.48,130.14375,13,0.0901177325820615,2.4748620410667,2.1,1,-2.1,1,6.21356755724694,6.21356755724694,0.693147180559945,1.1314021114911
17054,1334.38,5,160.8,294.2,266.876,27.9958333333333,65,0.0233859627899049,3.95934551025326,2.5,1,-2.5,1,7.19697117452563,5.59052418687123,1.79175946922805,1.25276296849537
17055,239.55,1,87,87,239.55,445.061805555556,24,0.0669875563749448,2.88662261157188,0,0,0,0,5.48292796814546,5.48292796814546,0.693147180559945,0
17056,128.6,1,26,26,128.6,737.996527777778,8,0.447610225203109,1.24412807762163,0,0,0,0,4.86445278391817,4.86445278391817,0.693147180559945,0
17057,294.74,1,129,129,294.74,595.770138888889,48,0.0369118780448046,3.54634474316365,0,0,0,0,5.68948068994534,5.68948068994534,0.693147180559945,0
17058,1179.89,3,197.333333333333,329.6,393.296666666667,81.1506944444444,51,0.030584363423351,3.72689584266709,0,0,0,0,7.07402367045384,5.97710358704787,1.38629436111989,0
17059,5602.53,9,398.222222222222,794,622.503333333333,29.0159722222222,372,0.0058068277952382,5.46896555349332,17.7,1,-17.7,1,8.63115203527449,6.43535411126993,2.30258509299405,2.92852352386054
17060,208.8,1,192,192,208.8,265.974305555556,5,0.412979752939622,1.19354763852216,0,0,0,0,5.3461546959622,5.3461546959622,0.693147180559945,0
17061,5232.23,11,138.727272727273,359,475.657272727273,73.1013888888889,57,0.0929075393760121,3.19348814715714,116.1,1,-116.1,1,8.56278395725042,6.16679772682648,2.484906649788,4.76302827060367
17062,1210.86,6,153.666666666667,292,201.81,313.075694444444,82,0.0286184286320205,3.93410130787488,3.9,1,-3.9,1,7.09991164840613,5.31226958016604,1.94591014905531,1.58923520511658
17063,3638.53,13,146.076923076923,234.4,279.886923076923,20.8548611111111,164,0.00931347774181166,4.88076849019076,61.65,10,-61.65,1,8.19960983141485,5.6379521793666,2.63905732961526,4.13756368134208
17064,859.35,3,106,127.6,286.45,58.1472222222222,53,0.0297747321128689,3.74745909826395,0,0,0,0,6.75733928319917,5.6610489320693,1.38629436111989,0
17065,194.7,2,41,41,97.35,637.047916666667,6,0.410115360599809,1.26133665915268,18,1,-112.35,0.160213618157543,5.27658287440203,4.58853254483507,1.09861228866811,2.94443897916644
17066,228.34,1,93,93,228.34,725.976388888889,17,0.0857093205398977,2.61494932990258,0,0,0,0,5.43520561861016,5.43520561861016,0.693147180559945,0
17067,454.54,3,107.333333333333,162.4,151.513333333333,724.174305555556,8,0.195788988971542,1.81642426883483,0,0,0,0,6.12148352843172,5.02725202391953,1.38629436111989,0
17068,9163.24,47,94.3617021276596,171.2,194.962553191489,11.9833333333333,275,0.0114331512307686,4.92102250603245,34.65,2,-34.65,1,9.12306423266738,5.2779235858317,3.87120101090789,3.57374914686031
17069,5794.28,14,238.071428571429,522.65,413.877142857143,27.8173611111111,220,0.00899301531852981,5.10040604350228,75.88,7,-75.88,1,8.6647990721217,6.02798243509373,2.70805020110221,4.34224576466204
17070,445.32,2,117,131.4,222.66,113.867361111111,102,0.0190923103394155,4.27947986680051,0,0,0,0,6.10103618353727,5.41012704160004,1.09861228866811,0
17071,3801.2,13,148.846153846154,312.4,292.4,27.8465277777778,144,0.0124665495925128,4.66305290409976,62.75,7,-62.75,1,8.24333512555753,5.68153686570888,2.63905732961526,4.15496918403854
17072,282.05,1,218,218,282.05,624.845138888889,20,0.0641962427124503,2.86307215070532,0,0,0,0,5.64562356048267,5.64562356048267,0.693147180559945,0
17073,1446.09,4,189.75,290.5,361.5225,17.04375,142,0.0135919312311181,4.61215485913114,0,0,0,0,7.2773099223476,5.89308654133405,1.6094379124341,0
17074,203.05,1,19,19,203.05,562.073611111111,4,0.35429419403833,1.15499983616075,0,0,0,0,5.31836506185181,5.31836506185181,0.693147180559945,0
17075,2239.78,10,78.7,131.95,223.978,17.0361111111111,164,0.0114559573176546,4.75593551660387,20.35,1,-20.35,1,7.71457929852228,5.41600261964608,2.39789527279837,3.06105173967463
17076,1235.75,6,85.6666666666667,165.25,205.958333333333,35.7895833333333,32,0.0665698375193573,3.03894824072806,0,0,0,0,7.12024225010782,5.33251748475941,1.94591014905531,0
17077,306,1,36,36,306,577.884722222222,1,1,0,0,0,0,0,5.7268477475872,5.7268477475872,0.693147180559945,0
17078,403.66,2,394,730.6,201.83,35.73125,28,0.0876614597991083,2.8006356831459,0,0,0,0,6.00304720835105,5.3123681897707,1.09861228866811,0
17079,118.8,1,24,24,118.8,77.9277777777778,2,0.5,0.693147180559945,0,0,0,0,4.78582368568135,4.78582368568135,0.693147180559945,0
17080,955.58,7,81.2857142857143,121.1,136.511428571429,21.99375,26,0.0661969410488256,2.98841576465678,2.12,1,-2.12,1,6.86336442364733,4.92370703053573,2.07944154167984,1.13783300182139
17081,960.52,6,64.8333333333333,109,160.086666666667,24.9958333333333,166,0.0113067702509015,4.76774820074855,0,0,0,0,6.86851536564453,5.0819425224292,1.94591014905531,0
17082,4519.95,6,421,678.5,753.325,32.8979166666667,124,0.0154841211666956,4.46593650816418,0,0,0,0,8.41647742773334,6.62582330962204,1.94591014905531,0
17083,4049.79,9,217.222222222222,330.8,449.976666666667,108.921527777778,53,0.0376079689313605,3.58219459981882,14.71,2,-14.71,1,8.30666720280692,6.11141560128327,2.30258509299405,2.75429745226753
17084,5202.97,3,1097.33333333333,1456.7,1734.32333333333,34.9138888888889,263,0.00618080608880387,5.34428102657959,3.25,1,-3.25,1,8.55717707481947,7.45894903428816,1.38629436111989,1.44691898293633
17085,7887.57,28,128.678571428571,286.4,281.698928571429,122.982638888889,413,0.00659211723213064,5.45896446586386,134,4,-134,1,8.97317015533501,5.64438247470803,3.36729582998647,4.90527477843843
17086,2032.08,6,305.833333333333,465.25,338.68,6.95555555555556,76,0.0339483661731974,3.90078516314507,0,0,0,0,7.61730716356736,5.82800399795495,1.94591014905531,0
17087,221.53,1,113,113,221.53,737.089583333333,12,0.0936817163027947,2.42770169052233,0,0,0,0,5.40506192397802,5.40506192397802,0.693147180559945,0
17088,1984.01,4,217,335.05,496.0025,27.9354166666667,98,0.0132932492252896,4.45776091566261,0,0,0,0,7.59337923089198,6.20859505626506,1.6094379124341,0
17089,128.45,1,35,35,128.45,385.886805555556,4,0.29258529210376,1.29563046328172,0,0,0,0,4.86329470619755,4.86329470619755,0.693147180559945,0
17090,3149.6,13,104.769230769231,242.4,242.276923076923,3.9625,55,0.0581177648242393,3.26311238030235,93.54,2,-93.54,1,8.05534818987187,5.49420039562768,2.63905732961526,4.54902302536509
17091,7818.82,19,202.368421052632,351.3,411.516842105263,2.08819444444444,253,0.00901338129990538,5.05424596999952,33.6,4,-33.6,1,8.96441681537163,6.02227703428733,2.99573227355399,3.54385368206368
17092,5595.2,11,345.545454545455,729,508.654545454545,49.7493055555556,277,0.00625642512968549,5.35356854856123,31.65,3,-31.65,1,8.62984307496087,6.23373313435135,2.484906649788,3.48584485572244
17093,235.88,1,114,114,235.88,592.144444444444,13,0.0968673436414483,2.4619343631889,0,0,0,0,5.46755368379334,5.46755368379334,0.693147180559945,0
17094,402.2,2,106,147.4,201.1,321.986805555556,18,0.089484834899846,2.62797182285725,31.8,1,-31.8,1,5.99943271675716,5.30876262440958,1.09861228866811,3.4904285153901
17095,2556.65,7,238.714285714286,451.2,365.235714285714,22.0201388888889,116,0.0148270335056007,4.49545910059981,69.5,5,-259.66,0.267657706231225,7.84684414713227,5.90327715420731,2.07944154167984,4.25561270981822
17096,3759.18,11,142.818181818182,281,341.743636363636,14.9090277777778,164,0.00979222582312578,4.87326814011034,68.35,6,-68.35,1,8.23222210757852,5.836982751862,2.484906649788,4.23916614676084
17097,1316.55,9,73.3333333333333,134,146.283333333333,1.82291666666667,182,0.0141209792839545,4.72326872663143,16.5,1,-16.5,1,7.18352923035955,4.9923581692959,2.30258509299405,2.86220088092947
17098,591.07,3,41.6666666666667,59.1,197.023333333333,381.025694444444,12,0.114415924043411,2.30590208216671,0,0,0,0,6.38362487113707,5.28838486886919,1.38629436111989,0
17099,582.17,1,317,317,582.17,532.892361111111,40,0.0278564656107423,3.63506133692652,0,0,0,0,6.36847873904213,6.36847873904213,0.693147180559945,0
17100,971.74,2,400,753.7,485.87,17.8430555555556,65,0.0167819195911239,4.12606288254566,0,0,0,0,6.88011683167818,6.1879971469959,1.09861228866811,0
17101,2507.05,7,167.857142857143,244,358.15,9.95347222222222,55,0.0439606653585824,3.51039870150508,0,0,0,0,7.82726083775823,5.88374012852081,2.07944154167984,0
17102,25.5,1,2,2,25.5,261.1125,1,1,0,0,0,0,0,3.27714473299218,3.27714473299218,0.693147180559945,0
17103,424.3,1,471,471,424.3,721.945833333333,32,0.0333645495271384,3.43109292966943,0,0,0,0,6.05279480225959,6.05279480225959,0.693147180559945,0
17104,474.03,1,149,149,474.03,423.061805555556,19,0.0854216624429874,2.73628034182954,0,0,0,0,6.163377959935,6.163377959935,0.693147180559945,0
17105,677.2,2,346.5,357.75,338.6,158.914583333333,80,0.0174235084774561,4.19588639334486,0,0,0,0,6.51944222969154,5.82776845443719,1.09861228866811,0
17106,491.23,1,156,156,491.23,388.94375,51,0.0352516013642973,3.62894531640263,0,0,0,0,6.19894608693252,6.19894608693252,0.693147180559945,0
17107,15900.67,10,728,1161.75,1590.067,32.9416666666667,405,0.0113356743456897,5.04674081612075,458.6,3,-458.6,1,9.67417941413945,7.37216013933043,2.39789527279837,6.1303565459746
17108,174.95,1,31,31,174.95,663.019444444444,9,0.147834750646512,2.03021927881176,0,0,0,0,5.17019986376759,5.17019986376759,0.693147180559945,0
17109,1295.66,8,98.625,197.25,161.9575,28.8270833333333,124,0.0228827416846153,4.2711407677501,15.36,2,-15.36,1,7.16754700654299,5.09348943061285,2.19722457733622,2.7948393311746
17110,510.7,3,47.3333333333333,51.8,170.233333333333,165.036111111111,38,0.0698974585346083,3.04407631526874,0,0,0,0,6.23773851581105,5.14302714880511,1.38629436111989,0
17111,481.62,2,300.5,301.85,240.81,46.9104166666667,44,0.0392109704577829,3.50235389329994,0,0,0,0,6.17922959452038,5.48815229381851,1.09861228866811,0
17112,205.17,1,134,134,205.17,502.108333333333,44,0.033182251946989,3.57776524172779,0,0,0,0,5.32870107118248,5.32870107118248,0.693147180559945,0
17113,2318.69,6,152.5,254,386.448333333333,573.99375,124,0.0122080015730176,4.59640913434583,209.53,2,-213.43,0.981727029939559,7.74918883504266,5.95958250657039,1.94591014905531,5.34962816078246
17114,808.62,8,27.375,67.3,101.0775,5.02291666666667,86,0.0232797584117259,4.07651505591559,61.4,2,-61.4,1,6.69656500178539,4.62573232870097,2.19722457733622,4.13356527537538
17115,2761.49,7,126.428571428571,245.1,394.498571428571,7.93055555555556,104,0.0163836143110366,4.39764690551055,145.2,6,-145.2,1,7.92388772590995,5.98014717513689,2.07944154167984,4.98497554731568
17116,389.78,1,392,392,389.78,647.847916666667,47,0.0314858188204863,3.60984773332848,0,0,0,0,5.96814474178637,5.96814474178637,0.693147180559945,0
17117,116.2,1,68,68,116.2,287.955555555556,9,0.125113312853084,2.13154150748452,0,0,0,0,4.76388187714291,4.76388187714291,0.693147180559945,0
17118,157.02,1,154,154,157.02,317.021527777778,10,0.115312142221672,2.22767184520124,0,0,0,0,5.06272160729459,5.06272160729459,0.693147180559945,0
17119,606.91,2,167,292.1,303.455,2.92361111111111,35,0.0318840705098479,3.49771802600407,13.3,1,-13.3,1,6.4100268446934,5.7185232929777,1.09861228866811,2.66025953726586
17120,307.46,1,120,120,307.46,232.936805555556,18,0.0580585074639699,2.86873075860866,0,0,0,0,5.73159217529547,5.73159217529547,0.693147180559945,0
17121,314.74,1,106,106,314.74,402.04375,12,0.104510994567568,2.3674958602194,0,0,0,0,5.75491909010358,5.75491909010358,0.693147180559945,0
17122,570.5,4,92,142.1,142.625,118.970138888889,23,0.0593517533476562,2.97323981103243,0,0,0,0,6.34826448323486,4.96720573616892,1.6094379124341,0
17123,977.17,3,225.333333333333,245.3,325.723333333333,161.127083333333,37,0.0597725631411395,3.1632309655181,0,0,0,0,6.88568347906003,5.78911373734019,1.38629436111989,0
17124,298.89,1,130,130,298.89,184.991666666667,31,0.0517407118260568,3.13386292586103,0,0,0,0,5.70341574075088,5.70341574075088,0.693147180559945,0
17125,284.99,1,291,291,284.99,49.9645833333333,34,0.0579651572249882,3.09429233291983,0,0,0,0,5.6559568451736,5.6559568451736,0.693147180559945,0
17126,2091.98,9,163.111111111111,352,232.442222222222,151.998611111111,295,0.0129894989553386,5.05931625103208,12.9,2,-12.9,1,7.64634416673861,5.45293460418694,2.30258509299405,2.63188884013665
17127,1155.03,5,68,110.8,231.006,428.163888888889,29,0.0771743300533876,2.95664538259652,0,0,0,0,7.05274700045268,5.44676323340086,1.79175946922805,0
17128,157.09,1,76,76,157.09,334.033333333333,14,0.0980741502743571,2.48594867336526,0,0,0,0,5.0631644911081,5.0631644911081,0.693147180559945,0
17129,31.85,1,5,5,31.85,520.002777777778,2,0.502278389921359,0.690867057123384,0,0,0,0,3.49195174493062,3.49195174493062,0.693147180559945,0
17131,2461.22,5,196.6,387.2,492.244,4.99861111111111,78,0.0261278755289832,3.90883269042242,0,0,0,0,7.80881866099752,6.20100398061181,1.79175946922805,0
17132,1272.8,2,490,492.7,636.4,451.888194444444,62,0.0207042852018405,3.98052559611879,0,0,0,0,7.14975983793727,6.45739740198324,1.09861228866811,0
17133,7802.49,12,376.25,737.1,650.2075,15.0159722222222,22,0.121215731477266,2.45732047444489,1047.84,1,-1650.24,0.634962187318208,8.96232634850553,6.47882833182102,2.56494935746154,6.95544007054755
17134,637.1,3,49.3333333333333,76.6,212.366666666667,106.164583333333,31,0.0400892311415122,3.32461237905185,0,0,0,0,6.4584950108743,5.36301212547985,1.38629436111989,0
17135,1821.6,10,192.2,410.25,182.16,15.8347222222222,101,0.0364371887252931,3.86049542411063,10.92,1,-10.92,1,7.50801933206203,5.21036008778889,2.39789527279837,2.4782176616372
17136,231.68,1,256,256,231.68,661.984027777778,14,0.0725658208669416,2.63106452621229,0,0,0,0,5.44966411904256,5.44966411904256,0.693147180559945,0
17137,1133.63,6,116.166666666667,173.25,188.938333333333,415.957638888889,126,0.0273175487765203,4.18196680786858,0,0,0,0,7.0340618855794,5.24669945807553,1.94591014905531,0
17138,4411.28,7,289.142857142857,697.5,630.182857142857,275.038888888889,235,0.00555504307795027,5.34420038725921,0,0,0,0,8.39214684164164,6.44759561001021,2.07944154167984,0
17139,19308.51,25,394.36,873.2,772.3404,15.1097222222222,490,0.00631069811564712,5.62087648332102,92.85,4,-92.85,1,9.86835299964747,6.65071931388153,3.25809653802148,4.54169776303252
17140,435.32,1,278,278,435.32,247.011805555556,16,0.192819856821812,2.07566076801589,0,0,0,0,6.07837591909728,6.07837591909728,0.693147180559945,0
17141,754.33,4,109,157.1,188.5825,417.955555555556,138,0.0117009072502571,4.6816209382018,0,0,0,0,6.62715473984744,5.24482428598299,1.6094379124341,0
17142,1099.8,4,80.75,86.95,274.95,238.811111111111,78,0.0251815155864441,3.99919854766762,0,0,0,0,7.00379246717908,5.62021968988551,1.6094379124341,0
17143,918.26,2,165,224.4,459.13,416.932638888889,81,0.0233245964205481,4.05983736480666,0,0,0,0,6.82356899855572,6.13150905825248,1.09861228866811,0
17144,955.77,2,201.5,264.05,477.885,0.786805555555556,42,0.0381176667827067,3.52961468484952,0,0,0,0,6.86356302818975,6.17146048507895,1.09861228866811,0
17145,3050.35,4,563.75,986.55,762.5875,512.2,168,0.00790117846988148,5.01169295911287,106.27,3,-106.27,1,8.02333939462364,6.63802772189047,1.6094379124341,4.67534902060934
17146,5725.29,13,168.615384615385,443.2,440.406923076923,105.045833333333,166,0.0120397220919587,4.75676285764305,64.25,3,-64.25,1,8.65282313055093,6.08996717806059,2.63905732961526,4.1782260462028
17147,3199.95,9,145.333333333333,260.2,355.55,22.0125,100,0.0537752703175843,3.88856850669373,130.8,7,-130.8,1,8.07120291972915,5.87647448247431,2.30258509299405,4.88128562206841
17148,124.88,1,82,82,124.88,51.1604166666667,9,0.120108282811204,2.15527952189811,0,0,0,0,4.83532907219621,4.83532907219621,0.693147180559945,0
17149,143.1,1,18,18,143.1,450.954166666667,6,0.166666666666667,1.79175946922805,0,0,0,0,4.97050750300548,4.97050750300548,0.693147180559945,0
17150,1371.75,6,67.1666666666667,105,228.625,376.057638888889,66,0.0264191811060017,3.90329896710115,0,0,0,0,7.22457130615898,5.43644754353529,1.94591014905531,0
17151,231.9,1,42,42,231.9,734.9125,4,0.262301913379936,1.35897831541234,0,0,0,0,5.4506091768903,5.4506091768903,0.693147180559945,0
17152,2016.5,4,144.25,261.25,504.125,194.063194444444,9,0.388128700679105,1.14515664381093,186,1,-186,1,7.6096144001441,6.22480592339864,1.6094379124341,5.23110861685459
17153,213.78,1,104,104,213.78,23.9638888888889,14,0.0777039094953459,2.59291245282824,0,0,0,0,5.36961424843007,5.36961424843007,0.693147180559945,0
17154,338.46,1,490,490,338.46,75.0055555555556,23,0.0512737846573135,3.03975688042157,0,0,0,0,5.82735611973338,5.82735611973338,0.693147180559945,0
17155,883.34,7,130.714285714286,190.4,126.191428571429,17.0083333333333,44,0.152165983189023,2.66906557038664,0,0,0,0,6.78484160407672,4.84569326319078,2.07944154167984,0
17156,591.87,1,391,391,591.87,491.097222222222,39,0.0276231920964651,3.62452103007852,19.8,1,-19.8,1,6.38497515068126,6.38497515068126,0.693147180559945,3.03495298670727
17157,5151.9,19,110.105263157895,146.4,271.152631578947,7.15277777777778,79,0.319363956085419,2.26747667265164,12.45,1,-12.45,1,8.54731494196876,5.60636305442357,2.99573227355399,2.59897910604785
17158,1980,5,229.4,303.8,396,31.8993055555556,78,0.0207463180797878,4.13204732618938,17.7,1,-17.7,1,7.59135704669855,5.98393628068719,1.79175946922805,2.92852352386054
17159,2106.79,5,269.6,513,421.358,21.0819444444444,118,0.0124889347545517,4.5942760955637,4.15,1,-4.15,1,7.65339528420544,6.0458532956302,1.79175946922805,1.63899671467564
17160,10209.16,17,493.529411764706,742.4,600.538823529412,30.9479166666667,230,0.00930731158969185,5.00109203618774,7.8,1,-7.8,1,9.2311385819468,6.39949107785288,2.89037175789616,2.17475172148416
17161,856.01,1,537,537,856.01,443.879166666667,52,0.0211083636162329,3.9036189545023,0,0,0,0,6.75344958714114,6.75344958714114,0.693147180559945,0
17162,1715.46,10,100.1,240.9,171.546,28.0527777777778,82,0.0155668857954216,4.27782918372287,8.25,1,-8.25,1,7.4480193093929,5.15066386758884,2.39789527279837,2.22462355152433
17163,699.78,4,132.75,336.45,174.945,21.1618055555556,27,0.083030558762081,2.87234775292824,0,0,0,0,6.55219400040216,5.17017144619985,1.6094379124341,0
17164,2467.35,7,214.428571428571,437.5,352.478571428571,32.15,92,0.0148924613629781,4.35506873785503,0.95,1,-0.95,1,7.81130519020546,5.86782286519253,2.07944154167984,0.667829372575655
17165,1794.32,6,131.333333333333,174.75,299.053333333333,283.840972222222,81,0.0156043871212582,4.285352598186,10.69,2,-10.69,1,7.49293855801414,5.70396023663338,1.94591014905531,2.45873377548398
17166,206.34,2,39,55.2,103.17,38.1277777777778,11,0.165781975127905,2.12406794868999,16.85,1,-16.85,1,5.33435995789497,4.64602417999636,1.09861228866811,2.88200350822565
17167,867.11,3,143,167.8,289.036666666667,379.114583333333,64,0.0249212252992123,3.85087290643433,0,0,0,0,6.76631843474162,5.67000735176967,1.38629436111989,0
17168,400.2,1,220,220,400.2,498.053472222222,21,0.0826536369496411,2.78549520272358,0,0,0,0,5.99446005608778,5.99446005608778,0.693147180559945,0
17169,1156.73,3,223.666666666667,396.1,385.576666666667,57.1423611111111,64,0.0211077770783873,4.0150155776763,26.85,3,-26.85,1,7.05421647032502,5.95733020971912,1.38629436111989,3.32683296637329
17170,178.68,2,76,85,89.34,373.871527777778,8,0.152509042131665,1.97731572331526,59.7,1,-59.7,1,5.19117749099013,4.50358033022646,1.09861228866811,4.10594369806545
17171,384.59,2,112.5,177.75,192.295,288.842361111111,25,0.0495664638253134,3.1031187531091,0,0,0,0,5.95477462879015,5.26421751935103,1.09861228866811,0
17172,957.07,3,405,470.2,319.023333333333,78.1763888888889,39,0.0342113434600765,3.50775119340644,45.58,3,-45.58,1,6.86492084419499,5.76839390980215,1.38629436111989,3.84117126445619
17173,3766.6,8,140.25,261.75,470.825,4.92361111111111,36,0.0385694381479963,3.39757471641005,10.95,1,-10.95,1,8.23419347294866,6.1566081541242,2.19722457733622,2.48073127837752
17174,59.9,1,41,41,59.9,217.085416666667,4,0.27282811363402,1.33991549107521,0,0,0,0,4.10923317471585,4.10923317471585,0.693147180559945,0
17175,1401.74,4,216.5,315.5,350.435,43.9298611111111,42,0.0395746953407919,3.47393513047193,12.75,1,-12.75,1,7.24618274575163,5.86202477238671,1.6094379124341,2.62103882411258
17176,902.32,3,192,229.4,300.773333333333,201.047916666667,38,0.0950948580668504,3.09452226432497,0,0,0,0,6.8060768649491,5.70967618369342,1.38629436111989,0
17177,119.5,1,40,40,119.5,504.95625,29,0.0552637383799303,3.11476056106553,0,0,0,0,4.79164975293071,4.79164975293071,0.693147180559945,0
17178,432.81,1,101,101,432.81,730.854166666667,31,0.0496426163881724,3.21401982431644,0,0,0,0,6.07260665022482,6.07260665022482,0.693147180559945,0
17179,1507.26,6,104.166666666667,128.75,251.21,177.876388888889,95,0.0255705887170581,4.00769019092508,0,0,0,0,7.31871194749946,5.53026207381532,1.94591014905531,0
17180,2256.98,11,166.181818181818,271,205.18,55.9194444444444,196,0.0160630929089223,4.5863825500841,20.65,3,-20.65,1,7.72222588727445,5.32874957366824,2.484906649788,3.0750054544485
17181,411.02,3,145.333333333333,348.3,137.006666666667,56.9597222222222,28,0.248226016096311,1.98156285489591,0,0,0,0,6.02107189186064,4.9273019931691,1.38629436111989,0
17182,321.3,2,27,29.7,160.65,422.153472222222,4,0.333333333333333,1.21488965394912,0,0,0,0,5.77548278882139,5.08543350417144,1.09861228866811,0
17183,3347.31,6,216,291,557.885,7.11319444444444,42,0.0725864968312979,2.9713252156621,60.4,2,-60.4,1,8.11621101991553,6.32594372748286,1.94591014905531,4.1174098351531
17184,198.41,2,36.5,55.85,99.205,568.976388888889,14,0.0844280981944151,2.54818199483327,0,0,0,0,5.2953630067216,4.60721808760539,1.09861228866811,0
17185,229.46,3,39.6666666666667,60.5,76.4866666666667,591.065972222222,38,0.0450791135488853,3.31670537790783,0,0,0,0,5.44007731158587,4.35010587854745,1.38629436111989,0
17186,144,2,100,100,72,46.1458333333333,1,1,0,0,0,0,0,4.97673374242057,4.29045944114839,1.09861228866811,0
17187,467.71,2,213,275.1,233.855,226.049305555556,21,0.107080379285802,2.64291987782221,0,0,0,0,6.14998424031019,5.4589683024316,1.09861228866811,0
17188,4592.93,13,197.615384615385,284,353.302307692308,10.95625,138,0.0249796900497299,4.35672035647892,231.1,4,-231.1,1,8.43249114586696,5.87015052523522,2.63905732961526,5.44716831328039
17189,957.87,5,120.8,147.8,191.574,105.757638888889,102,0.0207822030281325,4.16891090814821,0,0,0,0,6.86575550782185,5.26048049544351,1.79175946922805,0
17190,1286.92,7,186.714285714286,456,183.845714285714,58.0951388888889,161,0.015054732716086,4.57130053822568,18,1,-195,0.0923076923076923,7.16078379293404,5.2195215002922,2.07944154167984,2.94443897916644
17191,4847.63,15,169.066666666667,371.5,323.175333333333,27.8277777777778,272,0.0143131256094905,4.91029161444062,25.5,1,-25.5,1,8.48645146980137,5.78128452168562,2.77258872223978,3.27714473299218
17192,77.83,1,46,46,77.83,535.904861111111,20,0.0786369294480112,2.75195950603083,0,0,0,0,4.36729363507182,4.36729363507182,0.693147180559945,0
17193,2237.56,9,172,646.8,248.617777777778,35.0020833333333,29,0.0571175114170093,3.10729122147903,55.44,3,-55.44,1,7.71358808098498,5.51993085903011,2.30258509299405,4.03317812698461
17194,810.5,3,140,282.7,270.166666666667,273.03125,57,0.050524246500949,3.39470233958228,0,0,0,0,6.69888438695465,5.60273363799098,1.38629436111989,0
17195,562.98,1,486,486,562.98,654.989583333333,31,0.0465675705922747,3.24666804914096,0,0,0,0,6.3350187898764,6.3350187898764,0.693147180559945,0
17196,352.9,1,168,168,352.9,427.096527777778,84,0.021596108381342,4.15747781178213,0,0,0,0,5.86901438735142,5.86901438735142,0.693147180559945,0
17197,1013.01,1,191,191,1013.01,29.0958333333333,29,0.0537197876097709,3.12931165195327,0,0,0,0,6.92166804603544,6.92166804603544,0.693147180559945,0
17198,1213.88,3,199.666666666667,246.8,404.626666666667,23.0909722222222,88,0.0316313336783987,3.86655848286677,0,0,0,0,7.10240058546492,6.00543319633538,1.38629436111989,0
17199,155.2,1,304,304,155.2,581.997916666667,8,0.207081625637687,1.73266269827432,0,0,0,0,5.05113723740559,5.05113723740559,0.693147180559945,0
17200,263.11,4,59.25,118.95,65.7775,386.990277777778,25,0.147568737256294,2.49124446977911,0,0,0,0,5.57636568303153,4.20136619745656,1.6094379124341,0
17201,1243.12,4,268.75,367.85,310.78,53.0798611111111,154,0.0194949565896116,4.53319175340329,15.6,1,-15.6,1,7.12618373166937,5.74229781088453,1.6094379124341,2.8094026953625
17202,160.65,1,55,55,160.65,420.100694444444,8,0.203888962992604,1.77706609006031,0,0,0,0,5.08543350417144,5.08543350417144,0.693147180559945,0
17203,5540.84,10,458.2,1445.75,554.084,35.0159722222222,197,0.0175175621207574,4.4237938732649,0,0,0,0,8.62008185456228,6.31911945364533,2.39789527279837,0
17204,5504.69,9,294.555555555556,917.6,611.632222222222,174.961111111111,119,0.0196572646556448,4.4062083499451,241,6,-241,1,8.61353738190176,6.41776479213753,2.30258509299405,5.48893772615669
17205,921.53,3,669,750.1,307.176666666667,53.0444444444444,28,0.0651364577813327,2.98979720431622,0,0,0,0,6.82711989571111,5.73067321160554,1.38629436111989,0
17206,204.24,1,76,76,204.24,53.0173611111111,7,0.156408234730413,1.89787019963608,0,0,0,0,5.32418002607376,5.32418002607376,0.693147180559945,0
17207,303.22,1,241,241,303.22,651.7375,55,0.0305470812735775,3.71828060549734,0,0,0,0,5.7177511238836,5.7177511238836,0.693147180559945,0
17208,115.35,1,103,103,115.35,395,21,0.0748369721146079,2.78124303908365,0,0,0,0,4.7566028897483,4.7566028897483,0.693147180559945,0
17209,400.4,3,115.666666666667,129.1,133.466666666667,648.867361111111,36,0.108066446540473,2.96866912671486,0,0,0,0,5.99495843636224,4.901316336852,1.38629436111989,0
17210,254.12,1,243,243,254.12,392.024305555556,47,0.0313827338432876,3.62649093761596,0,0,0,0,5.5417340227018,5.5417340227018,0.693147180559945,0
17211,4017.69,13,180.384615384615,376.8,309.053076923077,26.0326388888889,223,0.00876111427121289,5.06074732139744,44.55,2,-44.55,1,8.29871125785892,5.73674349870432,2.63905732961526,3.81881062370597
17212,794.41,3,242.333333333333,387.6,264.803333333333,252.755555555556,29,0.0551980015518872,3.14859538219941,0,0,0,0,6.67885770498523,5.58275668695797,1.38629436111989,0
17213,5138.4,13,167.615384615385,267.2,395.261538461538,39.9145833333333,140,0.0141332591434105,4.60907146571948,103.37,7,-103.37,1,8.54469162011805,5.98207444391337,2.63905732961526,4.64794227783196
17214,1002.12,6,46,60.75,167.02,60.0229166666667,79,0.0210946154229671,4.08755804783586,18,1,-85,0.211764705882353,6.91087042188228,5.1240830199367,1.94591014905531,2.94443897916644
17215,186.15,1,104,104,186.15,464.007638888889,11,0.165249966289652,2.03053356979793,0,0,0,0,5.23191043435044,5.23191043435044,0.693147180559945,0
17216,65.05,1,22,22,65.05,554.032638888889,13,0.138336796445234,2.25631869442002,0,0,0,0,4.19041203096833,4.19041203096833,0.693147180559945,0
17217,218,2,47.5,68.65,109,233.854861111111,27,0.142870549617036,2.52387539946647,0,0,0,0,5.3890717298165,4.70048036579242,1.09861228866811,0
17218,4193.03,18,122.222222222222,265.75,232.946111111111,3.95694444444444,248,0.0106239656075158,5.00686248348424,0,0,0,0,8.3414173645121,5.45509079443891,2.94443897916644,0
17219,259.13,2,94,98.5,129.565,31.0590277777778,43,0.0399750555921645,3.48170347016407,0,0,0,0,5.56118150605718,4.87187118705113,1.09861228866811,0
17220,4481.75,21,128.52380952381,204,213.416666666667,23.9604166666667,425,0.00468558160429543,5.6736695569117,0,0,0,0,8.40799197637247,5.36792116249374,3.09104245335832,0
17221,979.27,5,143,237.8,195.854,6.96875,116,0.0450610498094898,3.80999138828931,0,0,0,0,6.88782804392273,5.28246233722394,1.79175946922805,0
17222,1601.11,6,143.833333333333,336.5,266.851666666667,64.9944444444444,94,0.0228168484927791,4.12592659266272,0,0,0,0,7.37907678944082,5.59043334469576,1.94591014905531,0
17223,839.53,3,74,120,279.843333333333,309.870138888889,62,0.0779005356501148,3.38185350724254,0,0,0,0,6.73403264525155,5.63779698123305,1.38629436111989,0
17224,78.91,1,65,65,78.91,501.013888888889,8,0.236011740948757,1.68999306045192,0,0,0,0,4.38090100138637,4.38090100138637,0.693147180559945,0
17225,131.15,1,36,36,131.15,581.091666666667,5,0.539165036004412,0.927378419512944,0,0,0,0,4.8839376410503,4.8839376410503,0.693147180559945,0
17226,901.8,3,285,401.9,300.6,308.040277777778,54,0.0642595738022981,3.24441054603934,0,0,0,0,6.80550104494338,5.7091016361338,1.38629436111989,0
17227,2047.45,12,147.833333333333,214.45,170.620833333333,18.0826388888889,59,0.220820420729075,2.41924360101449,0,0,0,0,7.62483868858555,5.14528758605611,2.56494935746154,0
17228,3177.24,13,197.538461538462,259.2,244.403076923077,15.1013888888889,217,0.00897407441871436,5.01857307928512,0,0,0,0,8.06408286343969,5.50290207059705,2.63905732961526,0
17229,318.76,2,92.5,106.45,159.38,95.9958333333333,39,0.0611575448412605,3.14961655313915,0,0,0,0,5.76757071440307,5.07754599937888,1.09861228866811,0
17230,9904.55,18,216.388888888889,661.95,550.252777777778,263.859722222222,145,0.03198707578645,4.2683795262718,229.04,5,-229.04,1,9.20085048510241,6.31219346580102,2.94443897916644,5.43825320684555
17231,7198,25,149.56,262,287.92,11.8972222222222,520,0.00506294345910201,5.72280136554327,105.97,10,-105.97,1,8.8816974064693,5.66614983318265,3.25809653802148,4.67254842131804
17232,421.52,2,101.5,109.15,210.76,2.02013888888889,30,0.0636159027054651,3.06817337058303,0,0,0,0,6.04623678295496,5.35545355791885,1.09861228866811,0
17233,560.86,3,99.3333333333333,128.6,186.953333333333,34.9472222222222,57,0.0315254864006669,3.71755865285541,0,0,0,0,6.33125270854028,5.23619370506619,1.38629436111989,0
17234,149.89,1,55,55,149.89,182.104166666667,14,0.11613333755226,2.38786896416782,0,0,0,0,5.01655109452556,5.01655109452556,0.693147180559945,0
17235,1904.88,8,121.375,231,238.11,24.8743055555556,51,0.062495020735198,3.16162760510257,0,0,0,0,7.55269912315554,5.47692369709451,2.19722457733622,0
17236,1918.04,12,67,130,159.836666666667,12.0347222222222,123,0.0624990834432368,3.71499388946022,0,0,0,0,7.55958033998014,5.08038935728476,2.56494935746154,0
17237,1002.08,4,103.75,232.85,250.52,10.9083333333333,76,0.0263206599807766,3.95526684432382,0,0,0,0,6.91083054549907,5.52752250924084,1.6094379124341,0
17238,7782.13,32,116.25,217.55,243.1915625,2.05208333333333,523,0.00435716002155745,5.77934955157638,0,0,0,0,8.95971384989069,5.49795300948263,3.49650756146648,0
17239,1189.45,4,128.75,158.5,297.3625,312.13125,18,0.200149779688089,2.183267235834,15.3,2,-15.3,1,7.08208666588491,5.69830919019115,1.6094379124341,2.79116510781272
17240,130.6,1,108,108,130.6,595.920833333333,7,0.15851447788391,1.89208164539588,0,0,0,0,4.87976701889122,4.87976701889122,0.693147180559945,0
17241,2744.14,12,72.0833333333333,140.95,228.678333333333,384.992361111111,120,0.0164154674532804,4.41945334617209,0,0,0,0,7.91758735446458,5.43667977931371,2.56494935746154,0
17242,2889.28,5,291.8,399.6,577.856,107.954861111111,51,0.0355714644899336,3.57495171289377,0,0,0,0,7.9691086622265,6.36105374197765,1.79175946922805,0
17243,20909.3,69,118.811594202899,278.2,303.033333333333,0.975,377,0.0133133231407087,5.08145605522981,180.65,11,-180.65,1,9.94799713952206,5.717137344518,4.24849524204936,5.20208175866721
17244,1841.52,5,283.8,566.4,368.304,52.9381944444444,109,0.0252401242692888,4.13982943117783,0,0,0,0,7.5188894788214,5.91162015310232,1.79175946922805,0
17245,371.63,2,153.5,224.15,185.815,204.129861111111,24,0.0673170737104262,2.86921812603973,0,0,0,0,5.92058597022421,5.23011882235675,1.09861228866811,0
17246,38.92,2,18,32.4,19.46,546.051388888889,6,0.19472573460832,1.70730288919601,0,0,0,0,3.68687745144326,3.01847176052348,1.09861228866811,0
17247,282.19,1,106,106,282.19,14.8951388888889,53,0.0380358031567982,3.55120594776619,0,0,0,0,5.64611805046166,5.64611805046166,0.693147180559945,0
17248,546.16,2,146,206.3,273.08,120.011111111111,96,0.0285603362681058,4.03548533167973,0,0,0,0,6.30474126422124,5.61342003457581,1.09861228866811,0
17249,68.03,1,79,79,68.03,428.095138888889,27,0.0463411735088728,3.17714706008733,0,0,0,0,4.23454119271538,4.23454119271538,0.693147180559945,0
17250,382.57,2,84,96.6,191.285,3.02430555555556,55,0.0437936898343051,3.52352947217678,0,0,0,0,5.94952213348593,5.25897864643221,1.09861228866811,0
17251,812.43,3,126.333333333333,153.3,270.81,362.072222222222,65,0.0248234966359967,3.92596503812578,8.7,1,-8.7,1,6.70125987501576,5.60510329279889,1.38629436111989,2.27212588550934
17252,353.86,2,96.5,181.55,176.93,116.170138888889,86,0.0184002607264683,4.1904867154345,0,0,0,0,5.87172334549543,5.18139021451874,1.09861228866811,0
17253,178.26,1,43,43,178.26,17.99375,18,0.0685959702029551,2.75629717480422,0,0,0,0,5.18883726592922,5.18883726592922,0.693147180559945,0
17254,473.26,3,132.666666666667,150.5,157.753333333333,4.00277777777778,129,0.0175980547574224,4.43185442174016,0,0,0,0,6.16175569451796,5.06735163492769,1.38629436111989,0
17255,803.45,4,148.5,259,200.8625,40.0222222222222,163,0.0119796423229447,4.73378511249415,0,0,0,0,6.69015881409704,5.30758677255518,1.6094379124341,0
17256,498.93,5,59.8,96.2,99.786,107.013888888889,20,0.4820393203438,1.43478657969927,0,0,0,0,6.21446808862128,4.61299945710242,1.79175946922805,0
17257,192.73,2,94,146.2,96.365,436.040972222222,14,0.200151550472286,1.90786392008636,0,0,0,0,5.26646543709886,4.57846680315354,1.09861228866811,0
17258,417.3,2,94,125.5,208.65,396.009027777778,47,0.0269046692449475,3.73667265855602,0,0,0,0,6.03619887844815,5.34543947361677,1.09861228866811,0
17259,1889.34,6,193,454.25,314.89,147.950694444444,179,0.0128434272242216,4.77061825820268,0,0,0,0,7.54451198605456,5.75539405171978,1.94591014905531,0
17260,99,1,23,23,99,411.020138888889,6,0.207829813284359,1.63340028163048,0,0,0,0,4.60517018598809,4.60517018598809,0.693147180559945,0
17261,230.44,1,98,98,230.44,509.084027777778,43,0.0856661095363146,3.1998907648258,0,0,0,0,5.44432066066788,5.44432066066788,0.693147180559945,0
17262,2757.62,11,64.4545454545455,149,250.692727272727,52.0375,12,0.210188369898311,1.79305482424399,0,0,0,0,7.92248583366951,5.52820900729683,2.484906649788,0
17263,63.44,1,36,36,63.44,207.970833333333,23,0.0625942197570482,2.90998344893027,0,0,0,0,4.16573455830877,4.16573455830877,0.693147180559945,0
17264,279.59,1,227,227,279.59,424.040277777778,70,0.0467302079131238,3.55569333036627,0,0,0,0,5.63689452911457,5.63689452911457,0.693147180559945,0
17265,562.94,2,197,215,281.47,138.125694444444,106,0.016688926184494,4.34156254264387,0,0,0,0,6.33494786286027,5.64357235025718,1.09861228866811,0
17266,517.73,5,50.4,107.2,103.546,1.94305555555556,99,0.0191518315698864,4.26790596157559,0,0,0,0,6.25138351658481,4.64962716593662,1.79175946922805,0
17267,317.62,2,79.5,147.45,158.81,126.852777777778,37,0.0708560961760169,3.14422410661193,0,0,0,0,5.76399917014475,5.07398560959702,1.09861228866811,0
17268,1409.65,11,94.0909090909091,182.5,128.15,107.155555555556,26,0.0715006261552178,2.88258789920442,0,0,0,0,7.25180587005543,4.86097451954185,2.484906649788,0
17269,537.46,1,336,336,537.46,385.068055555556,110,0.0219581375092435,4.22064463501632,0,0,0,0,6.28871321342897,6.28871321342897,0.693147180559945,0
17270,600.45,2,210.5,258.65,300.225,468.986805555556,45,0.105645808250746,3.04710895965661,0,0,0,0,6.39934340644008,5.70785749380934,1.09861228866811,0
17271,210.39,1,117,117,210.39,735.959027777778,46,0.0314988028373544,3.62150351415752,0,0,0,0,5.35370476862759,5.35370476862759,0.693147180559945,0
17272,2148.63,4,444.5,649.75,537.1575,41.8840277777778,71,0.0296228333178972,3.85621079754854,4.1,1,-4.1,1,7.67305101328875,6.28815126824796,1.6094379124341,1.62924053973028
17273,141.12,1,133,133,141.12,423.911805555556,12,0.0977996002822898,2.39290141303706,0,0,0,0,4.95667177115283,4.95667177115283,0.693147180559945,0
17274,577.38,2,136.5,188.25,288.69,34.9819444444444,76,0.0199290882394291,4.09301886450466,0,0,0,0,6.36023109210011,5.66881138571215,1.09861228866811,0
17275,112.57,1,72,72,112.57,382.975,23,0.0713921677855412,2.8601843073157,0,0,0,0,4.73241938690355,4.73241938690355,0.693147180559945,0
17276,508.39,1,189,189,508.39,401.854166666667,50,0.0631765430955562,3.3391438604675,57.05,1,-57.05,1,6.23321393141431,6.23321393141431,0.693147180559945,4.0613047081439
17277,1065.35,2,215,347.3,532.675,227.04375,67,0.023940106079706,3.9766411700718,0,0,0,0,6.9719968810436,6.27978703944716,1.09861228866811,0
17278,249.29,2,97.5,170.85,124.645,241.027777777778,17,0.0670857620414732,2.75739235080632,0,0,0,0,5.52262024558209,4.83346047012183,1.09861228866811,0
17279,180.88,1,48,48,180.88,57.0777777777778,8,0.305265154375258,1.45639924658149,0,0,0,0,5.20334712895681,5.20334712895681,0.693147180559945,0
17280,118.86,1,74,74,118.86,437.877777777778,6,0.193458388653734,1.71304987408459,0,0,0,0,4.78632439503004,4.78632439503004,0.693147180559945,0
17281,797.85,6,49.1666666666667,80.25,132.975,373.78125,3,0.398366612809998,0.991029423285441,0,0,0,0,6.68317319347358,4.89765321538091,1.94591014905531,0
17282,1981.58,5,369.4,561.6,396.316,129.972916666667,171,0.0490461993421651,3.93045959662323,0,0,0,0,7.59215430578437,5.98473193384455,1.79175946922805,0
17283,190.62,1,179,179,190.62,378.039583333333,15,0.136950322997166,2.28103374331277,0,0,0,0,5.25551424422273,5.25551424422273,0.693147180559945,0
17284,2581.7,8,258.875,658.75,322.7125,59.9666666666667,285,0.00853517036519953,5.24208390641156,46.9,3,-464.94,0.100873230954532,7.85659064233202,5.77985577618909,2.19722457733622,3.86911550441687
17285,428.34,2,70,84.4,214.17,627.966666666667,41,0.0356179700659156,3.48975718977737,0,0,0,0,6.06224914582594,5.37142841336536,1.09861228866811,0
17286,395.48,3,123.666666666667,154.9,131.826666666667,21.0020833333333,89,0.049563584485264,3.82086033261425,0,0,0,0,5.98262559844078,4.88904502009692,1.38629436111989,0
17287,4078.21,21,100.047619047619,149,194.200476190476,25.9743055555556,286,0.0162994250767405,4.93571278530977,16.25,2,-16.25,1,8.31365862119901,5.27402711347641,3.09104245335832,2.84781214347737
17288,2500.21,11,155.090909090909,270.5,227.291818181818,8.86180555555556,234,0.0179898447631434,4.64629819876015,0,0,0,0,7.82452989376607,5.43062471488137,2.484906649788,0
17289,2077.44,9,140,225.2,230.826666666667,31.0340277777778,203,0.0151115562116162,4.666782054746,9.5,2,-9.5,1,7.63937289130466,5.44598996599148,2.30258509299405,2.35137525716348
17290,1500.15,8,140.375,270.4,187.51875,3.00833333333333,186,0.0201822334403785,4.55059296581025,0,0,0,0,7.3139867600182,5.23919747143732,2.19722457733622,0
17291,550.8,1,72,72,550.8,307.990277777778,1,1,0,0,0,0,0,6.31318566178319,6.31318566178319,0.693147180559945,0
17292,271.75,2,65.5,93.85,135.875,471.858333333333,14,0.128873849601674,2.34247071908659,0,0,0,0,5.60855562471318,4.91906810057077,1.09861228866811,0
17293,3716.19,17,130,240.8,218.599411764706,7.92569444444444,149,0.0251920840922144,4.29944956330144,0,0,0,0,8.22072328548264,5.39180503096469,2.89037175789616,0
17294,467.79,2,148.5,235.35,233.895,668.859722222222,17,0.140036280296475,2.30441033748221,0,0,0,0,6.15015490697727,5.45913860578485,1.09861228866811,0
17295,556.95,3,98,160.1,185.65,28.0840277777778,53,0.0316460923588123,3.65527169102536,0,0,0,0,6.32426935263171,5.22923520536059,1.38629436111989,0
17296,338.13,1,216,216,338.13,729.950694444444,32,0.0612267957569416,3.10343175878576,0,0,0,0,5.82638351469643,5.82638351469643,0.693147180559945,0
17297,131.82,1,67,67,131.82,16.9215277777778,49,0.0388078104787011,3.49315876341497,0,0,0,0,4.88899482811257,4.88899482811257,0.693147180559945,0
17298,957.76,5,170.8,250.8,191.552,100.879861111111,62,0.0503648655632214,3.50269125244856,5.04,1,-5.04,1,6.86564078287479,5.26036624711946,1.79175946922805,1.79840401194672
17299,1016.08,6,155.666666666667,303.75,169.346666666667,11.0340277777778,97,0.0228932624511159,4.13316031406627,0,0,0,0,6.92469105568834,5.13783557635854,1.94591014905531,0
17300,393.64,2,233.5,260.95,196.82,390.079166666667,37,0.0673419608850121,2.98715272547818,0,0,0,0,5.97797395692548,5.28735752631169,1.09861228866811,0
17301,330.57,2,114.5,145.55,165.285,20.9631944444444,107,0.021210464938568,4.31499990955026,0,0,0,0,5.80383894872212,5.1137031836942,1.09861228866811,0
17302,1135.63,5,115,182.2,227.126,14.1347222222222,68,0.0460310901963326,3.65688567470546,15.7,1,-15.7,1,7.03582302302463,5.42989810788879,1.79175946922805,2.81540871942271
17303,250.04,1,144,144,250.04,360.970833333333,53,0.0324795289192699,3.66098833712855,0,0,0,0,5.52561228898472,5.52561228898472,0.693147180559945,0
17304,111.5,1,73,73,111.5,533.89375,5,0.319122443644553,1.32772125460006,0,0,0,0,4.72295322164447,4.72295322164447,0.693147180559945,0
17305,1856.1,1,766,766,1856.1,648.002083333333,9,0.169269707574645,1.9874877759624,0,0,0,0,7.52677141019901,7.52677141019901,0.693147180559945,0
17306,7219.63,21,286.619047619048,568,343.791904761905,10.025,17,0.115678173402762,2.42913795355394,30.58,2,-30.58,1,8.88469748569788,5.8429410604452,3.09104245335832,3.4525240088275
17307,3653.81,11,283.181818181818,680,332.164545454545,394.965277777778,22,0.0853545608619558,2.74861243815532,647.5,4,-774.22,0.836325592208933,8.20379938724856,5.8086364984323,2.484906649788,6.4746620037565
17308,735.12,2,408,580.8,367.56,392.979861111111,5,0.310300428406873,1.36039107693899,0,0,0,0,6.60139314891699,5.90960352062766,1.09861228866811,0
17309,330.59,3,64.3333333333333,102.4,110.196666666667,94.9375,33,0.0515333340767394,3.22469787597608,0,0,0,0,5.80389926599097,4.71130040534801,1.38629436111989,0
17310,566.1,2,111,119.1,283.05,386.868055555556,1,1,0,0,0,0,0,6.34053565501998,5.64915027900314,1.09861228866811,0
17311,3508.96,6,445.833333333333,768.5,584.826666666667,77.9854166666667,124,0.0124666314152262,4.57527160730584,75.9,1,-75.9,1,8.16335992038358,6.37302395515111,1.94591014905531,4.3425058765116
17312,644.3,3,124,170,214.766666666667,138.081944444444,11,0.629312398853649,0.905863814240328,0,0,0,0,6.46971532494179,5.37419757688335,1.38629436111989,0
17313,2328.84,1,1402,1402,2328.84,30.8784722222222,24,0.0590129694597174,2.95908480012785,40.71,1,-40.71,1,7.75355487467399,7.75355487467399,0.693147180559945,3.73074090820885
17314,4883.55,17,211.235294117647,477,287.267647058824,24.13125,202,0.00845622037116462,5.06722289346896,389.73,5,-389.73,1,8.49383244150288,5.66388937864147,2.89037175789616,5.96801678437042
17315,9539.01,43,111.906976744186,196.8,221.837441860465,1.02430555555556,386,0.0119453645004754,5.01974156121681,92.05,6,-92.05,1,9.16324981265981,5.40644254537242,3.78418963391826,4.53313698308826
17316,124.45,1,44,44,124.45,419.96875,35,0.038716757913203,3.40821636715542,0,0,0,0,4.83190727281243,4.83190727281243,0.693147180559945,0
17317,2068.8,3,244,530.4,689.6,45.8548611111111,8,0.162895656246467,1.91093951988373,76.32,2,-76.32,1,7.63520726323407,6.53756078495589,1.38629436111989,4.34795265434013
17318,164.28,1,60,60,164.28,724.985416666667,17,0.092691380006544,2.5558347701556,0,0,0,0,5.10764100537133,5.10764100537133,0.693147180559945,0
17319,29.1,1,14,14,29.1,668.877083333333,3,0.39292167074078,0.994210054969332,0,0,0,0,3.40452517175483,3.40452517175483,0.693147180559945,0
17320,2895.77,6,232,379,482.628333333333,100.013194444444,95,0.0250449743845814,4.04244692308822,0,0,0,0,7.97135160214263,6.18131670538945,1.94591014905531,0
17321,1689.33,6,136.166666666667,339.5,281.555,7.96458333333333,241,0.00981207349777784,5.01677184142814,0,0,0,0,7.43267905512733,5.64387322190229,1.94591014905531,0
17322,922.59,5,126.2,217.6,184.518,375.922916666667,115,0.0164310468831146,4.38789837972369,21.95,2,-21.95,1,6.8282682502238,5.22315191238033,1.79175946922805,3.13331793650655
17323,1565.71,12,120.166666666667,180.35,130.475833333333,14.80625,179,0.0122120077979759,4.81197069133014,12.08,2,-12.08,1,7.35673315822199,4.87882305779594,2.56494935746154,2.57108434602905
17324,2294.87,12,128.083333333333,363.05,191.239166666667,17.0944444444444,122,0.0444418101636233,3.77109310772115,153,1,-153,1,7.73886713562741,5.25874025655961,2.56494935746154,5.03695260241363
17325,609.57,3,155,282.9,203.19,279.986805555556,39,0.0290727683383914,3.60399908175537,0,0,0,0,6.41439294709245,5.31905093293494,1.38629436111989,0
17326,322.05,2,70,77.2,161.025,407.925,82,0.0190702961767232,4.17000780260207,0,0,0,0,5.77780711000417,5.08775064431378,1.09861228866811,0
17327,152.35,2,29.5,55.15,76.175,409.163888888889,3,0.556333555179553,0.733735056604723,0,0,0,0,5.03272289056026,4.34607557038822,1.09861228866811,0
17328,104.7,1,86,86,104.7,672.81875,6,0.532256622596603,1.01576226904286,0,0,0,0,4.66060489287619,4.66060489287619,0.693147180559945,0
17329,1004.43,5,86.4,144.8,200.886,13.9347222222222,83,0.0270170349636129,3.97105160860439,0,0,0,0,6.91317058968341,5.30770318165653,1.79175946922805,0
17330,391.85,4,30.5,88,97.9625,22.1625,7,0.23819696938885,1.65478990969288,0,0,0,0,5.97342785962183,4.59474099049755,1.6094379124341,0
17331,175.2,1,16,16,175.2,123.079861111111,1,1,0,0,0,0,0,5.17161971350208,5.17161971350208,0.693147180559945,0
17332,838.27,5,158.8,275.2,167.654,527.902777777778,82,0.023685241494217,4.05773351604136,0,0,0,0,6.73253246637751,5.12784927898507,1.79175946922805,0
17333,494.25,1,375,375,494.25,85.1520833333333,28,0.0465829304068103,3.16969940544471,0,0,0,0,6.20506268557866,6.20506268557866,0.693147180559945,0
17334,635.15,3,188.666666666667,286.1,211.716666666667,301.910416666667,20,0.0750698513342406,2.77328644780829,0.42,1,-0.42,1,6.45543438458871,5.35996107676059,1.38629436111989,0.350656871613169
17335,508,2,108,117.9,254,383.10625,34,0.0611622853245706,3.0558868954205,0,0,0,0,6.23244801655052,5.54126354515843,1.09861228866811,0
17336,81.12,1,48,48,81.12,471.925694444444,1,1,0,0,0,0,0,4.40818159215073,4.40818159215073,0.693147180559945,0
17337,2029.2,4,317.25,639.1,507.3,150.954861111111,418,0.00538079919242532,5.62310302171269,83.55,3,-83.55,1,7.61588958935033,6.23107182445286,1.6094379124341,4.43734307534459
17338,12148.75,17,345.823529411765,588.2,714.632352941176,16.9354166666667,605,0.00563778047840268,5.80811269594196,106,3,-106,1,9.40506387242532,6.57316656154212,2.89037175789616,4.67282883446191
17339,362.36,3,62.6666666666667,125.6,120.786666666667,94.0145833333333,10,0.129348111662198,2.17006314791758,59,1,-59,1,5.89539407835725,4.80227088020863,1.38629436111989,4.0943445622221
17340,22391.76,18,620.111111111111,1928.8,1243.98666666667,29.0868055555556,330,0.0106514174119794,5.05164213776019,494.94,12,-993.18,0.498338669727542,10.0164929713124,7.12688009933678,2.94443897916644,6.2064549516658
17341,1889.83,5,233.8,520.6,377.966,156.053472222222,200,0.0131663804584346,4.76104117672023,0,0,0,0,7.54477116509319,5.93744649129573,1.79175946922805,0
17342,1158.59,4,130.25,210.15,289.6475,379.071527777778,31,0.0695230088792746,3.02803959736703,71.7,3,-71.7,1,7.05582177334698,5.67211119269974,1.6094379124341,4.28634138453947
17343,1259.94,6,75.6666666666667,101,209.99,354.904861111111,62,0.034408583178323,3.70806521290855,0,0,0,0,7.1396127535482,5.35181073898804,1.94591014905531,0
17344,468.17,2,106.5,142.95,234.085,46.0375,64,0.0563509729739082,3.47482607576625,13.5,1,-13.5,1,6.15096517611623,5.45994715087337,1.09861228866811,2.67414864942653
17345,1626.26,10,198.9,528.3,162.626,14.9076388888889,174,0.0117194322250482,4.75235175436235,120.3,2,-120.3,1,7.39465289777084,5.09758333574691,2.39789527279837,4.79826681595
17346,5316,26,140.5,190.25,204.461538461538,3.02222222222222,533,0.00801306911825736,5.50148658480088,64.98,1,-64.98,1,8.57866451350434,5.32525885564842,3.29583686600433,4.18935166580044
17347,127.2,1,120,120,127.2,86.0263888888889,1,1,0,0,0,0,0,4.85359154448657,4.85359154448657,0.693147180559945,0
17348,2491.14,9,310.333333333333,626.8,276.793333333333,14.0590277777778,327,0.00729352644521834,5.30721239698909,0,0,0,0,7.8208970581046,5.62687743195213,2.30258509299405,0
17349,810.37,5,151.2,272.2,162.074,178.972916666667,74,0.0503166286000163,3.55526524658018,0,0,0,0,6.69872417695597,5.09420408551557,1.79175946922805,0
17350,1907.25,7,173.714285714286,354.1,272.464285714286,7.87708333333333,125,0.0158954734351906,4.4528269663234,29.88,1,-29.88,1,7.55394187067858,5.61117103093792,2.07944154167984,3.43010872515658
17351,1988.33,12,31.9166666666667,63.45,165.694166666667,35.7534722222222,50,0.0879721543080434,2.99445673193397,0,0,0,0,7.59555317761087,5.11616079614308,2.56494935746154,0
17352,36.25,1,15,15,36.25,695.859027777778,5,0.21210368608799,1.57957670909564,0,0,0,0,3.61765194482557,3.61765194482557,0.693147180559945,0
17353,2430,4,402,480,607.5,128.854861111111,9,0.133012162780064,2.10486178930655,86.45,3,-86.45,1,7.79605797431612,6.41099691242758,1.6094379124341,4.47106720146461
17354,3145.96,4,633.75,1066.35,786.49,50.1361111111111,85,0.0424127272855937,3.51303615715054,0,0,0,0,8.05419218646567,6.66885067220646,1.6094379124341,0
17355,285.11,1,257,257,285.11,385.980555555556,28,0.0877747708192663,2.82087657540777,0,0,0,0,5.65637635225893,5.65637635225893,0.693147180559945,0
17356,933.27,5,180.2,276.2,186.654,311.071527777778,74,0.0290270229597645,3.88973522011856,0,0,0,0,6.83976547568261,5.23459984163415,1.79175946922805,0
17357,388.14,2,76.5,143.55,194.07,23.8472222222222,41,0.0940888799284098,2.93926968947303,0,0,0,0,5.96393917604323,5.27335846850684,1.09861228866811,0
17358,866.05,5,88.4,144.6,173.21,302.828472222222,125,0.0141720831117723,4.51817012217115,0,0,0,0,6.76509664524456,5.16026146805207,1.79175946922805,0
17359,284.46,2,118.5,156.75,142.23,10.9256944444444,36,0.0489971911091718,3.24311351814411,0,0,0,0,5.65410191420162,4.96445172979177,1.09861228866811,0
17360,1219.43,6,106,162.25,203.238333333333,16.9854166666667,189,0.0146455927385297,4.72033472365969,18,1,-29.95,0.601001669449082,7.10695853464461,5.31928761256569,1.94591014905531,2.94443897916644
17361,880.64,5,76.6,155.6,176.128,48.9215277777778,51,0.0413883576978536,3.50836879291766,0,0,0,0,6.78178380942019,5.17687263505866,1.79175946922805,0
17362,1006.09,7,78.4285714285714,117.8,143.727142857143,238.963194444444,102,0.022072134093228,4.19040851086458,13.5,1,-13.5,1,6.91482026310426,4.97485019626169,2.07944154167984,2.67414864942653
17363,940.86,3,174.333333333333,423.3,313.62,394.81875,34,0.109181611159301,2.85433164673146,0,0,0,0,6.84785664357379,5.75136556139436,1.38629436111989,0
17364,11643.45,28,265.464285714286,582.65,415.8375,0.159722222222222,518,0.00613652057629116,5.62200094435996,45.4,3,-385.87,0.117656205457797,9.36258495063198,6.0326964576012,3.36729582998647,3.83729945923221
17365,8225.94,15,537.066666666667,1200.7,548.396,12.0256944444444,406,0.00544613344852737,5.54193863524074,19.15,1,-19.15,1,9.0151694140829,6.30881949296485,2.77258872223978,3.00320428839269
17366,1096.24,2,255,278.4,548.12,431.906944444444,123,0.0274942681680333,4.20128362819479,1.65,1,-1.65,1,7.00055321483349,6.30831699685954,1.09861228866811,0.974559639998131
17367,168.4,1,150,150,168.4,237.978472222222,33,0.052667497926552,3.16706230817244,0,0,0,0,5.13226278221795,5.13226278221795,0.693147180559945,0
17368,2773.04,14,160.071428571429,555.65,198.074285714286,22.8916666666667,197,0.0526071648006515,4.10351568212002,612.9,2,-612.9,1,7.92806002038149,5.29367805011389,2.70805020110221,6.41983204843345
17369,102,1,120,120,102,455.167361111111,1,1,0,0,0,0,0,4.63472898822964,4.63472898822964,0.693147180559945,0
17370,453.86,4,135,184.2,113.465,72.15,31,0.0390733734469641,3.34139205414208,0,0,0,0,6.11998967929627,4.74026909940971,1.6094379124341,0
17371,662.55,6,47.1666666666667,89.5,110.425,16.9722222222222,135,0.0273190467095373,4.29449946536166,0,0,0,0,6.49760420888326,4.71335171883262,1.94591014905531,0
17372,4377.86,28,67,120.6,156.352142857143,40.0506944444444,426,0.00740323842105387,5.50296153115689,52.13,3,-52.13,1,8.38454369552074,5.05848624182978,3.36729582998647,3.97274174046285
17373,1167.5,7,105.428571428571,127.8,166.785714285714,39.8902777777778,68,0.0341876331222574,3.8079419437098,0,0,0,0,7.06347615397891,5.12268765504365,2.07944154167984,0
17374,727.11,3,51.6666666666667,68.6,242.37,218.197916666667,34,0.037694308573769,3.41678155069936,15.9,1,-15.9,1,6.5904521356835,5.494582919054,1.38629436111989,2.82731362192903
17375,660.55,4,120,229.45,165.1375,198.920138888889,77,0.0232350629377884,4.01586753114448,27.6,1,-27.6,1,6.49458556648842,5.11281575874745,1.6094379124341,3.35340671782581
17376,453.64,4,61,94.4,113.41,70.0513888888889,41,0.0441661885529321,3.42437170966391,0,0,0,0,6.11950589698887,4.73978848771285,1.6094379124341,0
17377,18319.41,78,97.2948717948718,210.85,234.864230769231,23.0645833333333,525,0.0259913048845515,4.71255156705071,311,13,-468,0.664529914529915,9.81577101789036,5.46325634613018,4.36944785246702,5.74300318780948
17378,10.95,1,1,1,10.95,373.752777777778,1,1,0,10.95,1,-10.95,1,2.48073127837752,2.48073127837752,0.693147180559945,2.48073127837752
17379,437.12,1,663,663,437.12,10.9541666666667,71,0.0268232403808691,3.87871158602029,0,0,0,0,6.08249284545555,6.08249284545555,0.693147180559945,0
17380,645,3,84,135.6,215,433.880555555556,5,0.293137479718767,1.41300292038895,1.25,1,-1.25,1,6.4707995037826,5.37527840768417,1.38629436111989,0.810930216216329
17381,21385.91,38,454.026315789474,1213.5,562.787105263158,8.03541666666667,51,0.0518352053332208,3.36769827125813,3.18,1,-3.18,1,9.97053433161305,6.33467670729955,3.66356164612965,1.43031124653666
17382,902.28,8,57.125,111.6,112.785,65.03125,16,0.0919026766274651,2.57898909917974,0,0,0,0,6.80603258287227,4.73431070281118,2.19722457733622,0
17383,309.99,2,81,143.1,154.995,3.80138888888889,51,0.141274249596463,2.93691579280611,0,0,0,0,5.73976075732144,5.04982395545383,1.09861228866811,0
17384,507.55,3,40.3333333333333,44.8,169.183333333333,18.8763888888889,15,0.534868973136707,1.27067272175318,0,0,0,0,6.23156353907161,5.13687628733344,1.38629436111989,0
17385,263.27,1,201,201,263.27,14.075,42,0.0358865514296342,3.5266917969128,0,0,0,0,5.57697130778981,5.57697130778981,0.693147180559945,0
17386,2080.61,7,213,628.4,297.23,7.05694444444444,32,0.0799889076562636,2.85724263221105,0,0,0,0,7.64089691174363,5.69786500089216,2.07944154167984,0
17387,784.11,2,271,295.3,392.055,19.0763888888889,71,0.0300776543989315,3.8054619982128,0,0,0,0,6.66582383535402,5.97394955118671,1.09861228866811,0
17388,1646.07,11,124.272727272727,257.5,149.642727272727,77.1381944444445,41,0.304831096309362,2.09403848056571,0,0,0,0,7.40675323079239,5.01491098875702,2.484906649788,0
17389,53952.78,61,256.491803278689,1012,884.471803278689,0.133333333333333,67,0.0400611990412996,3.60067339603566,1909.95,16,-2637.65,0.724110477129263,10.8958830331067,6.78612061400408,4.12713438504509,7.5553557795861
17390,149.3,1,49,49,149.3,420.097916666667,12,0.317615045698861,1.53791419841737,0,0,0,0,5.01263329675893,5.01263329675893,0.693147180559945,0
17391,356.16,2,168,232.8,178.08,163.161111111111,2,0.540816326530612,0.651756561172653,0,0,0,0,5.87818386064902,5.18783263337277,1.09861228866811,0
17392,619.66,3,164.333333333333,216.2,206.553333333333,306.001388888889,66,0.030442891789751,3.78050538693362,0,0,0,0,6.43078342797266,5.33538833475714,1.38629436111989,0
17393,381.15,2,119,149.6,190.575,410.111111111111,45,0.0785724037886751,3.17303207390666,0,0,0,0,5.94581320168889,5.25527937685647,1.09861228866811,0
17394,134.75,1,145,145,134.75,219.019444444444,4,0.469321942303654,0.987611490621054,0,0,0,0,4.91081495881404,4.91081495881404,0.693147180559945,0
17395,97.5,1,66,66,97.5,507.927777777778,3,0.36094674556213,1.05790542470367,0,0,0,0,4.59005654817804,4.59005654817804,0.693147180559945,0
17396,8523.9,14,165.928571428571,438.8,608.85,38.9430555555556,29,0.0697170957906983,2.90513092414212,277.5,2,-277.5,1,9.05074657187764,6.41321302528925,2.70805020110221,5.62941805936734
17397,1233.18,3,232.333333333333,413.7,411.06,21.9458333333333,132,0.0160813781306309,4.48213466692541,0,0,0,0,7.11816206092663,6.02116896981431,1.38629436111989,0
17398,653.38,3,103.333333333333,171.5,217.793333333333,114.168055555556,30,0.0649064893915178,3.11020763910422,0,0,0,0,6.48368822247431,5.38812760085755,1.38629436111989,0
17400,4677.05,8,274.875,463.9,584.63125,125.925,352,0.00474278677470603,5.59881536760356,0,0,0,0,8.45063663541535,6.37269032529433,2.19722457733622,0
17401,114.85,1,34,34,114.85,540.872222222222,11,0.112519993048039,2.27114422254028,0,0,0,0,4.75229625087839,4.75229625087839,0.693147180559945,0
17402,5079.18,23,68.304347826087,133.2,220.833913043478,4.10763888888889,106,0.271750730956838,2.26049013435365,49.1,3,-49.1,1,8.53310197301566,5.40192896243251,3.17805383034795,3.91402100809082
17403,388.62,2,97,115,194.31,35.8972222222222,45,0.0415409875631576,3.44338097833767,0,0,0,0,5.96517190515306,5.2745880398488,1.09861228866811,0
17404,30916.4,23,1101.52173913043,2340.4,1344.19130434783,3.85,134,0.0160838767180374,4.45152422933819,1099.9,5,-1774.3,0.619906441977118,10.3390744111968,7.20429151563754,3.17805383034795,7.00388330607636
17405,1031.41,3,242,323.4,343.803333333333,0.818055555555556,77,0.021637213716744,4.09370499174465,64.19,2,-64.19,1,6.9396511539657,5.84297420618287,1.38629436111989,4.17730608293645
17406,4414.17,13,163.384615384615,525,339.551538461538,332.904861111111,156,0.0329065211094812,4.15626614433096,65.45,5,-312.95,0.209138840070299,8.39280161739302,5.83056647525615,2.63905732961526,4.19644978515925
17407,552.9,1,426,426,552.9,411.078472222222,23,0.0540868040497823,3.02386091267179,0,0,0,0,6.31698416503906,6.31698416503906,0.693147180559945,0
17408,316.09,3,54.3333333333333,143.4,105.363333333333,163.039583333333,7,0.283459828242118,1.58020227436475,151.2,1,-151.2,1,5.75918564525391,4.66686090598652,1.38629436111989,5.02519544542759
17409,7317.91,10,376.1,743.7,731.791,184.134722222222,54,0.0419390997548538,3.51565157443673,0,0,0,0,8.89821668876377,6.59686053162511,2.39789527279837,0
17410,1215.2,5,123.2,192.4,243.04,15.8777777777778,58,0.0251394619491705,3.89836515515663,0,0,0,0,7.10348652268601,5.49733214628365,1.79175946922805,0
17411,1425.38,5,121.6,151.6,285.076,11.9340277777778,69,0.0260375789435163,4.02003365915668,138.85,4,-138.85,1,7.26289504513824,5.65625750978449,1.79175946922805,4.94057041964797
17412,3864.24,16,162.75,295,241.515,2.05138888888889,167,0.0129643827608445,4.7749675685096,32.54,3,-32.54,1,8.25977905482458,5.49106356413466,2.83321334405622,3.51273875639506
17413,508.3,2,115,148.3,254.15,404.011805555556,10,0.189585479892722,1.9483882705598,0,0,0,0,6.23303723389056,5.54185160750998,1.09861228866811,0
17414,782.4,6,270,345,130.4,43.0673611111111,6,0.310413451767097,1.35700335352992,0,0,0,0,6.66364342123173,4.87824610605051,1.94591014905531,0
17415,341.89,1,114,114,341.89,79.0416666666667,14,0.103825387862039,2.44062105705082,0,0,0,0,5.83740969602234,5.83740969602234,0.693147180559945,0
17416,17037.7,22,398.590909090909,978.3,774.440909090909,29.0020833333333,342,0.00690133257064353,5.41262381091953,76.98,3,-76.98,1,9.74324250639318,6.6534317825386,3.13549421592915,4.35645238355445
17417,164.18,1,76,76,164.18,548.159722222222,16,0.103878979008047,2.48570032401335,0,0,0,0,5.10703578838257,5.10703578838257,0.693147180559945,0
17418,670.54,3,173.666666666667,223.8,223.513333333333,42.0347222222222,40,0.0306948235132441,3.57510356542136,0,0,0,0,6.50957358232023,5.41393509665851,1.38629436111989,0
17419,6433.52,18,171.5,290.2,357.417777777778,10.9604166666667,205,0.0105392786626414,4.97165709489333,25.6,2,-25.6,1,8.76943252517351,5.88169928304518,2.94443897916644,3.28091121578765
17420,1080.53,6,83.1666666666667,113.5,180.088333333333,49.9569444444444,43,0.0290995078954985,3.65380977106965,9.9,2,-9.9,1,6.98613198425943,5.19898494168411,1.94591014905531,2.3887627892351
17421,1059.41,3,269,376.7,353.136666666667,385.828472222222,46,0.031300870713114,3.64279956174996,0,0,0,0,6.96641090477403,5.86968290266036,1.38629436111989,0
17422,3600.36,11,319.454545454545,584,327.305454545455,15.9743055555556,149,0.0119136743527828,4.7381635207098,253.11,9,-253.11,1,8.18906683088192,5.79394443888508,2.484906649788,5.53776724413656
17423,1118.95,3,263.333333333333,329.3,372.983333333333,46.0097222222222,39,0.0445691907678197,3.3744012951391,34.78,2,-34.78,1,7.02103932043548,5.9242112331417,1.38629436111989,3.57738907808057
17425,759.17,2,203.5,354.25,379.585,18.8888888888889,42,0.0325843147926037,3.62039393442752,0,0,0,0,6.63354209247732,5.9417095426298,1.09861228866811,0
17426,7886.81,13,397.153846153846,923.599999999999,606.677692307692,7.77986111111111,259,0.00635548826248706,5.30282201845936,471.4,4,-471.4,1,8.97307380877128,6.40964463007144,2.63905732961526,6.15782608432321
17427,100.8,1,34,34,100.8,71.0979166666667,2,0.581916099773243,0.60883340822257,0,0,0,0,4.62301010411642,4.62301010411642,0.693147180559945,0
17428,31059.2,45,361.911111111111,1134.8,690.204444444444,0.128472222222222,447,0.00630516039207037,5.52373349087105,581.7,6,-581.7,1,10.343682535832,6.53843564751033,3.8286413964891,6.36767247414903
17429,1364.5,5,257.2,475.6,272.9,128.019444444444,80,0.0217303783138396,4.12962284471191,15.3,2,-15.3,1,7.21927594091376,5.61276307626903,1.79175946922805,2.79116510781272
17430,735.65,4,128.75,148.7,183.9125,32.1430555555556,30,0.0549218227477337,3.15653824435299,0,0,0,0,6.60211288115336,5.21988274021835,1.6094379124341,0
17431,403.3,1,292,292,403.3,312.926388888889,41,0.04070636072142,3.4309074850293,0,0,0,0,6.00215717664673,6.00215717664673,0.693147180559945,0
17432,1751.39,9,112.888888888889,243,194.598888888889,17.8034722222222,218,0.0108186678133355,4.93951331004798,0,0,0,0,7.46873584946375,5.27606607705743,2.30258509299405,0
17433,569.96,2,152.5,181.75,284.98,87.9763888888889,82,0.0177500516280522,4.2097983883411,0,0,0,0,6.34731915466281,5.6559218783047,1.09861228866811,0
17434,2375.58,7,241.857142857143,360.1,339.368571428571,1.98194444444444,100,0.0173943821873646,4.33803991040393,40.4,2,-40.4,1,7.7734177584372,5.8300290640835,2.07944154167984,3.72328088083127
17435,331.35,1,195,195,331.35,410.996527777778,15,0.0758391788315671,2.64699010504299,0,0,0,0,5.80618863048759,5.80618863048759,0.693147180559945,0
17436,534.06,5,35.6,46.8,106.812,1.01388888888889,8,0.191000896263674,1.82056303308531,12.75,2,-12.75,1,6.28237889014043,4.68038896953377,1.79175946922805,2.62103882411258
17437,371.22,1,284,284,371.22,529.110416666667,52,0.0234890179223189,3.84647132702997,0,0,0,0,5.91948507731582,5.91948507731582,0.693147180559945,0
17438,1422.77,5,110.6,291,284.554,253.141666666667,57,0.0253660006028919,3.87420448351063,10.15,1,-10.15,1,7.26106356207274,5.65443115306739,1.79175946922805,2.41143949790613
17439,323.58,1,346,346,323.58,655.001388888889,8,0.183497270311017,1.8690252372911,0,0,0,0,5.78253203888774,5.78253203888774,0.693147180559945,0
17440,323.58,4,70.5,135,80.895,156.080555555556,4,0.36899392524163,1.09215660362749,9.32,2,-9.32,1,5.78253203888774,4.40543793893434,1.6094379124341,2.33408376005342
17441,293.35,1,245,245,293.35,731.970833333333,21,0.0518109672073326,2.99668292573991,0,0,0,0,5.68476953547427,5.68476953547427,0.693147180559945,0
17442,4620.3,15,208.933333333333,322.3,308.02,36.1479166666667,190,0.00783331805707104,5.04970092012839,119.6,8,-119.6,1,8.43843132977576,5.73340599972227,2.77258872223978,4.79247928429309
17443,127.2,1,120,120,127.2,219.127083333333,1,1,0,0,0,0,0,4.85359154448657,4.85359154448657,0.693147180559945,0
17444,2374.57,3,650.333333333333,1015.8,791.523333333333,147.072916666667,131,0.0102972955341223,4.73408184512057,0,0,0,0,7.77299268767335,6.67522194800991,1.38629436111989,0
17446,120.9,2,99,101.7,60.45,176.130555555556,6,0.182902425358201,1.74199186200625,0,0,0,0,4.80320103648723,4.11822383601204,1.09861228866811,0
17447,541.53,2,221.5,337.15,270.765,39.9388888888889,33,0.0506750385497348,3.25984465857265,0,0,0,0,6.29624338342482,5.60493772227006,1.09861228866811,0
17448,14574.43,46,251.04347826087,501,316.835434782609,496.988194444444,569,0.00289771547652337,6.09868463127084,94.61,8,-4364.24,0.021678459479772,9.5870925133564,5.76153374814686,3.85014760171006,4.56027741709736
17449,4953.31,13,195,287.4,381.023846153846,1.82916666666667,295,0.0114438050269809,5.02554838515852,16,1,-16,1,8.50801318378793,5.94548303114476,2.63905732961526,2.83321334405622
17450,94546,51,597.921568627451,1500,1853.8431372549,7.97291666666667,160,0.016776299751531,4.43083610690087,3308.72,10,-13393.7,0.247035546562936,11.4568523443394,7.52555540933922,3.95124371858143,8.10461887264798
17451,1728.59,7,171.857142857143,318.9,246.941428571429,0.908333333333333,84,0.0187040251835303,4.22049356696806,72.45,3,-72.45,1,7.4556396651846,5.51319254315604,2.07944154167984,4.29660490261989
17453,486.72,2,109.5,154.95,243.36,17.1305555555556,19,0.0790098401107377,2.72161542030232,0,0,0,0,6.18974147069206,5.49864254778157,1.09861228866811,0
17454,1547.94,10,72.7,110.25,154.794,191.994444444444,103,0.0177908190941166,4.27337977886774,15.3,1,-15.3,1,7.34532610499913,5.04853462178366,2.39789527279837,2.79116510781272
17455,131.7,1,66,66,131.7,203.054861111111,8,0.127133121051791,2.07045593794521,0,0,0,0,4.88809094133816,4.88809094133816,0.693147180559945,0
17456,1225.42,2,365,436.1,612.71,364.89375,59,0.0224042641300112,3.963101973868,0,0,0,0,7.11185463531765,6.41952250386878,1.09861228866811,0
17457,5764.01,14,180.5,316.4,411.715,126.043055555556,30,0.0845972856516762,2.75576584212242,185.8,4,-185.8,1,8.65956216730703,6.02275728211209,2.70805020110221,5.23003852579474
17458,530.42,2,141,167.1,265.21,14.9923611111111,81,0.0186579337722502,4.1900977329196,0,0,0,0,6.27555266904955,5.58428547099548,1.09861228866811,0
17459,657.8,2,268.5,305.85,328.9,43.0173611111111,88,0.0290230668375869,3.87796550443013,0,0,0,0,6.49041999830349,5.79878957823454,1.09861228866811,0
17460,2228.31,16,61.25,109.5,139.269375,93.9486111111111,96,0.0394021103642325,3.87858247401267,220.87,5,-220.87,1,7.70944739953448,4.94356468102906,2.83321334405622,5.40209162476449
17461,758.78,3,266.333333333333,425.7,252.926666666667,22.1034722222222,104,0.0144610596696853,4.40689384063378,0,0,0,0,6.63302891769057,5.53704551142189,1.38629436111989,0
17462,675.69,2,113.5,150.85,337.845,59.9958333333333,25,0.0667349183014707,2.97468019821119,12.75,1,-12.75,1,6.51721326553183,5.82554277568161,1.09861228866811,2.62103882411258
17463,2557.91,7,212.857142857143,376.5,365.415714285714,15.9652777777778,242,0.00845927486534432,5.10026806649194,20,2,-20,1,7.84733666555303,5.90376852021467,2.07944154167984,3.04452243772342
17464,993.98,3,209.333333333333,279.7,331.326666666667,158.021527777778,35,0.0895050665012632,2.80596752918411,121.2,1,-121.2,1,6.90272263645406,5.80611842091198,1.38629436111989,4.8056590467375
17465,2540.84,7,211,405.2,362.977142857143,425.079166666667,106,0.0134848399119946,4.49512888175454,9.15,2,-9.15,1,7.84064350720352,5.89709107131658,2.07944154167984,2.3174737054878
17466,756.33,2,153,171,378.165,9.98263888888889,41,0.0284001488426927,3.63703188534565,0,0,0,0,6.62979908975479,5.93797146654294,1.09861228866811,0
17467,102.6,1,20,20,102.6,394.994444444444,4,0.288443927666252,1.30813661517596,0,0,0,0,4.64053732982538,4.64053732982538,0.693147180559945,0
17468,194.8,3,61.3333333333333,89.6,64.9333333333333,9.88680555555556,8,0.132034540770505,2.05068610449356,0,0,0,0,5.27709373009641,4.1886441305205,1.38629436111989,0
17469,5051.97,17,135.529411764706,214,297.174705882353,15.9826388888889,180,0.00788008470827326,5.01803360107653,92.91,5,-92.91,1,8.52773146820719,5.69767957607153,2.89037175789616,4.54233687681652
17470,2814.95,11,258.454545454545,444.5,255.904545454545,44.0472222222222,113,0.017899144037972,4.38132373039315,0,0,0,0,7.94305496143848,5.54870459743749,2.484906649788,0
17471,321.65,1,153,153,321.65,474.08125,19,0.0557157227608334,2.91862201356281,0,0,0,0,5.77656814438185,5.77656814438185,0.693147180559945,0
17472,935.1,4,139.5,165.7,233.775,190.953472222222,183,0.0118253288858647,4.79083765567136,0,0,0,0,6.8417223083777,5.45862760869068,1.6094379124341,0
17473,607,2,135,152.1,303.5,408.086805555556,33,0.0441565996922233,3.3502247571231,14.85,1,-14.85,1,6.41017488196617,5.71867108714995,1.09861228866811,2.76316950032329
17474,1047,1,200,200,1047,599.129861111111,6,0.212902357123505,1.64141760163679,0,0,0,0,6.95463886488099,6.95463886488099,0.693147180559945,0
17475,194.37,1,178,178,194.37,78.9548611111111,14,0.0828184119179633,2.56180489901845,0,0,0,0,5.27489519660354,5.27489519660354,0.693147180559945,0
17476,488.91,2,112,122.8,244.455,395.103472222222,29,0.0435111621315167,3.26700789407341,43.35,2,-43.35,1,6.19422170076525,5.50311363104419,1.09861228866811,3.79211270875559
17477,1144.3,2,112.5,112.95,572.15,612.155555555556,44,0.0388338723279451,3.52857601559343,65.3,3,-65.3,1,7.04342189040367,6.35114746256102,1.09861228866811,4.19418989719182
17478,1272.8,2,258,277.8,636.4,407.950694444444,40,0.0341620117442512,3.51799375793582,0,0,0,0,7.14975983793727,6.45739740198324,1.09861228866811,0
17479,389.26,1,266,266,389.26,632.141666666667,18,0.0714470936094868,2.77042444365968,0,0,0,0,5.96681318366685,5.96681318366685,0.693147180559945,0
17480,902.03,2,296.5,333.85,451.015,77.0909722222222,50,0.0260541993688347,3.78447944690677,5.31,1,-5.31,1,6.80575577545649,6.1137153651223,1.09861228866811,1.84213567655312
17481,1259.43,4,265.25,470.1,314.8575,3.01527777777778,69,0.0195921944839082,4.07169583650447,6.25,1,-6.25,1,7.13920821156749,5.75529116251158,1.6094379124341,1.98100146886658
17482,778.19,2,120.5,145.25,389.095,486.928472222222,50,0.0295561505882578,3.68640988730922,0,0,0,0,6.65825491857041,5.96639029920412,1.09861228866811,0
17483,591.73,4,66.25,90.15,147.9325,65.0277777777778,23,0.0673331350667475,2.91530846585625,0,0,0,0,6.38473898333874,5.00349318316661,1.6094379124341,0
17484,209.57,2,169.5,276.15,104.785,575.922916666667,14,0.0891695335672446,2.51115454201708,0,0,0,0,5.34981813941044,4.66140873243528,1.09861228866811,0
17486,396.87,1,191,191,396.87,260.951388888889,24,0.0448494762671176,3.13583091298932,0,0,0,0,5.98612531876238,5.98612531876238,0.693147180559945,0
17487,158.6,1,37,37,158.6,727.905555555556,8,0.135122859382777,2.04088423724652,0,0,0,0,5.07267068501571,5.07267068501571,0.693147180559945,0
17488,336.5,1,136,136,336.5,640.946527777778,18,0.06206213335865,2.8232915034891,0,0,0,0,5.82156551031258,5.82156551031258,0.693147180559945,0
17489,376.64,2,214,230.2,188.32,58.2041666666667,28,0.0402962265642313,3.27706525583583,0,0,0,0,5.93394136086432,5.24343870503805,1.09861228866811,0
17490,2750.5,9,170.111111111111,231.6,305.611111111111,0.154166666666667,94,0.02699045137337,4.11827874663477,165.44,4,-165.44,1,7.91990149649981,5.72558020554334,2.30258509299405,5.11463488411474
17491,5853.87,17,206.470588235294,386.4,344.345294117647,0.855555555555556,109,0.0345277432477151,4.0617872329892,16.95,1,-16.95,1,8.67502907254023,5.84454476902734,2.89037175789616,2.88759011493429
17492,1122.42,3,150,162.2,374.14,247.936805555556,32,0.0544113563971419,3.18875570166812,0,0,0,0,7.0241328830376,5.9272992896322,1.38629436111989,0
17493,102.59,1,62,62,102.59,384.828472222222,8,0.134904843584213,2.0339429981777,0,0,0,0,4.64044080007001,4.64044080007001,0.693147180559945,0
17494,54.7,1,26,26,54.7,501.155555555556,3,0.338576045506653,1.09048202671425,0,0,0,0,4.01998014693324,4.01998014693324,0.693147180559945,0
17495,806.72,3,122.333333333333,148.8,268.906666666667,7.02916666666667,38,0.0362394756885281,3.47341566452507,47.65,1,-47.65,1,6.69421546381062,5.59807622022527,1.38629436111989,3.88465180863201
17496,1348.99,4,168.75,238,337.2475,358.174305555556,55,0.0293663192845579,3.777013645223,27,1,-27,1,7.20785246399763,5.82377787604058,1.6094379124341,3.3322045101752
17497,287.25,2,29.5,42.55,143.625,389.939583333333,7,0.232999338737056,1.6672312699293,0,0,0,0,5.66382815914917,4.97414418551384,1.09861228866811,0
17498,276.06,1,394,394,276.06,75.0590277777778,17,0.0686006944186929,2.74701891714955,0,0,0,0,5.62423408922973,5.62423408922973,0.693147180559945,0
17499,1329.44,2,543,694.2,664.72,289.15,69,0.0239024213641612,3.98038632428499,44.55,1,-44.55,1,7.19326499357226,6.50086916171853,1.09861228866811,3.81881062370597
17500,267,3,5.66666666666667,6.9,89,16.9340277777778,3,0.77572276227749,0.459697970896063,0,0,0,0,5.59098698051086,4.49980967033027,1.38629436111989,0
17501,288.6,2,80,143.9,144.3,220.16875,18,0.0599328538517728,2.8523018106669,0,0,0,0,5.66850066051156,4.97880057057624,1.09861228866811,0
17502,689.1,4,94,187.5,172.275,8.98402777777778,25,0.0472056550872458,3.12927892212123,0,0,0,0,6.53683651462656,5.15487992780405,1.6094379124341,0
17503,559.92,2,243,270,279.96,2.14722222222222,36,0.0541722681394221,3.28337273124978,0,0,0,0,6.32957829285845,5.63821231044675,1.09861228866811,0
17504,9391.36,18,297.166666666667,972.8,521.742222222222,206.035416666667,246,0.0136262095005716,4.95995309661725,251.75,1,-251.75,1,9.14765187182732,6.2590884596179,2.94443897916644,5.53240085790058
17505,2435.48,5,248.4,506.2,487.096,161.041666666667,83,0.0206777382802719,4.14110109361774,0,0,0,0,7.79830965375408,6.19051210781752,1.79175946922805,0
17506,302.2,1,139,139,302.2,75.0909722222222,14,0.0801461770970527,2.57296634347344,7.91,1,-7.91,1,5.71439265376822,5.71439265376822,0.693147180559945,2.18717424148272
17507,605.58,2,179.5,217.75,302.79,261.043055555556,78,0.0194966990176623,4.13273279952155,0,0,0,0,6.40783662405482,5.71633667322755,1.09861228866811,0
17508,4580.91,8,361.375,535.1,572.61375,280.194444444444,201,0.0152812071382797,4.90307902086709,32.45,1,-32.45,1,8.42987122074284,6.35195626040675,2.19722457733622,3.51005178657424
17509,6115.14,8,441.75,509.3,764.3925,57.1416666666667,75,0.0179802189759417,4.10484455175844,14.4,3,-14.4,1,8.71868645756525,6.64038877414558,2.19722457733622,2.73436750941958
17510,514.56,2,211,213.7,257.28,24.1180555555556,28,0.0423733244874431,3.24318664762273,0,0,0,0,6.24525368853658,5.55404426775827,1.09861228866811,0
17511,166403.24,60,1793.53333333333,3474,2773.38733333333,2.10972222222222,734,0.00563305697772878,5.82229943712925,3717.57,25,-3717.57,1,12.0221752878138,7.92818522102409,4.11087386417331,8.22109446476112
17512,5007.74,18,257.888888888889,453.05,278.207777777778,28.0270833333333,115,0.0530814005606916,3.95925345207554,35.55,2,-35.55,1,8.51893966544225,5.63195622787047,2.94443897916644,3.59868118619579
17513,1158.8,3,146.666666666667,238.8,386.266666666667,71.8805555555556,18,0.089558205320896,2.6117666063504,0,0,0,0,7.05600285544234,5.95911351689032,1.38629436111989,0
17514,543.03,2,147.5,158.75,271.515,127.920138888889,75,0.0234444046281224,4.01207688994488,0,0,0,0,6.29900439239422,5.60769365845989,1.09861228866811,0
17515,1554.76,9,58.6666666666667,97.2,172.751111111111,30.9486111111111,101,0.0175725478179558,4.31910661283715,0,0,0,0,7.34971945119663,5.15762387930855,2.30258509299405,0
17516,953.65,6,87.8333333333333,186,158.941666666667,14.8326388888889,150,0.0118133119103092,4.65266919749496,0,0,0,0,6.86134478115947,5.07480916542383,1.94591014905531,0
17517,153.94,1,102,102,153.94,308.043055555556,11,0.105665538824487,2.31550131155966,0,0,0,0,5.04303794520376,5.04303794520376,0.693147180559945,0
17518,329.42,2,133.5,151.95,164.71,425.048611111111,72,0.0238984526006987,3.97191830603578,0,0,0,0,5.80036457250245,5.1102392726417,1.09861228866811,0
17519,5027.77,15,227.6,341.4,335.184666666667,16.8381944444444,149,0.0270899654657176,4.38039214935808,6.67,2,-6.67,1,8.52293070038758,5.8176606121613,2.77258872223978,2.03731661537916
17520,547.29,1,365,365,547.29,53.0736111111111,30,0.0389993666002883,3.31394878700582,0,0,0,0,6.30680434405291,6.30680434405291,0.693147180559945,0
17521,1271.11,5,161.2,210.8,254.222,29.0611111111111,66,0.018135251675233,4.0988674989459,1.25,1,-1.25,1,7.14843221814848,5.54213375465159,1.79175946922805,0.810930216216329
17522,1075.83,5,206.8,467.8,215.166,1.01319444444444,59,0.0471125125931575,3.57525462734,0,0,0,0,6.98177681882927,5.37604663104354,1.79175946922805,0
17523,539.76,4,126.5,222,134.94,10.9791666666667,25,0.14453947979317,2.51722734702949,0,0,0,0,6.2929755574962,4.91221361191849,1.6094379124341,0
17524,539.14,3,120.666666666667,142.4,179.713333333333,360.929166666667,37,0.0557711343664905,3.12786641119907,30.24,1,-30.24,1,6.29182836521571,5.19691198200019,1.38629436111989,3.44169932497149
17525,1161.9,3,112.666666666667,186.4,387.3,359.03125,19,0.0759931464589405,2.75780880986163,0,0,0,0,7.058672164299,5.96177823673762,1.38629436111989,0
17526,4148.09,12,123.5,337.1,345.674166666667,4.07291666666667,68,0.0804955835872068,3.2584545455378,489.2,4,-489.2,1,8.33064431207157,5.84838533784867,2.56494935746154,6.19481347109401
17527,939.37,4,122,220.4,234.8425,53.0541666666667,45,0.0323846625632269,3.62539034356042,50.51,2,-50.51,1,6.84627341483847,5.46316420935184,1.6094379124341,3.94177596357749
17528,3596.28,8,267.25,447.1,449.535,0.974305555555556,183,0.0132125126310397,4.79117554935595,80.6,3,-88.4,0.911764705882353,8.18793328331269,6.11043576548451,2.19722457733622,4.40182926197006
17529,1238.3,2,395,606.5,619.15,609.832638888889,78,0.0151531225103927,4.27176791344161,0,0,0,0,7.12230198307083,6.42996138426134,1.09861228866811,0
17530,3098.66,12,163.75,362.15,258.221666666667,0.755555555555556,363,0.00487024768707258,5.59268551734254,0.95,1,-0.95,1,8.03904770703888,5.55768355151961,2.56494935746154,0.667829372575655
17531,1266.82,3,157.333333333333,176,422.273333333333,189.772916666667,54,0.0243082589461978,3.86749106995161,75.6,6,-75.6,1,7.14505416908453,6.04801814845609,1.38629436111989,4.33859707674655
17532,65.34,1,30,30,65.34,385.192361111111,4,0.324288886021919,1.23279465112865,0,0,0,0,4.19479303351891,4.19479303351891,0.693147180559945,0
17533,34.8,1,24,24,34.8,434.191666666667,1,1,0,0,0,0,0,3.57794789340665,3.57794789340665,0.693147180559945,0
17534,1668.83,5,172,231.8,333.766,53.04375,76,0.0191278409023546,4.15388997355082,0,0,0,0,7.42047710382201,5.81343178029238,1.79175946922805,0
17535,164.4,1,136,136,164.4,279.895833333333,13,0.0800388939208269,2.54512321454971,0,0,0,0,5.10836678258959,5.10836678258959,0.693147180559945,0
17536,364.83,3,67,161.1,121.61,177.01875,16,0.0912748919215094,2.58003224547716,0,0,0,0,5.90216874462239,4.8090085862443,1.38629436111989,0
17537,899.09,2,350,368,449.545,29.0791666666667,74,0.0237394479717789,3.95310875001838,0,0,0,0,6.80249475832464,6.11045796107203,1.09861228866811,0
17538,102.74,1,134,134,102.74,25.0263888888889,9,0.119150878163358,2.16199629131116,0,0,0,0,4.64188776892325,4.64188776892325,0.693147180559945,0
17539,1226.57,4,186.75,484.3,306.6425,617.071527777778,132,0.0142759312564293,4.52152922436578,72.5,3,-179.5,0.403899721448468,7.11279188451931,5.72893839453732,1.6094379124341,4.29728540621879
17540,1590.6,6,98,160.75,265.1,24.0375,41,0.0576325862417308,3.34617008214143,8.5,1,-8.5,1,7.37249507855277,5.58387217798364,1.94591014905531,2.2512917986065
17541,124.46,1,46,46,124.46,509.093055555556,31,0.0620279220566771,3.08543300194231,0,0,0,0,4.8319869826686,4.8319869826686,0.693147180559945,0
17542,347.44,3,108,180.8,115.813333333333,269.045138888889,57,0.0356209410693625,3.62011220193851,0,0,0,0,5.85346604895069,4.76057721913005,1.38629436111989,0
17543,120.05,1,62,62,120.05,549.047916666667,13,0.0919197384263568,2.45124600737791,0,0,0,0,4.79620368338407,4.79620368338407,0.693147180559945,0
17544,953.74,3,146.333333333333,338.3,317.913333333333,389.904166666667,80,0.0226202852625179,4.0231990217907,0,0,0,0,6.86143905210471,5.76491938353186,1.38629436111989,0
17545,1425.87,6,122.166666666667,256,237.645,42.9902777777778,204,0.0446853870411632,4.43965988549555,0,0,0,0,7.26323851311673,5.47497709204868,1.94591014905531,0
17547,660.05,2,111.5,127.25,330.025,375.13125,24,0.0588362698785522,2.98098447527798,47.3,2,-47.3,1,6.49382947995611,5.80219390122582,1.09861228866811,3.87743156065853
17548,731.26,4,123.5,194.9,182.815,233.075694444444,22,0.0625140721814113,2.91647694020093,386.26,2,-386.26,1,6.59613564215266,5.21392981703777,1.6094379124341,5.95909630207525
17549,148.86,2,105,145.5,74.43,23.11875,5,0.257653287922512,1.44765252286198,0,0,0,0,5.00970152493616,4.32320507386554,1.09861228866811,0
17550,2544.7,9,109.888888888889,233,282.744444444444,196.986805555556,252,0.0133834594336202,4.88744071244991,341.1,1,-341.1,1,7.84216094028146,5.64807398955352,2.30258509299405,5.83510309198356
17551,306.84,1,150,150,306.84,358.943055555556,39,0.0380219727024774,3.4550975827601,0,0,0,0,5.72958016747734,5.72958016747734,0.693147180559945,0
17552,3085.29,12,174.583333333333,428.05,257.1075,59.8680555555556,82,0.0212378637264885,4.08914691438596,46.09,4,-46.09,1,8.03472500128824,5.55337616480683,2.56494935746154,3.85206066425546
17553,1401.6,4,144,168,350.4,129.159722222222,2,0.564037870613624,0.627667106457232,0,0,0,0,7.24608293610281,5.861925175753,1.6094379124341,0
17554,1905.69,5,314.6,674,381.138,0.940972222222222,58,0.0410791347551659,3.57632189484597,0,0,0,0,7.55312403339309,5.94578179991364,1.79175946922805,0
17555,1059.9,5,149.4,186.4,211.98,19.0194444444444,222,0.00685145909648795,5.17365396639037,0,0,0,0,6.96687288346523,5.36119826458724,1.79175946922805,0
17556,300.67,2,92,100.1,150.335,205.126388888889,13,0.119667509361021,2.34631757892002,0,0,0,0,5.70933370469453,5.01949592252845,1.09861228866811,0
17557,575.46,4,77.5,142.05,143.865,13.9951388888889,28,0.0592467077655611,3.05249247715971,0,0,0,0,6.35690595308683,4.97580227425601,1.6094379124341,0
17558,259.17,1,54,54,259.17,392.926388888889,28,0.0637513917506777,2.93909584506094,0,0,0,0,5.56133526350511,5.56133526350511,0.693147180559945,0
17559,167.62,1,270,270,167.62,512.075,12,0.10406275887154,2.36773648074057,0,0,0,0,5.12764766249453,5.12764766249453,0.693147180559945,0
17560,1899.16,9,178.222222222222,305.4,211.017777777778,94.1888888888889,37,0.0590784423551936,3.21716385389331,0,0,0,0,7.54969337213534,5.35667012859852,2.30258509299405,0
17561,722.58,4,99,137.6,180.645,18.9979166666667,166,0.00980470236449577,4.85103426270008,0,0,0,0,6.58421111355928,5.20205423282733,1.6094379124341,0
17562,1124.06,7,116.714285714286,285,160.58,13.9368055555556,49,0.0282538625217743,3.7213158101459,15,1,-15,1,7.02559164654968,5.08500037605156,2.07944154167984,2.77258872223978
17563,392.38,2,128,235.1,196.19,577.955555555556,27,0.0455823259278147,3.19202987153228,83.1,3,-83.1,1,5.97477606582175,5.28416773094359,1.09861228866811,4.4320065669789
17564,454.01,3,48.6666666666667,70,151.336666666667,23.9743055555556,38,0.0371236867259803,3.45536632126205,0,0,0,0,6.12031939673142,5.02609298382477,1.38629436111989,0
17565,131.83,1,67,67,131.83,586.080555555556,30,0.0451839100129926,3.24811912620066,0,0,0,0,4.88907011514441,4.88907011514441,0.693147180559945,0
17566,901.21,2,259,288.7,450.605,7.70555555555556,113,0.017373908260087,4.36730041063174,0,0,0,0,6.80484730892972,6.11280790395912,1.09861228866811,0
17567,5298.03,9,345.777777777778,535.4,588.67,6.87638888888889,130,0.0183038311950045,4.42542665174943,318.92,2,-318.92,1,8.57527906392229,6.37956305838695,2.30258509299405,5.76807096453856
17568,382.79,1,283,283,382.79,632.836805555556,61,0.0351668911455513,3.73566276453288,0,0,0,0,5.95009552799705,5.95009552799705,0.693147180559945,0
17569,344.14,1,159,159,344.14,331.940972222222,29,0.0559643778243827,3.10543843599879,0,0,0,0,5.84395013181943,5.84395013181943,0.693147180559945,0
17570,18,1,1,1,18,381.0375,1,1,0,18,1,-100,0.18,2.94443897916644,2.94443897916644,0.693147180559945,2.94443897916644
17571,1710.86,5,204,382.4,342.172,49.9118055555556,291,0.00781665820720241,5.20344833899561,0,0,0,0,7.44533577765694,5.83823177920398,1.79175946922805,0
17572,723.01,10,35.1,64.5,72.301,70.83125,14,0.15957121316074,2.18972846425422,0,0,0,0,6.58480520444503,4.29457425136435,2.39789527279837,0
17573,380.6,3,102.666666666667,171.8,126.866666666667,28.9923611111111,24,0.0467153958583524,3.11895066621323,17.7,1,-17.7,1,5.94437293957413,4.85098805434117,1.38629436111989,2.92852352386054
17574,185.65,1,77,77,185.65,242.16875,8,0.13544516326235,2.03858045831906,0,0,0,0,5.22923520536059,5.22923520536059,0.693147180559945,0
17575,171.7,1,72,72,171.7,666.959722222222,5,0.247915514083869,1.49615791524189,0,0,0,0,5.15155598515263,5.15155598515263,0.693147180559945,0
17576,9057.11,41,115.609756097561,196,220.90512195122,7.7875,420,0.0101724788594113,5.33730957410037,171.15,4,-171.15,1,9.11141576800356,5.40224991192191,3.73766961828337,5.14836618978453
17577,348.75,2,89.5,132.25,174.375,644.992361111111,20,0.0628284014850786,2.89203517803475,0,0,0,0,5.85721861354559,5.16692653842262,1.09861228866811,0
17578,1047.33,7,75.5714285714286,135.3,149.618571428571,217.8,57,0.0287795456197617,3.7837454789966,43.6,3,-43.6,1,6.95495370081114,5.01475062402174,2.07944154167984,3.79773385902602
17579,731.33,4,93.75,126.35,182.8325,4.01527777777778,89,0.0218212239590042,4.10984182744731,8.7,1,-8.7,1,6.59623123204479,5.2140250169236,1.6094379124341,2.27212588550934
17580,545.27,5,44.8,70.8,109.054,252.047916666667,78,0.0336714967556694,3.83475020037773,0,0,0,0,6.30311335901186,4.70097115442688,1.79175946922805,0
17581,18403.75,43,231.906976744186,739.6,427.994186046512,0.0201388888888889,432,0.00685425651793639,5.50727770893032,270.95,10,-510.28,0.530982989731128,9.82036406245545,6.06144336649705,3.78418963391826,5.60561822586897
17582,1450.7,5,121.2,191,290.14,236.022222222222,95,0.0530886232016529,3.57817523852678,17,1,-17,1,7.28049056246738,5.67380425113651,1.79175946922805,2.89037175789616
17583,135.95,1,55,55,135.95,559.976388888889,7,0.144129124987945,1.94155790588002,0,0,0,0,4.91961589570909,4.91961589570909,0.693147180559945,0
17584,5201.4,6,365,963.5,866.9,6.81805555555556,90,0.0248660734997167,4.07694859274768,15,1,-15,1,8.55687533655494,6.7660765006502,1.94591014905531,2.77258872223978
17585,2101.49,7,359.285714285714,611.6,300.212857142857,109.013888888889,301,0.00830435388138645,5.17690835029416,0,0,0,0,7.65087763559322,5.70781718141197,2.07944154167984,0
17586,167.4,1,68,68,167.4,619.026388888889,8,0.169216736681183,1.91743166569,0,0,0,0,5.12634210180823,5.12634210180823,0.693147180559945,0
17587,181.66,1,68,68,181.66,627.940277777778,42,0.0395251195414391,3.45696911746481,0,0,0,0,5.20762650126353,5.20762650126353,0.693147180559945,0
17588,2925.03,7,188.428571428571,322.1,417.861428571429,100.009027777778,43,0.134657968471659,2.86895494162038,37.9,2,-37.9,1,7.9814018344325,6.03754014582248,2.07944154167984,3.6609942506244
17589,14022.02,18,486.888888888889,977.7,779.001111111111,59.8694444444444,627,0.0041083029067564,5.90608261466129,145.05,3,-145.05,1,9.54845554395397,6.65929534418405,2.94443897916644,4.98394902883375
17590,1486.54,3,276,451.6,495.513333333333,1.99652777777778,162,0.0162057282167476,4.58994505513117,0,0,0,0,7.30487902781454,6.20761033777386,1.38629436111989,0
17591,2749.2,8,146.625,261.1,343.65,73.0055555555556,94,0.0406996042857667,3.73280188104381,10.95,1,-10.95,1,7.91942891528884,5.84252940933166,2.19722457733622,2.48073127837752
17592,148.3,1,38,38,148.3,738.084027777778,13,0.0799483378491867,2.54242429546583,148.3,1,-148.3,1,5.00595770454514,5.00595770454514,0.693147180559945,5.00595770454514
17593,8098.92,11,509.727272727273,811,736.265454545455,3.09722222222222,318,0.00553343230418227,5.48854393281438,51.8,4,-51.8,1,8.99960946406855,6.60294800989745,2.484906649788,3.96651119071222
17594,2497.88,4,342,472.8,624.47,84.8861111111111,75,0.0227846875334969,4.02018676673153,0,0,0,0,7.82359791047431,6.43850336712607,1.6094379124341,0
17595,388.79,2,114.5,141.05,194.395,11.8625,68,0.0352082266664241,3.77420320291616,0,0,0,0,5.96560813256276,5.27502315074495,1.09861228866811,0
17596,4843.66,13,556.769230769231,850,372.589230769231,22.94375,278,0.0229566340535805,4.40537876606703,13.35,1,-13.35,1,8.48563234642386,5.92315688037507,2.63905732961526,2.66374994220563
17597,3421.41,5,409.4,897.2,684.282,213.080555555556,111,0.0174395657877736,4.37480104876612,51.85,2,-58.8,0.881802721088435,8.13810026025001,6.52983043237786,1.79175946922805,3.96745771231625
17598,409.98,1,126,126,409.98,380.796527777778,10,0.162745878449186,1.97239038477983,0,0,0,0,6.01854455151172,6.01854455151172,0.693147180559945,0
17599,52.05,1,11,11,52.05,477.041666666667,3,0.341743557375279,1.08548633247161,7.5,2,-7.5,1,3.97123486505999,3.97123486505999,0.693147180559945,2.14006616349627
17600,164.42,1,144,144,164.42,17.1298611111111,13,0.0909111038672119,2.46695715546129,0,0,0,0,5.10848769426376,5.10848769426376,0.693147180559945,0
17601,421.48,2,149.5,191.35,210.74,238.825,69,0.0354556613364283,3.70002618932776,0,0,0,0,6.04614210839868,5.35535910691523,1.09861228866811,0
17602,7409.15,14,424,901.35,529.225,1.95625,462,0.00916294358901809,5.52801503446904,91.75,4,-113.7,0.806948109058927,8.91060596100023,6.27330144476141,2.70805020110221,4.52990770148754
17603,1579.48,4,160,290.45,394.87,77.9805555555556,103,0.0231572611559879,4.26596325770356,709.1,7,-1673.47,0.423730332781586,7.36548387735226,5.98108587452959,1.6094379124341,6.56540580518805
17604,945.93,6,102.666666666667,123.25,157.655,217.004861111111,142,0.0140417989253124,4.58362625735957,0,0,0,0,6.8532251728194,5.06673203344813,1.94591014905531,0
17605,160.75,1,71,71,160.75,589.961805555556,13,0.221600922967524,1.98205900706638,0,0,0,0,5.08605193338101,5.08605193338101,0.693147180559945,0
17606,87.3,1,42,42,87.3,736.970833333333,6,0.171360753888121,1.77781219917444,0,0,0,0,4.48074010760991,4.48074010760991,0.693147180559945,0
17607,333.81,1,269,269,333.81,375.985416666667,22,0.0546074842282627,2.99783159716194,0,0,0,0,5.81356320674752,5.81356320674752,0.693147180559945,0
17608,498.79,4,134.75,217.2,124.6975,32.9888888888889,134,0.0127308977880644,4.61037368681306,0,0,0,0,6.21418801019749,4.83387822677471,1.6094379124341,0
17609,1895.31,11,120.454545454545,349,172.300909090909,40.0152777777778,320,0.00898463608235624,5.35974468821926,135.35,3,-135.35,1,7.54766517155966,5.15502944247185,2.484906649788,4.9152251092916
17610,1528.54,5,180.4,267,305.708,539.886111111111,114,0.0141570307032523,4.4922908561673,101.65,3,-101.65,1,7.33272231558636,5.72589615490131,1.79175946922805,4.63132514346494
17611,8372.7,28,191.285714285714,370.9,299.025,6.97291666666667,736,0.00312372699356345,6.16886095124063,166.6,7,-166.6,1,9.0328511207642,5.70386580451751,3.36729582998647,5.12158018804798
17612,5436,18,195.611111111111,332.7,302,52.9520833333333,232,0.00779956755470439,5.19460568592392,238.96,14,-238.72,1.00100536193029,8.60098271714592,5.71373280550937,2.94443897916644,5.48047224278489
17613,4564.43,14,178.285714285714,398.75,326.030714285714,22.0826388888889,211,0.0150977665859371,4.8071186597082,49.78,3,-49.78,1,8.42626798355467,5.79005409396559,2.70805020110221,3.92750257627653
17614,390.17,1,238,238,390.17,56.9090277777778,97,0.016602451907076,4.31894253315365,0,0,0,0,5.96914224810349,5.96914224810349,0.693147180559945,0
17615,733.2,6,64.3333333333333,108,122.2,129.988888888889,47,0.0584047043667216,3.24916993325147,7.5,1,-7.5,1,6.59878147106273,4.81380905109942,1.94591014905531,2.14006616349627
17616,1020,4,100,213.6,255,173.152083333333,1,1,0,0,0,0,0,6.92853781816467,5.54517744447956,1.6094379124341,0
17617,395.33,1,255,255,395.33,558.043055555556,18,0.0639502675920821,2.8187161958207,158.05,1,-158.05,1,5.98224719755837,5.98224719755837,0.693147180559945,5.06921861819515
17618,4007.39,11,165.454545454545,313,364.308181818182,5.04166666666667,218,0.00837361925180633,5.03284591682164,25.3,2,-25.3,1,8.29614494342006,5.90074133108171,2.484906649788,3.26956893918372
17619,218.52,1,127,127,218.52,311.938888888889,71,0.0256467266907201,3.95486544614783,0,0,0,0,5.39144334453752,5.39144334453752,0.693147180559945,0
17620,81.44,1,60,60,81.44,59.0708333333333,4,0.306433123231731,1.26258333535134,0,0,0,0,4.41207075602226,4.41207075602226,0.693147180559945,0
17621,3175.12,6,185,443,529.186666666667,20.81875,62,0.0426069230539866,3.63892751241257,145.8,2,-145.8,1,8.06341560502857,6.27322914579573,1.94591014905531,4.98907111618042
17622,1130.21,2,189.5,242.15,565.105,597.051388888889,19,0.0639981511121965,2.842782876453,5.04,1,-5.04,1,7.03104313527297,6.33877957336538,1.09861228866811,1.79840401194672
17623,2381.72,7,114.428571428571,243.4,340.245714285714,32.0541666666667,134,0.0168567975351441,4.46509457947535,0,0,0,0,7.7759979712443,5.8326027875506,2.07944154167984,0
17624,1564.68,4,239.5,305.85,391.17,14.0819444444444,93,0.0130113907364963,4.43565122754928,0,0,0,0,7.35607551339671,5.97169541925069,1.6094379124341,0
17625,6069.18,8,443.875,942.2,758.6475,17.9680555555556,449,0.00637104363375326,5.59821141571852,0,0,0,0,8.71114353765012,6.63285450989509,2.19722457733622,0
17626,254,1,202,202,254,602.065972222222,18,0.0669327546655093,2.78037922529581,0,0,0,0,5.54126354515843,5.54126354515843,0.693147180559945,0
17627,307.84,1,596,596,307.84,478.099305555556,9,0.138935008830896,2.0811176756615,11.25,1,-11.25,1,5.73282334344062,5.73282334344062,0.693147180559945,2.50552593699074
17628,75.75,1,79,79,75.75,80.9368055555556,5,0.206007254190766,1.59504616795531,0,0,0,0,4.34055338646731,4.34055338646731,0.693147180559945,0
17629,2469.42,10,190.3,338.7,246.942,5.07916666666667,129,0.0216787680364275,4.37450272562377,30,1,-30,1,7.81214345565261,5.51319484784516,2.39789527279837,3.43398720448515
17630,481.65,2,79,108.7,240.825,169.077777777778,24,0.0503837347846492,3.08421465278305,0,0,0,0,6.17929175329462,5.48821432406861,1.09861228866811,0
17631,999.69,7,84.4285714285714,142.4,142.812857142857,1.12708333333333,68,0.0162384960070049,4.16586998899817,0,0,0,0,6.90844504104158,4.96851285118481,2.07944154167984,0
17633,2057.39,7,128.428571428571,205,293.912857142857,30.9756944444444,84,0.023569293257582,4.15696946562362,82.5,2,-82.5,1,7.62967940281349,5.68667991318505,2.07944154167984,4.42484663185681
17634,2361.97,9,93.3333333333333,151,262.441111111111,35.9868055555556,209,0.0121124590282479,4.89096682364005,0,0,0,0,7.76767458138054,5.57382985576006,2.30258509299405,0
17635,1197.78,3,256.666666666667,275,399.26,423.943055555556,63,0.0208860864817961,4.02689240561335,8.75,1,-8.75,1,7.08905965195332,5.99211433594948,1.38629436111989,2.27726728500976
17636,285.56,1,182,182,285.56,18.9236111111111,20,0.053494976024972,2.95799657077021,19.63,1,-19.63,1,5.6579479383124,5.6579479383124,0.693147180559945,3.02674632708316
17637,547.06,2,140,207.5,273.53,30.9993055555556,35,0.0328102069787245,3.47288279462332,0,0,0,0,6.30638477000562,5.6150605445954,1.09861228866811,0
17638,702,2,180,234,351,646.929166666667,2,0.555555555555556,0.636514168294813,0,0,0,0,6.55535689181067,5.8636311755981,1.09861228866811,0
17639,615.77,6,96,283.75,102.628333333333,275.894444444444,59,0.0285340276412083,3.77245486124809,0,0,0,0,6.42449618293395,4.64081078020791,1.94591014905531,0
17640,3170.86,6,282,412,528.476666666667,86.1923611111111,48,0.0978414062388042,3.00083746404577,61.35,2,-61.35,1,8.06207344558903,6.27188909734088,1.94591014905531,4.13276367212605
17642,1824.49,5,295,426.4,364.898,119.19375,92,0.0154920488855751,4.34611114322826,0,0,0,0,7.50960372312944,5.90235460603591,1.79175946922805,0
17643,541.25,2,148.5,154.35,270.625,372.925,30,0.0395802548416174,3.32017961385276,0,0,0,0,6.29572714970698,5.60442243857659,1.09861228866811,0
17644,6028.6,20,173.45,321.95,301.43,0.963194444444444,171,0.0119484137025779,4.76915540508429,164.06,8,-164.06,1,8.70443595252926,5.71184984573396,3.04452243772342,5.10630904416454
17646,4087.84,12,118.166666666667,186.45,340.653333333333,219.022916666667,128,0.0171046654018403,4.50492266861311,55.63,4,-55.63,1,8.31601659022758,5.83379657775268,2.56494935746154,4.03653888012571
17647,331.66,3,27.3333333333333,33.6,110.553333333333,64.925,12,0.138492403062796,2.23622818197138,0,0,0,0,5.80712094736239,4.71450280239832,1.38629436111989,0
17648,2216.37,5,190.8,413.2,443.274,60.1729166666667,114,0.0124485932418491,4.57181746719071,7.95,1,-7.95,1,7.70407708788802,6.09644148921088,1.79175946922805,2.19165353228676
17649,1578.89,3,241,391.2,526.296666666667,137.914583333333,91,0.01211607174533,4.46303236784395,36.45,2,-36.45,1,7.36511050334425,6.26776332500434,1.38629436111989,3.62300670996323
17650,166.08,1,150,150,166.08,20.9152777777778,8,0.147538171067359,1.98995113858161,0,0,0,0,5.11847273962897,5.11847273962897,0.693147180559945,0
17651,5740.92,16,255.375,621.25,358.8075,11.0979166666667,210,0.00818442229109966,5.07947170278647,70.93,6,-70.93,1,8.65554892815623,5.88556916621302,2.83321334405622,4.27569342387926
17652,4869.76,12,209.083333333333,410.05,405.813333333333,24.9965277777778,121,0.0142235485560013,4.50956314377477,131.67,6,-130.59,1.00827015851137,8.4910052613958,6.00835443977625,2.56494935746154,4.88786484192883
17653,988.52,4,239.25,321.4,247.13,36.0027777777778,44,0.0328038163963764,3.59802362848863,31.68,1,-31.68,1,6.89721997706675,5.51395280237193,1.6094379124341,3.4867632699918
17654,117.55,1,41,41,117.55,276.98125,22,0.073679426530716,2.82900857438894,0,0,0,0,4.77533481251141,4.77533481251141,0.693147180559945,0
17655,3612.58,9,171.333333333333,440,401.397777777778,10.0527777777778,75,0.035749120289627,3.79496890474657,67.2,1,-67.2,1,8.19245424967819,5.99744109634925,2.30258509299405,4.22244456484942
17656,1687.65,5,279.8,774.4,337.53,73.0319444444444,68,0.0291613949147454,3.87624177567909,0,0,0,0,7.4316846721251,5.82461271471772,1.79175946922805,0
17657,126,1,60,60,126,429.956944444444,7,0.149251700680272,1.92128663620841,0,0,0,0,4.84418708645859,4.84418708645859,0.693147180559945,0
17658,595.42,2,308,390.8,297.71,25.0298611111111,17,0.0775937285980171,2.67422996844811,109.54,1,-109.54,1,6.39094511686889,5.6994732030681,1.09861228866811,4.70537744640512
17659,3813.56,14,129.714285714286,396.4,272.397142857143,16.9729166666667,150,0.0119850011630767,4.75002247963668,50.66,3,-50.66,1,8.24658060285998,5.61092547382245,2.70805020110221,3.94468378766769
17660,359.47,2,134,137.6,179.735,141.009027777778,75,0.0360212924909993,3.84656234956871,0,0,0,0,5.88740873550909,5.19703187004335,1.09861228866811,0
17662,412.92,2,92,167.6,206.46,661.133333333333,14,0.116459828691832,2.38215817416016,0,0,0,0,6.02567271843772,5.33493855000368,1.09861228866811,0
17663,4951.93,17,129.470588235294,262,291.29,25.1625,155,0.0140296484663898,4.66565121512114,94.79,6,-94.79,1,8.50773459963959,5.67774646010536,2.89037175789616,4.5621582953948
17664,1166.23,4,264.5,383.95,291.5575,18.05625,69,0.0212408948289046,4.05477901173925,0,0,0,0,7.06238869941425,5.67866122854894,1.6094379124341,0
17665,511.74,1,594,594,511.74,493.026388888889,19,0.0976152606514138,2.68365735824665,0,0,0,0,6.23976889408069,6.23976889408069,0.693147180559945,0
17666,2047.8,5,310.4,442.4,409.56,3.15555555555556,30,0.0658668747208348,3.03074951361041,0,0,0,0,7.62500953488532,6.01752208142727,1.79175946922805,0
17667,3951.96,9,244.222222222222,459.8,439.106666666667,65.9708333333333,147,0.0109791122735586,4.7691368193597,66.9,3,-66.9,1,8.28221994434845,6.08701712177472,2.30258509299405,4.21803603456465
17668,347.75,2,46.5,60.45,173.875,0.975694444444444,14,0.0855114707312749,2.55091808024769,0,0,0,0,5.85435533313558,5.16407143298565,1.09861228866811,0
17669,6142.35,10,350.5,646.049999999999,614.235,42.20625,95,0.0391273196593239,3.75520352404294,0,0,0,0,8.72312547496007,6.42200430864076,2.39789527279837,0
17670,205.7,1,110,110,205.7,227.193055555556,11,0.0986944989529097,2.35824375657342,0,0,0,0,5.33126846668772,5.33126846668772,0.693147180559945,0
17671,2345.82,5,227.4,347,469.164,15.0201388888889,54,0.037427969021812,3.61678084904315,288.63,2,-288.63,1,7.76081649925845,6.15308157001025,1.79175946922805,5.66860424630659
17672,5681.74,7,394,925.8,811.677142857143,49.9805555555556,183,0.00979958597607543,4.94565158815358,71.55,2,-71.55,1,8.64518878976664,6.70033391241858,2.07944154167984,4.2842759793302
17673,4244.38,13,256.769230769231,468.6,326.490769230769,1,194,0.0284894836823395,4.56076747051645,17.25,2,-17.25,1,8.35358661181795,5.79145986912318,2.63905732961526,2.9041650800285
17674,800.82,2,486.5,633.65,400.41,74.0104166666667,19,0.180720375236421,2.16706115154486,0,0,0,0,6.68688414377359,5.9949833488571,1.09861228866811,0
17675,37858.2,70,233.942857142857,468.4,540.831428571429,0.782638888888889,364,0.0179830829935172,4.84529886038729,591.81,20,-653.76,0.905240455212922,10.5416292940593,6.29495493566782,4.26267987704132,6.38487394293541
17676,2765.84,10,193.2,330.85,276.584,3.89861111111111,92,0.0194467592768262,4.21210553095926,43.32,3,-43.32,1,7.92546115375652,5.62612359008397,2.39789527279837,3.79143604243903
17677,36695.07,54,406.222222222222,1065.7,679.538333333333,1.12083333333333,380,0.0145904453921487,4.97872545679036,826.28,37,-826.28,1,10.51042494384,6.52288415163405,4.00733318523247,6.71814321087672
17678,595.86,2,184,204.7,297.93,263.040277777778,27,0.042991926743427,3.2182292008151,18,1,-19.95,0.902255639097744,6.39168258002916,5.70020943226942,1.09861228866811,2.94443897916644
17679,3555.66,7,250.714285714286,574.2,507.951428571429,52.2548611111111,68,0.0264402604771163,3.91675475988163,411.05,4,-411.05,1,8.17657718121169,6.23235258679377,2.07944154167984,6.02114470120939
17680,427.7,3,51.6666666666667,90,142.566666666667,23.0055555555556,20,0.070613876147184,2.83751306590444,18,1,-34.95,0.515021459227468,6.06075737360393,4.96679950339195,1.38629436111989,2.94443897916644
17681,731.2,5,90,162.4,146.24,596.852777777778,12,0.129666649110123,2.22123572237384,201.6,1,-201.6,1,6.59605370068614,4.99206390851082,1.79175946922805,5.31123359181458
17682,4456.78,11,226.454545454545,399,405.161818181818,9.86875,91,0.026620546379822,3.98213057182529,15,1,-15,1,8.40240616324401,6.00675164714532,2.484906649788,2.77258872223978
17683,821.89,3,260.333333333333,409.1,273.963333333333,385.110416666667,41,0.0408312580002465,3.49443183393807,0,0,0,0,6.71282253439298,5.61663775544356,1.38629436111989,0
17684,239.89,1,145,145,239.89,43.1111111111111,15,0.0737007744637555,2.64992441213114,0,0,0,0,5.4843403977588,5.4843403977588,0.693147180559945,0
17685,5943.89,12,321.166666666667,751.55,495.324166666667,16.0513888888889,127,0.0636444889560081,3.81938073730787,15,2,-15,1,8.69028730601005,6.20722927507436,2.56494935746154,2.77258872223978
17686,8296.81,9,398.111111111111,688.6,921.867777777778,6.88263888888889,295,0.00556813117224903,5.44348657919375,0,0,0,0,9.02374690354704,6.82748597156274,2.30258509299405,0
17687,432.68,1,210,210,432.68,420.055555555556,26,0.0428979133549306,3.20379370254942,0,0,0,0,6.07230693495208,6.07230693495208,0.693147180559945,0
17688,304.2,1,114,114,304.2,393.089583333333,19,0.0557204073931429,2.92072670394623,17.7,1,-17.7,1,5.7209672994103,5.7209672994103,0.693147180559945,2.92852352386054
17689,317.08,2,150,177,158.54,387.977777777778,19,0.0842232568478524,2.70024963254212,0,0,0,0,5.76230292346821,5.07229467448298,1.09861228866811,0
17690,7004.25,20,156.3,367.45,350.2125,29.8979166666667,243,0.0100158953513161,5.07576022153236,9.5,1,-9.5,1,8.854415146928,5.8613914533827,3.04452243772342,2.35137525716348
17691,780.05,4,93.25,123.65,195.0125,357.8125,37,0.034753322902581,3.48321772092703,10.2,1,-10.2,1,6.66063916827702,5.27817843270715,1.6094379124341,2.41591377830105
17692,2978.44,12,194.833333333333,382.35,248.203333333333,126.992361111111,91,0.0192629548636112,4.20475586267698,13.4,2,-13.4,1,7.99949064237729,5.51826916296081,2.56494935746154,2.66722820658195
17693,204.79,1,231,231,204.79,136.918055555556,16,0.0688476393949079,2.71472688925416,13.45,2,-13.45,1,5.32685623135446,5.32685623135446,0.693147180559945,2.67069441455844
17694,1695.97,3,497.666666666667,718.1,565.323333333333,141.076388888889,55,0.0307495131242424,3.73863399462081,0,0,0,0,7.43659958682222,6.33916517540237,1.38629436111989,0
17695,1748.92,5,361.8,554.6,349.784,131.131944444444,45,0.0798245793314232,3.23266290957932,25.5,1,-25.5,1,7.46732535158692,5.86017064942365,1.79175946922805,3.27714473299218
17696,7681.05,27,218.185185185185,420.4,284.483333333333,37.9631944444444,195,0.0132730770141661,4.78892932183718,298.7,21,-298.7,1,8.94664171760636,5.65418365027588,3.3322045101752,5.70278197432262
17697,338.95,1,93,93,338.95,235.923611111111,19,0.0590371099314651,2.89235849148487,0,0,0,0,5.82879854797247,5.82879854797247,0.693147180559945,0
17698,154.95,1,93,93,154.95,260.052777777778,8,0.133901670807215,2.04479828428658,0,0,0,0,5.04953544305381,5.04953544305381,0.693147180559945,0
17699,442,2,104,104,221,476.174305555556,17,0.163271457382117,2.38245681465703,0,0,0,0,6.09356977004514,5.40267738187228,1.09861228866811,0
17700,6551.02,14,247.785714285714,377.95,467.93,16.0409722222222,262,0.0232851988706199,5.02263164783975,49.1,3,-49.1,1,8.7875286780313,6.15045350357549,2.70805020110221,3.91402100809082
17701,417.95,1,109,109,417.95,252.059027777778,24,0.0434494893662679,3.15993321935409,0,0,0,0,6.03775158105929,6.03775158105929,0.693147180559945,0
17702,3153.64,6,358.833333333333,495.25,525.606666666667,29.8659722222222,122,0.0255454984893932,4.26766704067698,232.25,3,-232.25,1,8.05662966386901,6.26645390681243,1.94591014905531,5.45211083972745
17703,1094.84,4,224.25,293.05,273.71,34.8743055555556,64,0.0210325880448003,4.00006026424318,0,0,0,0,6.99927647144959,5.61571599578775,1.6094379124341,0
17704,885.67,2,171.5,174.65,442.835,168.173611111111,27,0.0785134184842745,2.92728725416229,0,0,0,0,6.78747287249907,6.09545287174218,1.09861228866811,0
17705,2083.9,11,118.272727272727,220.5,189.445454545455,2.96180555555556,78,0.0248746878513999,4.02305443118895,42.4,1,-42.4,1,7.64247617145201,5.24936582572173,2.484906649788,3.77045944110636
17706,20598.68,31,259.645161290323,915,664.473548387097,3.96944444444444,430,0.00464421179781869,5.70530317815625,1110.23,12,-1206.08,0.920527659856726,9.93303082067644,6.50049889006867,3.46573590279973,7.01322278891587
17707,609.3,8,68.25,97.5,76.1625,184.949305555556,10,0.318746043901991,1.62991723907399,4.25,1,-4.25,1,6.41395063955045,4.34591358772001,2.19722457733622,1.65822807660353
17708,888.43,4,97,161.45,222.1075,187.151388888889,57,0.0270961735605024,3.77146846273896,0,0,0,0,6.79058080811263,5.40765371808545,1.6094379124341,0
17709,617.11,5,59,111.4,123.422,169.079861111111,37,0.0320692061969572,3.52784768082183,0,0,0,0,6.42666643514623,4.82367901354376,1.79175946922805,0
17710,293.5,1,158,158,293.5,423.250694444444,20,0.0571231561748155,2.93088747072488,0,0,0,0,5.68527900309164,5.68527900309164,0.693147180559945,0
17711,385.58,2,123,137.4,192.79,10.0486111111111,22,0.0540398665312602,2.99404192200993,0,0,0,0,5.95733883237861,5.26677509853816,1.09861228866811,0
17712,479.01,1,215,215,479.01,44.0569444444444,29,0.038961529302318,3.30784921060838,0,0,0,0,6.17380693701826,6.17380693701826,0.693147180559945,0
17713,1192.14,4,247.25,300.15,298.035,381.833333333333,55,0.034786408978147,3.68906257812882,0,0,0,0,7.08434376642822,5.70056062339625,1.6094379124341,0
17714,1409.23,5,121.6,221.8,281.846,320.095833333333,69,0.0200096848578835,4.09623318159669,33.6,4,-33.6,1,7.25150809063688,5.64490257991791,1.79175946922805,3.54385368206368
17715,204,2,120,120,102,200.054166666667,1,1,0,0,0,0,0,5.32300997913841,4.63472898822964,1.09861228866811,0
17716,15955.07,24,367.458333333333,1010.15,664.794583333333,22.0347222222222,349,0.0112982060016292,5.22399980082881,285.65,3,-285.65,1,9.6775946000801,6.50098118953158,3.2188758248682,5.65826195935439
17717,376.92,1,344,344,376.92,421.038888888889,26,0.0571893399304352,3.08395686340109,0,0,0,0,5.934682533009,5.934682533009,0.693147180559945,0
17718,439.18,2,137,185.6,219.59,232.007638888889,22,0.0586709281581966,2.96693193397053,52.2,1,-52.2,1,6.08718373416653,5.39630577487624,1.09861228866811,3.9740583963476
17719,5397.73,15,164.4,456.8,359.848666666667,37.0930555555556,111,0.0231011797594277,4.19484754319612,28.24,3,-28.24,1,8.59391901970681,5.88845866453201,2.77258872223978,3.37553763488158
17720,2743.01,10,161.3,288.45,274.301,25.9069444444444,82,0.0513166970684092,3.80305122978162,53.85,2,-53.85,1,7.917175633154,5.61786504454298,2.39789527279837,4.00460218672124
17721,307.21,1,107,107,307.21,658.897222222222,11,0.12587265783737,2.2216505715725,0,0,0,0,5.73078136882298,5.73078136882298,0.693147180559945,0
17722,4415.24,5,582.6,1001.6,883.048,95.9361111111111,163,0.0149021415217259,4.7354994143016,43.42,2,-43.4,1.00046082949309,8.39304393430623,6.78451135980606,1.79175946922805,3.79368981846628
17723,2797.4,7,110.285714285714,125.6,399.628571428571,126.800694444444,6,0.821118443082986,0.457953418694751,0,0,0,0,7.93680310426434,5.9930347422775,2.07944154167984,0
17724,1033,3,100,111.8,344.333333333333,70.9333333333333,38,0.0448409083028688,3.42417688159682,37.35,1,-37.35,1,6.94119005506837,5.84451013415132,1.38629436111989,3.64675452781327
17725,3440.04,11,196.545454545455,248,312.730909090909,15.8444444444444,115,0.0143116894267316,4.48788196871093,67.95,3,-67.95,1,8.14352903025767,5.74853564107569,2.484906649788,4.23338160423931
17726,1092.06,7,63.4285714285714,104.5,156.008571428571,394.967361111111,53,0.025845123175221,3.8225072241043,2.5,1,-2.5,1,6.99673638145487,5.05630039894449,2.07944154167984,1.25276296849537
17727,1060.25,1,645,645,1060.25,14.8222222222222,66,0.0161194898210455,4.15715406287958,17.7,1,-17.7,1,6.96720273762556,6.96720273762556,0.693147180559945,2.92852352386054
17728,4238.76,5,429.2,924,847.752,3.16527777777778,201,0.00618690615224419,5.19833248040403,50.6,3,-377.63,0.133993591610836,8.35226194285037,6.74376703527661,1.79175946922805,3.94352167248752
17729,438.65,1,247,247,438.65,595.949305555556,23,0.0488467376089886,3.07440811686801,0,0,0,0,6.08597895582501,6.08597895582501,0.693147180559945,0
17730,7773.8,20,265,540.15,388.69,2.87986111111111,181,0.0190879935959933,4.58157388957388,16.45,3,-16.45,1,8.95864301324391,5.96535155125073,3.04452243772342,2.85933964864844
17731,1708.99,6,117.833333333333,165.25,284.831666666667,78.95,83,0.0178831427821224,4.23838172531722,361.91,1,-361.91,1,7.44424280152639,5.6554030594512,1.94591014905531,5.89415486963987
17732,2465.49,8,143.875,262.05,308.18625,372.139583333333,92,0.0163681385494639,4.34053054519901,22.25,2,-22.25,1,7.81055136633758,5.7339438461255,2.19722457733622,3.14630513203337
17733,692.19,2,231.5,361.55,346.095,38.1902777777778,33,0.053063343345182,3.2475755568483,0,0,0,0,6.54130413188627,5.8495985176934,1.09861228866811,0
17734,1442.32,6,123.5,241.75,240.386666666667,53.0534722222222,77,0.0173355937450489,4.20519852537598,0,0,0,0,7.27470129441047,5.48640007377706,1.94591014905531,0
17735,17045.36,26,419.269230769231,629.75,655.590769230769,1.83541666666667,395,0.00617266101330827,5.50362449049501,82.35,3,-82.35,1,9.74369197018341,6.48706094653244,3.29583686600433,4.4230486091968
17736,355.49,3,79.3333333333333,194.1,118.496666666667,8.88472222222222,24,0.0570418895526044,3.01560537771993,18,1,-39.95,0.450563204005006,5.87630618897004,4.78328847697973,1.38629436111989,2.94443897916644
17737,168.24,2,54,56.7,84.12,8.89861111111111,8,0.146582933286664,2.00432020224547,0,0,0,0,5.13131782585187,4.44406202559333,1.09861228866811,0
17738,4173.96,13,211.692307692308,330,321.073846153846,18.90625,176,0.00968616575635534,4.95476867270487,38.2,2,-38.2,1,8.33686005640074,5.77478085513247,2.63905732961526,3.66867674679642
17739,7705.15,18,128.388888888889,167.8,428.063888888889,11.1513888888889,66,0.0338454700894034,3.71782528130537,12.45,2,-12.45,1,8.94977399034833,6.06160583298869,2.94443897916644,2.59897910604785
17740,426.9,6,37,66,71.15,388.845138888889,5,0.273781707901857,1.39561234294761,0,0,0,0,6.05888952342277,4.27874728521988,1.94591014905531,0
17741,101.1,2,57,59.7,50.55,406.077083333333,6,0.194251952557476,1.71811458080921,0,0,0,0,4.62595272517062,3.94255221046297,1.09861228866811,0
17742,2001.83,11,59.3636363636364,96.5,181.984545454545,112.931944444444,52,0.0372063106265001,3.59454579862206,0,0,0,0,7.60231645937296,5.20940169820717,2.484906649788,0
17743,229.2,1,96,96,229.2,447.955555555556,3,0.350055508346811,1.07182553484215,20.35,1,-20.35,1,5.43894849628778,5.43894849628778,0.693147180559945,3.06105173967463
17744,2660.42,7,542.285714285714,957.6,380.06,3.02708333333333,120,0.0161103482102004,4.43677750586676,31.32,1,-31.32,1,7.88661509392322,5.94295684304294,2.07944154167984,3.47568623365289
17745,588.64,2,82,111.7,294.32,477.055555555556,27,0.0500824524192428,3.16110624829638,0,0,0,0,6.37951218117908,5.68805951419096,1.09861228866811,0
17746,904.18,4,172,316.45,226.045,239.971527777778,32,0.0496759667503811,3.23731255410322,30.75,3,-30.75,1,6.80813381895056,5.42514823572033,1.6094379124341,3.4578927253387
17747,71.4,1,12,12,71.4,112.234027777778,1,1,0,6.75,1,-6.75,1,4.28220629939167,4.28220629939167,0.693147180559945,2.04769284336526
17748,358.15,1,111,111,358.15,527.000694444444,17,0.0831237955593733,2.68561349318414,0,0,0,0,5.88374012852081,5.88374012852081,0.693147180559945,0
17749,1026.18,3,148.666666666667,243.9,342.06,177.920138888889,52,0.0286273302343543,3.78851655057749,0,0,0,0,6.93457246234116,5.83790535898168,1.38629436111989,0
17750,1801.19,9,439.666666666667,667.8,200.132222222222,4.94513888888889,101,0.0467466450230855,3.71879550095323,0,0,0,0,7.49675787101182,5.30396251379013,2.30258509299405,0
17751,158.74,1,147,147,158.74,420.995138888889,31,0.0788148206752721,2.9452840954506,0,0,0,0,5.07354749348924,5.07354749348924,0.693147180559945,0
17752,50.4,1,120,120,50.4,358.854861111111,1,1,0,0,0,0,0,3.93963817246112,3.93963817246112,0.693147180559945,0
17753,390.56,4,32,72.6,97.64,463.917361111111,62,0.102681712209874,3.18731992390297,2.5,1,-2.5,1,5.97013876039323,4.59147685885609,1.6094379124341,1.25276296849537
17754,4604.87,13,339.769230769231,568,354.220769230769,0.0625,190,0.0365108811274598,4.27550032866222,68.14,3,-68.14,1,8.43508685592674,5.87273948134207,2.63905732961526,4.23613343449348
17756,733.78,3,133.333333333333,142.3,244.593333333333,375.020833333333,54,0.0427661276695045,3.48624941993941,0,0,0,0,6.59957113467985,5.50367705149632,1.38629436111989,0
17757,9259.55,56,88.0892857142857,200,165.349107142857,0.888194444444444,396,0.0100805095982359,5.23909871110525,79.61,4,-79.61,1,9.13351872112478,5.11408863510928,4.04305126783455,4.38962271129551
17758,5025.01,12,269.666666666667,496.45,418.750833333333,18.9201388888889,409,0.00610592420797531,5.60827538808146,0,0,0,0,8.52238170775536,6.03966128126439,2.56494935746154,0
17759,1278.65,5,195.2,548.6,255.73,16.8666666666667,114,0.0190749127407248,4.27570763786994,0,0,0,0,7.15434188202281,5.5480249489878,1.79175946922805,0
17760,918.93,6,116,290.75,153.155,21.0791666666667,58,0.0467170204199979,3.48934427795079,7.25,1,-7.25,1,6.82429758019181,5.03795858974515,1.94591014905531,2.11021320034659
17761,712.78,1,398,398,712.78,32.1020833333333,19,0.117408901089285,2.51287006529598,0,0,0,0,6.57057479161056,6.57057479161056,0.693147180559945,0
17762,129.75,1,129,129,129.75,455.840277777778,16,0.0855786843678186,2.58914865340628,0,0,0,0,4.87328710294503,4.87328710294503,0.693147180559945,0
17763,86.15,4,10.25,13.7,21.5375,262.934027777778,11,0.151455723981542,2.13626146258822,35,1,-35,1,4.46763077196603,3.11518058852944,1.6094379124341,3.58351893845611
17764,1624.18,5,145.8,227.2,324.836,50.1159722222222,127,0.0256057475407873,4.15652924953774,0,0,0,0,7.39337385786015,5.78639418730114,1.79175946922805,0
17765,508.85,4,49.25,58.95,127.2125,158.047916666667,73,0.02219096947187,4.02136458582904,0,0,0,0,6.23411656481023,4.85368904363353,1.6094379124341,0
17766,299.61,2,77.5,131.05,149.805,380.93125,21,0.0636771897455544,2.87425063521197,0,0,0,0,5.70581374356528,5.01598761152287,1.09861228866811,0
17767,413.05,2,99,125.1,206.525,14.9222222222222,35,0.0448637039372227,3.27017086704404,0,0,0,0,6.02598673947971,5.3352518143411,1.09861228866811,0
17768,3509.51,7,347.571428571429,643.3,501.358571428571,7.97777777777778,137,0.0177766796417603,4.44572094454687,4.95,1,-4.95,1,8.16351660505031,6.21931415042539,2.07944154167984,1.78339121955754
17769,7103.08,17,186.823529411765,350.4,417.828235294118,12.0638888888889,342,0.00951401822347145,5.21514805667059,108.42,4,-108.42,1,8.86842454586986,6.03746089624174,2.89037175789616,4.69519368863568
17770,1143.27,5,73,196.4,228.654,198.052777777778,33,0.0664131889648854,3.03245533658746,0,0,0,0,7.04252215807884,5.43657382842982,1.79175946922805,0
17771,388.27,4,93.25,166.95,97.0675,56.0881944444444,63,0.0294339817356353,3.8205261777602,0,0,0,0,5.96427319025479,4.58565601708379,1.6094379124341,0
17772,384.77,3,40.6666666666667,62.9,128.256666666667,10.0729166666667,94,0.019374074709006,4.24510725828919,0,0,0,0,5.95524133695046,4.8618000916844,1.38629436111989,0
17773,585.27,2,130,155.2,292.635,513.988194444444,48,0.0363633885737702,3.54220520838022,0,0,0,0,6.37378043431717,5.6823374994447,1.09861228866811,0
17774,3328.05,9,178.777777777778,356.2,369.783333333333,96.0423611111111,287,0.0079652791252537,5.2266384128272,49.44,4,-382.35,0.129305610043154,8.11044225698762,5.91561788482103,2.30258509299405,3.92078451109672
17775,56.4,1,72,72,56.4,254.125,3,0.338162064282481,1.09113493479705,0,0,0,0,4.05004430332552,4.05004430332552,0.693147180559945,0
17776,338.9,2,138.5,196.55,169.45,386.025,75,0.0260996606015626,3.95089489898094,6.75,1,-6.75,1,5.82865145670207,5.13844199858391,1.09861228866811,2.04769284336526
17777,666.08,3,169,178.4,222.026666666667,24.0333333333333,141,0.0131831473803601,4.6074839329384,0,0,0,0,6.50290997875338,5.4072913457757,1.38629436111989,0
17778,197.7,1,214,214,197.7,661.004166666667,10,0.12500777146594,2.17208105553388,0,0,0,0,5.29179614955777,5.29179614955777,0.693147180559945,0
17779,658.57,3,132.333333333333,233.4,219.523333333333,20.9409722222222,73,0.0301483689412624,3.85884477835619,16.4,2,-16.4,1,6.49158810754073,5.39600350939417,1.38629436111989,2.85647020622048
17780,352.91,3,52.6666666666667,73.8,117.636666666667,666.963194444444,76,0.0239861084114389,4.03248087300024,0,0,0,0,5.86904264352186,4.77606560123358,1.38629436111989,0
17781,188.02,2,17,25.1,94.01,158.909722222222,12,0.28355557799432,1.69718236224392,0,0,0,0,5.24185282956691,4.55398214921866,1.09861228866811,0
17782,679.02,2,269,494.9,339.51,382.065972222222,29,0.0402554979808144,3.29070516081934,0,0,0,0,6.52212220950234,5.83044449373394,1.09861228866811,0
17783,379.91,3,146.333333333333,279.4,126.636666666667,71.9048611111111,91,0.0167785208789619,4.25851944875686,0,0,0,0,5.94256312674981,4.84918768595361,1.38629436111989,0
17784,112.86,1,72,72,112.86,549.904166666667,19,0.0763816444631987,2.73193652393247,0,0,0,0,4.73496962352294,4.73496962352294,0.693147180559945,0
17785,403.38,3,75.6666666666667,89.6,134.46,53.0048611111111,48,0.0440910665135444,3.45580013515139,0,0,0,0,6.00235502993915,4.90867639378676,1.38629436111989,0
17786,278.74,2,100,139.6,139.37,85.0409722222222,57,0.0319561418381404,3.69429966474716,0,0,0,0,5.63386060035116,4.94428179354623,1.09861228866811,0
17787,2601.47,4,316.5,644.65,650.3675,152.101388888889,94,0.020969734369376,4.13616213911938,0,0,0,0,7.86421627304516,6.47907399905831,1.6094379124341,0
17788,1117.9,2,105.5,197.75,558.95,73.1534722222222,3,0.619485797400034,0.588274231383745,0,0,0,0,7.02010133881368,6.3278474940287,1.09861228866811,0
17789,397.15,2,99.5,122.45,198.575,280.983333333333,27,0.0498200471510716,3.12639922077179,0,0,0,0,5.98682881870345,5.29619010553186,1.09861228866811,0
17790,2784.06,20,69.45,131.45,139.203,26.0555555555556,188,0.0283771177394982,4.36442000642873,0,0,0,0,7.93202469611495,4.94309137237441,3.04452243772342,0
17791,106.1,1,46,46,106.1,29.0284722222222,10,0.124893734770871,2.17922395947283,0,0,0,0,4.6737629774537,4.6737629774537,0.693147180559945,0
17792,370.05,2,75.5,104.75,185.025,466.972222222222,45,0.0420142313250942,3.43530512549744,0,0,0,0,5.91633682441614,5.22588107328332,1.09861228866811,0
17793,323.04,1,232,232,323.04,24.9347222222222,49,0.0437107424060332,3.46061060730436,0,0,0,0,5.78086696496229,5.78086696496229,0.693147180559945,0
17794,147.3,2,23,41.9,73.65,686.105555555556,7,0.193007744285116,1.79048230293596,0,0,0,0,4.99923724914389,4.3128105239852,1.09861228866811,0
17795,351.11,2,170.5,188.95,175.555,179.051388888889,43,0.0364381125806232,3.49848771039618,0,0,0,0,5.86394362678014,5.17363244256244,1.09861228866811,0
17796,1361.99,7,54.1428571428571,72.1,194.57,39.8833333333333,149,0.0169870578949924,4.48589159290015,0,0,0,0,7.21743609491246,5.27591837160456,2.07944154167984,0
17797,1985.87,8,136.25,242.7,248.23375,21.9784722222222,223,0.0192576970513114,4.91277898855223,0,0,0,0,7.59431581514727,5.51839121112986,2.19722457733622,0
17798,183.09,1,142,142,183.09,581.088888888889,43,0.0632992239493384,3.24507733419674,0,0,0,0,5.21542476845847,5.21542476845847,0.693147180559945,0
17799,6341.99,20,185.35,411.8,317.0995,21.8986111111111,511,0.0044666186580079,5.81847140602604,125.15,3,-125.15,1,8.75510554509158,5.76236422692111,3.04452243772342,4.83747167508707
17800,1199.01,9,81.7777777777778,110.2,133.223333333333,36.9951388888889,51,0.0681414029778377,3.16931047742834,0,0,0,0,7.0900851690747,4.89950507926997,2.30258509299405,0
17801,798.33,3,279.333333333333,421.8,266.11,450.970833333333,66,0.0249208749626124,3.90238115856747,2.55,1,-2.55,1,6.68377387676887,5.58766055857645,1.38629436111989,1.26694760348732
17802,5053.12,10,278.6,486.75,505.312,81.9541666666667,295,0.0119919938733143,5.03554955165135,137.28,6,-137.28,1,8.52795903123572,6.22715308005782,2.39789527279837,4.92928061505342
17803,184.66,1,98,98,184.66,391.95625,27,0.0513330537343688,3.08676078073557,0,0,0,0,5.22391704397179,5.22391704397179,0.693147180559945,0
17804,385.23,3,65,88.1,128.41,375.950694444444,85,0.0220906721091106,4.12354860217026,5.1,1,-5.1,1,5.95643304693605,4.86298565883358,1.38629436111989,1.80828877117927
17805,481.59,2,215,300.5,240.795,73.0840277777778,10,0.193749242356801,1.82561889107826,0,0,0,0,6.17916743188217,5.48809025972041,1.09861228866811,0
17806,547.96,1,727,727,547.96,10.9430555555556,43,0.0378310320605649,3.48942113394112,0,0,0,0,6.30802557911014,6.30802557911014,0.693147180559945,0
17807,435.92,3,87.3333333333333,110.1,145.306666666667,394.853472222222,88,0.0209025567533391,4.15651010361661,0,0,0,0,6.07975011197534,4.98570487545449,1.38629436111989,0
17808,262.64,4,35.75,71.1,65.66,548.129166666667,28,0.142886470296358,2.61827669726945,0,0,0,0,5.57458453618452,4.19960507287959,1.6094379124341,0
17809,11311.95,20,166.45,495.7,565.5975,15.99375,64,0.0380346394782247,3.55897282668434,107.31,4,-838.54,0.12797242826818,9.33370336622254,6.33964917510288,3.04452243772342,4.68499748584765
17810,361.91,2,59.5,95.05,180.955,668.085416666667,51,0.034412712933303,3.66620929983975,18,1,-29.95,0.601001669449082,5.89415486963987,5.20375940375754,1.09861228866811,2.94443897916644
17811,9608.46,47,113.340425531915,261.4,204.435319148936,3.96111111111111,543,0.00964075921651888,5.40590687901364,161.27,13,-161.27,1,9.17050330891832,5.32513123572555,3.87120101090789,5.08926161455145
17812,1156.08,7,87.4285714285714,232.8,165.154285714286,12.04375,162,0.0193529938177257,4.45241029996872,0,0,0,0,7.05365486914212,5.11291678871582,2.07944154167984,0
17813,1734.03,5,158,490,346.806,13.8590277777778,297,0.00693427263536987,5.29287026023585,56.28,2,-56.28,1,7.45877998329775,5.85164485306523,1.79175946922805,4.04795152265239
17814,1546.76,2,552,642,773.38,374.936805555556,112,0.015317634933138,4.42264819316065,0,0,0,0,7.34456400337023,6.65206270918258,1.09861228866811,0
17815,591.96,1,612,612,591.96,392.924305555556,13,0.0833523358555012,2.52385511350871,0,0,0,0,6.38512694309699,6.38512694309699,0.693147180559945,0
17816,112.32,6,16,31,18.72,36.0527777777778,41,0.0358050722244543,3.50512891005399,0,0,0,0,4.73021567496232,2.98163334917449,1.94591014905531,0
17817,630.85,6,60.8333333333333,135.75,105.141666666667,3.92430555555556,115,0.0167920701953893,4.42816579765441,6.7,1,-6.7,1,6.44865202420469,4.66477467980771,1.94591014905531,2.04122032885964
17818,130.18,1,90,90,130.18,737.052777777778,42,0.0362332845163442,3.51363097607251,0,0,0,0,4.87657042586559,4.87657042586559,0.693147180559945,0
17819,6605.56,12,152.083333333333,387.8,550.463333333333,71.1236111111111,68,0.141492809551636,2.66332574327794,43.8,1,-43.8,1,8.79581837377776,6.31257535114031,2.56494935746154,3.80220813942094
17820,183.56,1,112,112,183.56,373.796527777778,39,0.0519607759105986,3.2712681789479,24.05,2,-24.05,1,5.2179746138655,5.2179746138655,0.693147180559945,3.22087382753087
17821,334.62,1,162,162,334.62,406.020833333333,6,0.172170569530606,1.77615724842563,0,0,0,0,5.81597956757302,5.81597956757302,0.693147180559945,0
17822,2188.5,5,277.8,719.4,437.7,420.002083333333,153,0.0344543538672279,4.19841282942191,0,0,0,0,7.69142848624145,6.08381580817217,1.79175946922805,0
17823,494.25,2,131,152.6,247.125,420.893055555556,88,0.0252959081025112,4.09533203221308,0,0,0,0,6.20506268557866,5.51393265144146,1.09861228866811,0
17824,291.44,1,384,384,291.44,50.9833333333333,13,0.0894036137274837,2.4756109594491,0,0,0,0,5.67825951742511,5.67825951742511,0.693147180559945,0
17825,684.56,4,121.5,233.3,171.14,598.075694444444,24,0.0855363041703349,2.7189353480675,0,0,0,0,6.53023602252437,5.14830809922133,1.6094379124341,0
17826,134.59,1,85,85,134.59,373.977083333333,33,0.0479069048679381,3.26363689783496,0,0,0,0,4.90963562647422,4.90963562647422,0.693147180559945,0
17827,2388.09,6,265.333333333333,580.5,398.015,4.90972222222222,243,0.00841969175713429,5.11379725574738,6.75,1,-6.75,1,7.7786678192826,5.98899901016819,1.94591014905531,2.04769284336526
17828,1381.09,4,166.75,349.2,345.2725,22.1729166666667,54,0.0460887601952178,3.60105678743612,126.12,5,-220.12,0.57296020352535,7.23135212521733,5.84722603733977,1.6094379124341,4.84513152222846
17829,4756.74,5,601.8,1250.8,951.348,298.002777777778,122,0.0135787397692196,4.5366901917245,76.32,1,-76.32,1,8.46752804456108,6.85893051421411,1.79175946922805,4.34795265434013
17830,398.7,3,30.6666666666667,45.9,132.9,1.01527777777778,18,0.0696143517346853,2.78034281448068,0,0,0,0,5.99071426571728,4.89709325269713,1.38629436111989,0
17831,35.4,1,12,12,35.4,32.9034722222222,2,0.5,0.693147180559945,0,0,0,0,3.5945687746427,3.5945687746427,0.693147180559945,0
17832,156.63,1,208,208,156.63,49.0881944444444,61,0.0402290968847705,3.58690832036489,0,0,0,0,5.06025051463845,5.06025051463845,0.693147180559945,0
17833,342.36,1,145,145,342.36,722.965277777778,28,0.0493638661813417,3.15048450354534,0,0,0,0,5.83877945944233,5.83877945944233,0.693147180559945,0
17834,652.26,2,328.5,346.95,326.13,414.070138888889,54,0.0510302383848044,3.37229619560505,0,0,0,0,6.48197521235856,5.79035764541061,1.09861228866811,0
17835,350.64,3,116,157.1,116.88,2.04305555555556,45,0.0454657105218871,3.44406057156294,0,0,0,0,5.86260792498298,4.76966715786949,1.38629436111989,0
17836,110.21,1,88,88,110.21,46.9006944444444,23,0.145673945413299,2.38156083758378,0,0,0,0,4.71142030583075,4.71142030583075,0.693147180559945,0
17837,1593.38,8,64.75,140.75,199.1725,41.9006944444444,111,0.0199037339967921,4.25137496213518,32.85,2,-32.85,1,7.37424022491625,5.29917949480865,2.19722457733622,3.52193899935828
17838,6579.9,13,308.076923076923,652.399999999999,506.146153846154,26.0625,142,0.0170507329060614,4.424647931997,483.35,2,-483.35,1,8.79192679308159,6.22879923393473,2.63905732961526,6.18280778587239
17839,338.8,1,285,285,338.8,41.8493055555556,50,0.0325535939052897,3.59547475682772,0,0,0,0,5.82835720923783,5.82835720923783,0.693147180559945,0
17840,185.72,1,138,138,185.72,443.059722222222,44,0.036775884289463,3.49754111547331,0,0,0,0,5.22961016853825,5.22961016853825,0.693147180559945,0
17841,69096.42,211,176.672985781991,405,327.471184834123,1.02986111111111,2260,0.00626467756181317,6.56962078215061,1272.95,78,-1367.88,0.93060063748282,11.1432726718662,5.79444911667734,5.35658627467201,7.14987758889413
17842,430.69,1,89,89,430.69,601.977083333333,18,0.0684046576996404,2.78968312412789,0,0,0,0,6.06770773805871,6.06770773805871,0.693147180559945,0
17843,330.79,2,138,160.5,165.395,302.886805555556,57,0.0246010409891513,3.8458278334407,0,0,0,0,5.80450223866443,5.11436447985873,1.09861228866811,0
17844,51.56,1,52,52,51.56,106.099305555556,5,0.22176126573182,1.55460319408029,0,0,0,0,3.96195537417635,3.96195537417635,0.693147180559945,0
17845,596.24,4,49,75.55,149.06,554.9375,42,0.0443260164520597,3.40151821719601,0,0,0,0,6.39231904265846,5.01103521411758,1.6094379124341,0
17846,18,1,1,1,18,84.9375,1,1,0,0,0,0,0,2.94443897916644,2.94443897916644,0.693147180559945,0
17847,129.69,2,14.5,17.65,64.845,515.159722222222,9,0.372475980418938,1.47978338879835,0,0,0,0,4.87282810660894,4.18730349516218,1.09861228866811,0
17848,3519.76,30,46.9333333333333,144.3,117.325333333333,80.8756944444444,105,0.0979922513125859,3.14097589895863,12.75,1,-12.75,1,8.16643215437804,4.77343789288814,3.43398720448515,2.62103882411258
17849,866.21,8,28,61.9,108.27625,218.002777777778,26,0.105331038953503,2.56339708848963,0,0,0,0,6.76528116198421,4.69387907971392,2.19722457733622,0
17850,55996.58,155,147,286,361.268258064516,371.890972222222,101,0.0240107032557833,4.12851217605763,896.95,4,-896.95,1,10.9330637544978,5.89238498176508,5.04985600724954,6.80011438746475
17851,1563.34,6,156.333333333333,225,260.556666666667,421.942361111111,184,0.0126114050715974,4.80353717560235,0,0,0,0,7.35521928878354,5.56665095856334,1.94591014905531,0
17852,663.21,5,75.2,144,132.642,11.0097222222222,82,0.0265199911134383,3.94365169152509,0,0,0,0,6.49859836453542,4.89516458295574,1.79175946922805,0
17853,1608.19,3,209,254.8,536.063333333333,406.93125,84,0.0239346764279016,4.03911384492237,0,0,0,0,7.38348622578837,6.28611602672281,1.38629436111989,0
17854,1071.45,6,101.666666666667,294,178.575,184.895138888889,113,0.0303725910486535,4.06198964014462,0,0,0,0,6.9777010296688,5.19059294796087,1.94591014905531,0
17855,417.94,1,394,394,417.94,372.129166666667,17,0.0733584750636357,2.71683316730986,0,0,0,0,6.03772771157762,6.03772771157762,0.693147180559945,0
17856,1212.83,4,166.5,254.05,303.2075,1.13194444444444,12,0.262624674693081,1.78093433525365,24.24,2,-24.24,1,7.10153592886499,5.71771003435361,1.6094379124341,3.22843003767301
17857,10894.96,24,274.083333333333,600,453.956666666667,3.98402777777778,21,0.0859958601996415,2.63379841050271,115.7,2,-115.7,1,9.2961473573106,6.12020217632028,3.2188758248682,4.75960653929251
17858,11733.99,30,154.766666666667,458.549999999999,391.133,5.0375,173,0.0192938952660735,4.36366740399417,50.35,2,-74.35,0.677202420981843,9.37033025613308,5.97160106796037,3.43398720448515,3.93866493637457
17859,148.21,1,127,127,148.21,304.095833333333,23,0.131966164331506,2.42129736184246,0,0,0,0,5.00535470965233,5.00535470965233,0.693147180559945,0
17860,1000.74,4,134.25,207.4,250.185,368.00625,128,0.0211916669283892,4.35351591156285,0,0,0,0,6.90949376693586,5.52618971943533,1.6094379124341,0
17861,5134.17,18,254.111111111111,568.4,285.231666666667,2.85347222222222,344,0.00826376297794387,5.28263356833913,63.1,4,-63.1,1,8.54386822794904,5.65680150623805,2.94443897916644,4.16044436392662
17862,1279.09,4,110.75,153.75,319.7725,323.01875,90,0.0375740718644571,3.81105693079898,0,0,0,0,7.15468566694186,5.7707321491259,1.6094379124341,0
17863,5729.6,12,410.666666666667,650.55,477.466666666667,59.0034722222222,159,0.0131576201561719,4.71455716194297,0,0,0,0,8.65357551626875,6.17058654632786,2.56494935746154,0
17864,924.32,5,224.2,382.4,184.864,12.0659722222222,93,0.0238446978572577,4.15630331295553,0,0,0,0,6.83013962363287,5.22501522347299,1.79175946922805,0
17865,26374.39,46,282.282608695652,645.5,573.356304347826,30.0291666666667,411,0.0159639191845206,5.03033556114521,725.34,16,-725.34,1,10.1801866573989,6.35324994302256,3.85014760171006,6.58801822475665
17866,1134.95,3,178.333333333333,306.3,378.316666666667,142.113194444444,20,0.0866808131775067,2.71759307573167,3.95,1,-3.95,1,7.03522458422794,5.93837138832181,1.38629436111989,1.5993875765806
17867,1265.75,15,33.6,136.2,84.3833333333333,29.9409722222222,119,0.0818864268112363,3.41914369472584,369.95,5,-725.5,0.509924190213646,7.14420984435602,4.4471509217171,2.77258872223978,5.91606728263553
17868,234.65,1,91,91,234.65,385.746527777778,18,0.0763434430840298,2.71126010959655,0,0,0,0,5.46234765336974,5.46234765336974,0.693147180559945,0
17869,988.36,7,80,276.1,141.194285714286,106.898611111111,74,0.0304514288108066,3.84956124380276,0,0,0,0,6.8970582694338,4.9571943317114,2.07944154167984,0
17870,2797.98,13,134.846153846154,255.6,215.229230769231,1.90486111111111,214,0.123829378476522,3.60602992370304,4.95,1,-4.95,1,7.93701034408085,5.37633909851396,2.63905732961526,1.78339121955754
17871,1125.47,5,142.6,179.4,225.094,204.095833333333,67,0.0398517577188812,3.59907049958878,0,0,0,0,7.02684412835923,5.42095084200125,1.79175946922805,0
17872,235.87,1,176,176,235.87,381.033333333333,15,0.10728400663508,2.40943846275676,0,0,0,0,5.46751146743449,5.46751146743449,0.693147180559945,0
17873,6404.5,18,239.555555555556,512.1,355.805555555556,79.88125,68,0.0452997977131548,3.54082679315194,286.32,2,-286.32,1,8.76491227529649,5.87719097108787,2.94443897916644,5.6605965772066
17874,683.46,6,36.8333333333333,104.25,113.91,185.038888888889,37,0.0723567787960302,2.97734726381319,25.2,1,-25.2,1,6.52863020620581,4.74414921326954,1.94591014905531,3.26575941076705
17875,167.1,1,98,98,167.1,687.888888888889,25,0.0510764937553743,3.09008067896493,0,0,0,0,5.12455904041457,5.12455904041457,0.693147180559945,0
17876,838.8,3,160,228,279.6,399.081944444444,3,0.389898915474999,1.0052497970771,0,0,0,0,6.73316376825009,5.63693016766836,1.38629436111989,0
17877,237.61,1,98,98,237.61,170.034722222222,12,0.204213477669738,1.90644570670113,0,0,0,0,5.47483041993393,5.47483041993393,0.693147180559945,0
17878,1412.33,3,346,591.8,470.776666666667,43.1013888888889,82,0.0193211803529084,4.15333107345637,0,0,0,0,7.25370390106455,6.15650570976641,1.38629436111989,0
17879,178.52,1,45,45,178.52,173.051388888889,6,0.553288593810065,0.909257340075629,0,0,0,0,5.19028662233433,5.19028662233433,0.693147180559945,0
17880,824.92,3,155.333333333333,290.6,274.973333333333,364.103472222222,43,0.0274037402656839,3.68056275918073,0,0,0,0,6.71649791653025,5.62030424269181,1.38629436111989,0
17881,133.35,1,32,32,133.35,303.815277777778,8,0.258069962851944,1.65106997111185,0,0,0,0,4.9004483350615,4.9004483350615,0.693147180559945,0
17882,313.46,2,67,67.9,156.73,378.923611111111,47,0.047761340201248,3.39050552970271,0,0,0,0,5.75085688204213,5.06088471049938,1.09861228866811,0
17883,996.09,7,68.7142857142857,160.8,142.298571428571,2.79236111111111,156,0.0250066659231094,4.38733693579115,15.9,1,-15.9,1,6.90484103670011,4.96493036568863,2.07944154167984,2.82731362192903
17884,3120.83,20,154.4,341.2,156.0415,3.05347222222222,311,0.00965980797664834,5.13138690277136,44,3,-44,1,8.04617464731862,5.05651010162916,3.04452243772342,3.80666248977032
17885,196.67,1,167,167,196.67,11.9236111111111,50,0.0353125199906144,3.58882132823958,0,0,0,0,5.28659897359384,5.28659897359384,0.693147180559945,0
17886,1596.43,6,120.833333333333,233.5,266.071666666667,31.1118055555556,138,0.0435581112575131,3.8854602646425,9.95,1,-9.95,1,7.37615136682528,5.58751703686542,1.94591014905531,2.39333945626251
17887,107.45,1,30,30,107.45,128.847916666667,10,0.185871294904661,1.93007623222457,0,0,0,0,4.68628923727288,4.68628923727288,0.693147180559945,0
17888,1806.68,25,58.56,172,72.2672,20.9618055555556,145,0.0221804257952604,4.37516826540674,486.78,6,-501.54,0.970570642421342,7.4997995341369,4.29411303261978,3.25809653802148,6.18986448453128
17889,774.87,7,59.5714285714286,185.6,110.695714285714,211.891666666667,97,0.0213147122652284,4.16170333316675,0,0,0,0,6.65398498037601,4.71577833726132,2.07944154167984,0
17890,602.09,2,208,329.5,301.045,322.063194444444,88,0.0176455129890505,4.24208271174682,0,0,0,0,6.4020664393213,5.710576012897,1.09861228866811,0
17891,203.86,1,393,393,203.86,161.7375,34,0.0435646375969011,3.34508145698727,0,0,0,0,5.32232681900839,5.32232681900839,0.693147180559945,0
17892,244.1,3,36.3333333333333,65.7,81.3666666666667,55.8756944444444,27,0.195007579952005,2.41982229523398,0,0,0,0,5.50166629053407,4.41118082432645,1.38629436111989,0
17893,112.25,1,161,161,112.25,225,15,0.104895138416972,2.46246050356202,0,0,0,0,4.72959776436314,4.72959776436314,0.693147180559945,0
17894,2451.43,18,56.6666666666667,101.1,136.190555555556,71.1854166666667,217,0.0285783599986008,4.3616333093473,55.72,2,-55.72,1,7.80483464872841,4.92137087586377,2.94443897916644,4.03812688222387
17895,98.72,1,130,130,98.72,43.8680555555556,15,0.0892346057083341,2.54963405326064,0,0,0,0,4.60236625865536,4.60236625865536,0.693147180559945,0
17896,213.6,1,240,240,213.6,22.9520833333333,2,0.518242646130539,0.674791951724472,0,0,0,0,5.3687758301966,5.3687758301966,0.693147180559945,0
17897,2497.2,9,115.888888888889,158.4,277.466666666667,172.102083333333,214,0.0316209642545927,4.46292557888959,51,1,-51,1,7.82332575153181,5.62929836339497,2.30258509299405,3.95124371858143
17898,299.18,4,62.75,115.3,74.795,84.9541666666667,48,0.0422675266938715,3.47166111629551,0,0,0,0,5.70438229472817,4.32803232741198,1.6094379124341,0
17899,155.8,1,171,171,155.8,158.952777777778,29,0.0624963787878538,2.99327807374597,0,0,0,0,5.05497110791631,5.05497110791631,0.693147180559945,0
17900,112.2,2,36.5,47.75,56.1,189.966666666667,4,0.323686693928909,1.24672921665263,97.2,2,-97.2,1,4.72915616576908,4.04480411666196,1.09861228866811,4.58700621536042
17901,248.38,3,12.6666666666667,22.4,82.7933333333333,28.80625,22,0.136290418535023,2.43068380488844,0,0,0,0,5.51897783756844,4.42835344982858,1.38629436111989,0
17902,212.8,1,406,406,212.8,546.059027777778,24,0.0929712497880038,2.74264858543483,0,0,0,0,5.36504099859094,5.36504099859094,0.693147180559945,0
17903,381.09,1,142,142,381.09,393.882638888889,44,0.0310970867512913,3.6091365817347,0,0,0,0,5.945656182951,5.945656182951,0.693147180559945,0
17904,191.67,1,63,63,191.67,20.9951388888889,33,0.0649790900082178,3.09438390925381,12.75,1,-12.75,1,5.26097888089267,5.26097888089267,0.693147180559945,2.62103882411258
17905,2146.09,13,94.1538461538462,161.4,165.083846153846,70.8451388888889,131,0.0387507901153608,3.89675246048409,9.3,1,-9.3,1,7.67186871595689,5.11249275815016,2.63905732961526,2.33214389523559
17906,72.9,1,26,26,72.9,246.850694444444,12,0.118779883373695,2.29512853416786,0,0,0,0,4.30271282795416,4.30271282795416,0.693147180559945,0
17907,105.28,1,158,158,105.28,640.011805555556,13,0.142910192879778,2.23031436158292,0,0,0,0,4.66607712089161,4.66607712089161,0.693147180559945,0
17908,1393.91,5,171.2,324.8,278.782,373.045138888889,179,0.0131348330238377,4.72963764255554,53.65,2,-53.65,1,7.24058517604518,5.63401072849654,1.79175946922805,4.00094921462255
17909,132.55,1,41,41,132.55,736.986111111111,8,0.196523635202533,1.80685401103234,0,0,0,0,4.89447593955597,4.89447593955597,0.693147180559945,0
17910,261.7,1,121,121,261.7,725.865277777778,25,0.068462153851635,2.91547115078661,0,0,0,0,5.57101269669149,5.57101269669149,0.693147180559945,0
17911,366.23,1,223,223,366.23,8.91527777777778,39,0.0450029548647515,3.33943757471819,0,0,0,0,5.90598835475553,5.90598835475553,0.693147180559945,0
17912,375.5,6,36,99.75,62.5833333333333,309.934027777778,48,0.0342408527644455,3.60207777873514,15.4,1,-15.4,1,5.93091804723995,4.15235138149646,1.94591014905531,2.79728133483015
17913,3479.64,14,124.642857142857,253.4,248.545714285714,58.1284722222222,234,0.0120662219218081,4.94055668389522,0,0,0,0,8.15497146390549,5.51964212199822,2.70805020110221,0
17914,337.39,1,473,473,337.39,3.03611111111111,72,0.0313796570411321,3.82819981427535,0,0,0,0,5.82419907646801,5.82419907646801,0.693147180559945,0
17915,242.13,1,191,191,242.13,551.019444444444,27,0.0714779642529815,2.92136899855246,0,0,0,0,5.49359627971394,5.49359627971394,0.693147180559945,0
17916,43.87,2,45,46.8,21.935,628.016666666667,15,0.250716144415949,2.02042985086983,0,0,0,0,3.80376941998789,3.13266412804914,1.09861228866811,0
17917,342.03,3,62.3333333333333,73.1,114.01,45.0208333333333,77,0.0217192931205995,4.08230249479651,0,0,0,0,5.83781790689808,4.74501908110449,1.38629436111989,0
17918,396.39,3,117.333333333333,205.9,132.13,500.082638888889,34,0.154607904134201,2.52260611792608,0,0,0,0,5.98491816623795,4.89132609444383,1.38629436111989,0
17919,1823.04,2,714,751.8,911.52,88.00625,37,0.0487758252209181,3.29863001408826,0,0,0,0,7.50880910021838,6.81621000302467,1.09861228866811,0
17920,24486.15,54,231.444444444444,544,453.447222222222,3.93125,734,0.0115041070477324,5.26670656485638,6.55,2,-6.55,1,10.105903769144,6.11908178415138,4.00733318523247,2.02154756326093
17921,2411.55,10,100.2,163.2,241.155,63.7875,233,0.0109676755300829,4.97606774737767,28.2,2,-40.15,0.702366127023661,7.78843955838697,5.48957801699452,2.39789527279837,3.37416870927424
17922,170.4,1,49,49,170.4,542.8875,8,0.182764525336684,1.8751253668721,0,0,0,0,5.14400000616368,5.14400000616368,0.693147180559945,0
17923,497,3,46.6666666666667,50,165.666666666667,281.899305555556,2,0.673777068851742,0.507569695933774,0,0,0,0,6.21060007702465,5.11599580975408,1.38629436111989,0
17924,3536.7,8,158.5,441.4,442.0875,11.1520833333333,27,0.0834092014952225,2.82367970510187,91.42,6,-91.42,1,8.17123207745581,6.09376726747126,2.19722457733622,4.52634340544212
17925,488.16,1,144,144,488.16,372.111111111111,1,1,0,0,0,0,0,6.19268963432117,6.19268963432117,0.693147180559945,0
17926,1041.97,5,114.4,164.4,208.394,132.965972222222,28,0.0587773693069852,3.06415989558728,0,0,0,0,6.94982769140398,5.34421764473079,1.79175946922805,0
17927,294,1,108,108,294,721.074305555556,10,0.122753019575177,2.19808154361912,0,0,0,0,5.68697535633982,5.68697535633982,0.693147180559945,0
17928,341.24,3,74,92.8,113.746666666667,44.9986111111111,27,0.124867762164977,2.54606472371453,0,0,0,0,5.8355122453341,4.74272679986223,1.38629436111989,0
17929,3082.1,12,36.1666666666667,74.7,256.841666666667,10.8673611111111,6,0.22198628104538,1.63493011714742,8.5,1,-8.5,1,8.03369086329914,5.55234570144327,2.56494935746154,2.2512917986065
17930,3854.74,13,223.923076923077,357.4,296.518461538462,35.1020833333333,40,0.150677461551517,2.56441259243356,32.3,2,-32.3,1,8.25731822607122,5.69547627865178,2.63905732961526,3.5055573969864
17931,3438.01,14,138.357142857143,442.5,245.572142857143,133.803472222222,277,0.0161629192006307,4.79699145918554,131.33,4,-131.33,1,8.14293891825008,5.50765461945524,2.70805020110221,4.88529880278496
17932,1331.57,3,263,372.1,443.856666666667,28.7090277777778,84,0.0135939874395586,4.36265783103543,0,0,0,0,7.19486468749322,6.09775213290346,1.38629436111989,0
17933,114.69,1,63,63,114.69,631.902083333333,12,0.123046996296377,2.22900757694537,0,0,0,0,4.7509142000408,4.7509142000408,0.693147180559945,0
17934,1049.15,3,209.333333333333,384,349.716666666667,51.1069444444444,36,0.0456613098846691,3.33707486797692,0,0,0,0,6.95668829009132,5.85997868001652,1.38629436111989,0
17935,686.14,7,34.8571428571429,70.4,98.02,138.022222222222,60,0.0745689473243431,3.28950622391026,30.6,1,-30.6,1,6.53253805603169,4.59532184993328,2.07944154167984,3.45315712059287
17936,389.84,1,262,262,389.84,4.97083333333333,68,0.0428885917047785,3.68026598509008,0,0,0,0,5.96829826907614,5.96829826907614,0.693147180559945,0
17937,4301.22,7,250.571428571429,471,614.46,8.04513888888889,19,0.0685713061435592,2.79231595359645,0,0,0,0,8.36688644752524,6.42236995569792,2.07944154167984,0
17938,144.29,1,53,53,144.29,419.974305555556,29,0.0539366212059719,3.08958182952179,0,0,0,0,4.97873174508325,4.97873174508325,0.693147180559945,0
17939,99.14,1,40,40,99.14,159.057638888889,12,0.143443397360939,2.09726828854428,0,0,0,0,4.6065692069018,4.6065692069018,0.693147180559945,0
17940,1424.4,16,255.125,510,89.025,49.0159722222222,12,0.119576087195673,2.24068747485335,108,6,-3433.17,0.0314578072160714,7.26220775506777,4.50008740953494,2.83321334405622,4.69134788222914
17941,1066.8,4,154,207.6,266.7,130.222222222222,5,0.266348736779106,1.44867464753163,0,0,0,0,6.97335573606609,5.58986695052631,1.6094379124341,0
17942,77.5,1,38,38,77.5,7.08680555555556,2,0.952169823100937,0.115129324842522,0,0,0,0,4.36309862478836,4.36309862478836,0.693147180559945,0
17944,75.89,1,85,85,75.89,422.892361111111,24,0.0643250756460156,2.94502872533683,0,0,0,0,4.34237582904409,4.34237582904409,0.693147180559945,0
17945,360.35,3,81.3333333333333,90.6,120.116666666667,696.048611111111,66,0.0511454658740753,3.43472318140042,0,0,0,0,5.88984701772899,4.79675426839454,1.38629436111989,0
17946,135.68,2,37.5,63.15,67.84,232.868055555556,18,0.116003756932238,2.53804838928441,0,0,0,0,4.91764242724709,4.23178497134334,1.09861228866811,0
17947,176.68,1,168,168,176.68,36.9895833333333,9,0.166945029774388,1.94245814142243,0,0,0,0,5.17998417958617,5.17998417958617,0.693147180559945,0
17948,298.8,1,120,120,298.8,147.036111111111,1,1,0,0,0,0,0,5.7031155856685,5.7031155856685,0.693147180559945,0
17949,45281.55,118,140.016949152542,243.6,383.741949152542,0.752777777777778,61,0.167801019357309,2.90680972866264,4330.76,20,-19732.49,0.219473568718393,10.7206770275458,5.95257284762038,4.77912349311153,8.3737292049241
17950,1432.81,7,121,234.6,204.687142857143,71.9388888888889,133,0.0236735149889959,4.25740397189248,20.16,1,-20.16,1,7.26809051586788,5.32635629036485,2.07944154167984,3.0521126069901
17951,1636.08,4,224.5,372,409.02,39.0138888888889,24,0.106454131478335,2.61978792889555,17.7,1,-17.7,1,7.40066944606098,6.01620593899643,1.6094379124341,2.92852352386054
17952,819.61,4,126,242.8,204.9025,377.955555555556,85,0.0443468688461559,3.79386058330778,0,0,0,0,6.71004796613905,5.32740275577645,1.6094379124341,0
17953,160.82,1,99,99,160.82,539.945833333333,20,0.0769603769117547,2.75078635526538,0,0,0,0,5.08648460637969,5.08648460637969,0.693147180559945,0
17954,3907.82,19,154.157894736842,294.3,205.674736842105,4.94097222222222,495,0.00454523631909081,5.76808029148712,134.49,7,-134.49,1,8.27099081715023,5.33114623784462,2.99573227355399,4.90889783685834
17955,750.3,6,76.8333333333333,210,125.05,198.076388888889,16,0.118276941744516,2.29894496408901,0,0,0,0,6.62180503937511,4.83667865363393,1.94591014905531,0
17956,12.75,1,1,1,12.75,249.002083333333,1,1,0,0,0,0,0,2.62103882411258,2.62103882411258,0.693147180559945,0
17957,119.23,1,287,287,119.23,65.9527777777778,31,0.0517440782356924,3.13782405664299,0,0,0,0,4.78940657498682,4.78940657498682,0.693147180559945,0
17958,973.88,2,142,194.2,486.94,116.063194444444,35,0.348230206391361,1.93837042909954,0,0,0,0,6.88231438650018,6.1901924474744,1.09861228866811,0
17959,118.8,1,49,49,118.8,591.984722222222,2,0.742883379247016,0.425328293373262,0,0,0,0,4.78582368568135,4.78582368568135,0.693147180559945,0
17960,135.08,3,20,38.6,45.0266666666667,170.982638888889,37,0.0721364823214469,3.06924208275716,0,0,0,0,4.91324294808761,3.82922093866701,1.38629436111989,0
17961,2881.61,100,15.37,65.15,28.8161,20.8298611111111,499,0.00464096022152978,5.77262143783532,16.45,2,-16.45,1,7.96645141273339,3.39504851607528,4.61512051684126,2.85933964864844
17962,689.68,4,162.75,255.9,172.42,141.981944444444,146,0.01646743316997,4.53839645601411,14.4,1,-14.4,1,6.53767661954423,5.15571639794901,1.6094379124341,2.73436750941958
17963,649.72,4,86,122.55,162.43,470.911111111111,98,0.0171089029570139,4.29847670545814,0,0,0,0,6.47807944215891,5.09638476410497,1.6094379124341,0
17964,733.46,2,248,375.8,366.73,31.0875,84,0.0312621877908582,3.8649339716251,0,0,0,0,6.59913553531548,5.90734897323038,1.09861228866811,0
17965,7243.23,29,156.034482758621,424.2,249.766551724138,37.1381944444444,595,0.00375032398698613,6.00063037490569,123.2,4,-123.2,1,8.88796056891341,5.5245224335335,3.40119738166216,4.82189316949938
17966,1772.82,10,338.3,688.35,177.282,37.1,85,0.0364490346069211,3.68379002657635,0,0,0,0,7.48089069210711,5.18336656632371,2.39789527279837,0
17967,357.29,2,99,153.9,178.645,371.063194444444,59,0.0318859599645388,3.77198832171107,0,0,0,0,5.88134271434845,5.19098268127686,1.09861228866811,0
17968,888.04,4,131.25,287.75,222.01,373.01875,109,0.0413599960429667,4.01521562740239,0,0,0,0,6.79014222887739,5.40721661350403,1.6094379124341,0
17969,2347.49,20,50.85,120.55,117.3745,166.034722222222,115,0.0357404768377867,3.92600769518359,118.75,7,-118.75,1,7.76152784742094,4.77385332763249,3.04452243772342,4.78540623629103
17970,582.59,1,525,525,582.59,210.740972222222,27,0.068261917618718,2.98935346247182,0,0,0,0,6.36919868147783,6.36919868147783,0.693147180559945,0
17971,161.94,1,62,62,161.94,547.990277777778,20,0.071164486413036,2.76580079447337,0,0,0,0,5.0933820348825,5.0933820348825,0.693147180559945,0
17972,136.04,1,37,37,136.04,241.065277777778,30,0.0522111515534848,3.1546765488931,0,0,0,0,4.92027285401586,4.92027285401586,0.693147180559945,0
17973,341.36,1,176,176,341.36,51.1361111111111,14,0.118273984940866,2.37759805813981,0,0,0,0,5.83586281501341,5.83586281501341,0.693147180559945,0
17974,1865.44,6,207.166666666667,432,310.906666666667,24.0506944444444,280,0.00879317954743215,5.15288070099901,0,0,0,0,7.53178815211066,5.74270399775746,1.94591014905531,0
17975,7029.13,24,94.625,198.75,292.880416666667,14.9743055555556,243,0.0537371745616329,3.89423911559392,101.15,2,-101.15,1,8.85796047681012,5.68317293856333,3.2188758248682,4.62644232126363
17976,706.58,1,212,212,706.58,371.959027777778,56,0.0374572378797903,3.6391193113381,0,0,0,0,6.56185069732993,6.56185069732993,0.693147180559945,0
17977,1576.73,2,1031,1651.1,788.365,28.9736111111111,95,0.0190390133996937,4.25908643321873,57.9,1,-57.9,1,7.36374238410449,6.67122882477431,1.09861228866811,4.07584109065754
17978,1022.81,4,221.25,382.5,255.7025,364.947916666667,63,0.0463121247509701,3.46966643359253,0,0,0,0,6.9312862415085,5.54791782682461,1.6094379124341,0
17979,757.71,4,99.25,182.2,189.4275,35.03125,116,0.0290267754164763,4.08622743356714,19.9,1,-19.9,1,6.63161962269739,5.24927154470097,1.6094379124341,3.03974915897077
17980,1033.42,4,195.5,233.65,258.355,165.075694444444,41,0.12386220908906,2.69131789048817,0,0,0,0,6.94159616215086,5.55819777957822,1.6094379124341,0
17981,239.12,1,260,260,239.12,410.131944444444,17,0.103196718373302,2.59972075972363,0,0,0,0,5.48113879838364,5.48113879838364,0.693147180559945,0
17982,138.18,1,117,117,138.18,680.133333333333,13,0.114625440781228,2.3383165448308,0,0,0,0,4.9357680594167,4.9357680594167,0.693147180559945,0
17983,171.71,1,108,108,171.71,394.976388888889,23,0.106894331011644,2.68232515576988,0,0,0,0,5.15161388735583,5.15161388735583,0.693147180559945,0
17984,1193.43,5,194.6,374.4,238.686,144.910416666667,212,0.010763923627831,4.92164459628366,0,0,0,0,7.08542436312321,5.47932973339336,1.79175946922805,0
17985,634.95,1,183,183,634.95,21.9347222222222,20,0.0653433607540442,2.84587575947177,0,0,0,0,6.45511994389749,6.45511994389749,0.693147180559945,0
17986,20.8,1,10,10,20.8,55.9777777777778,1,1,0,0,0,0,0,3.08190996979504,3.08190996979504,0.693147180559945,0
17987,1006.78,5,203,284.2,201.356,184.977777777778,140,0.0213308692668112,4.40935569212795,75.52,1,-75.52,1,6.9155051708422,5.31002852247605,1.79175946922805,4.33755214457205
17988,467.59,14,13.2857142857143,50.05,33.3992857142857,11.0763888888889,115,0.0140809374019825,4.47600276311686,9.95,1,-9.95,1,6.14972818568381,3.53803580004417,2.70805020110221,2.39333945626251
17989,228.83,1,329,329,228.83,378.959027777778,26,0.0609819720058997,2.99005949870106,0,0,0,0,5.43733990519684,5.43733990519684,0.693147180559945,0
17990,1527.61,6,129.5,254.25,254.601666666667,236.0875,40,0.0496409176955824,3.29326430829979,5.04,1,-5.04,1,7.33211410472118,5.54362024308723,1.94591014905531,1.79840401194672
17991,318.6,3,33.3333333333333,69.8,106.2,224.911111111111,37,0.0749169979772616,3.03093355960633,0,0,0,0,5.76707021389212,4.6746962486367,1.38629436111989,0
17992,254.13,1,131,131,254.13,388.990277777778,49,0.0475139419103884,3.43661626098394,0,0,0,0,5.54177321917412,5.54177321917412,0.693147180559945,0
17993,235.19,1,112,112,235.19,616.977083333333,60,0.0699140181852422,3.43995599456995,0,0,0,0,5.46463656586449,5.46463656586449,0.693147180559945,0
17994,2242.76,11,168.909090909091,518,203.887272727273,121.089583333333,238,0.01007515512862,5.00722678471257,50.45,3,-50.45,1,7.71590830905117,5.32245993875867,2.484906649788,3.94061046228006
17995,493.38,3,86,126.7,164.46,281.013888888889,28,0.0752763885998662,2.86741683548618,0,0,0,0,6.2033044522508,5.10872947376204,1.38629436111989,0
17996,483.33,3,195.666666666667,388.2,161.11,379.076388888889,63,0.022821302504395,3.92567870480863,0,0,0,0,6.18276649256603,5.08827511715348,1.38629436111989,0
17997,1969.17,8,267.25,554.25,246.14625,73.9006944444444,133,0.0209606412299117,4.28549055879039,459.37,4,-459.37,1,7.58587511242513,5.50998026666598,2.19722457733622,6.13203051399487
17998,611.29,3,187,262.2,203.763333333333,379.888194444444,57,0.0617519514040794,3.36160048163364,37.5,1,-37.5,1,6.41720602648708,5.32185484067808,1.38629436111989,3.65065824129374
17999,730.98,3,131.666666666667,181.9,243.66,36.8708333333333,125,0.0166658728901566,4.39261078565309,0,0,0,0,6.59575319118368,5.49986949161877,1.38629436111989,0
18000,124.25,1,109,109,124.25,563.844444444444,6,0.512927039905429,1.04185667341156,0,0,0,0,4.83031173996497,4.83031173996497,0.693147180559945,0
18001,953.84,6,148.833333333333,268.25,158.973333333333,11.8666666666667,122,0.0208123127711716,4.28277879981239,0,0,0,0,6.86154378717744,5.07500713467673,1.94591014905531,0
18002,236.02,4,18,26.25,59.005,375.078472222222,53,0.0350548417888462,3.63730593043819,0,0,0,0,5.4681445257603,4.0944278920834,1.6094379124341,0
18003,363.13,1,299,299,363.13,375.903472222222,23,0.0803677074088784,2.69884958731549,0,0,0,0,5.89751094673355,5.89751094673355,0.693147180559945,0
18004,169.97,1,78,78,169.97,361.960416666667,32,0.0504167649005847,3.17753397934051,0,0,0,0,5.14148810251502,5.14148810251502,0.693147180559945,0
18005,249.76,2,46.5,48.75,124.88,3.04097222222222,52,0.0415839628849589,3.52204346117884,0,0,0,0,5.52449630640577,4.83532907219621,1.09861228866811,0
18006,997.86,4,100.75,200.35,249.465,22.8319444444444,57,0.0568608383884069,3.39862716314627,0,0,0,0,6.90661462868787,5.52331919020421,1.6094379124341,0
18007,221.32,1,252,252,221.32,392.070833333333,46,0.0323441683990662,3.62475552754772,0,0,0,0,5.40411778543425,5.40411778543425,0.693147180559945,0
18008,5266.74,23,99.7391304347826,240,228.988695652174,69.9395833333333,78,0.108234115610438,2.78154867453664,0,0,0,0,8.56935670705142,5.43803015837695,3.17805383034795,0
18009,2155.83,8,81.625,148.75,269.47875,235.009722222222,148,0.0177576048335259,4.43141600208989,78.75,6,-78.75,1,7.6763948301168,5.60019353697517,2.19722457733622,4.37889674166495
18010,174.8,1,60,60,174.8,256.057638888889,14,0.181175838748697,2.1213274349674,0,0,0,0,5.16934698525108,5.16934698525108,0.693147180559945,0
18011,527.59,2,99,137.7,263.795,372.802083333333,63,0.0277558755815581,3.88438308154205,0,0,0,0,6.27021308409491,5.57895594170936,1.09861228866811,0
18012,102.4,1,63,63,102.4,722.981944444444,13,0.11590576171875,2.31296933372375,0,0,0,0,4.63860496207433,4.63860496207433,0.693147180559945,0
18013,187.29,2,142.5,249.15,93.645,154.985416666667,31,0.0571350119120797,3.12106726631861,0,0,0,0,5.23798332750834,4.55013305005818,1.09861228866811,0
18014,166.42,1,68,68,166.42,27.8902777777778,29,0.0665878951154162,3.02401160542227,0,0,0,0,5.12050562523191,5.12050562523191,0.693147180559945,0
18015,120.03,1,157,157,120.03,3.91736111111111,46,0.0321524426025044,3.59212278910749,0,0,0,0,4.79603844875051,4.79603844875051,0.693147180559945,0
18016,1960.46,7,172.714285714286,439,280.065714285714,31.9756944444444,119,0.0136849657887211,4.51192876752359,0,0,0,0,7.58144437288496,5.63858850066109,2.07944154167984,0
18017,688,4,100,100,172,80.8993055555556,1,1,0,0,0,0,0,6.53524127101366,5.15329159449778,1.6094379124341,0
18018,289.7,4,46.5,109.8,72.425,107.842361111111,43,0.132330561330809,2.77467169832907,142.8,1,-141.3,1.01061571125265,5.67229180756483,4.29626447708468,1.6094379124341,4.96842344528695
18019,38.45,1,7,7,38.45,51.0694444444444,5,0.225640514000754,1.53943443120427,0,0,0,0,3.67503404729188,3.67503404729188,0.693147180559945,0
18020,190.48,1,67,67,190.48,543.054861111111,12,0.153866495853619,2.1037043112172,61.2,1,-61.2,1,5.25478336452431,5.25478336452431,0.693147180559945,4.13035499974513
18021,227.06,2,84.5,124.55,113.53,509.123611111111,32,0.0620042380279233,3.08487460520749,0,0,0,0,5.42960875222921,4.74083679740963,1.09861228866811,0
18022,1662.18,5,278,652.8,332.436,35.0034722222222,315,0.00663885045198716,5.3472415549667,0,0,0,0,7.41648671145948,5.80945094289176,1.79175946922805,0
18024,389.78,2,92,142.4,194.89,152.048611111111,21,0.231548022575606,1.91949265332725,153,1,-153,1,5.96814474178637,5.27755327719531,1.09861228866811,5.03695260241363
18025,1177.72,6,175.5,233.25,196.286666666667,379.009027777778,85,0.0223189145307828,4.07115893301327,0,0,0,0,7.0721843829345,5.28465783176207,1.94591014905531,0
18026,2074.07,2,265,283,1037.035,500.134027777778,12,0.144300312765691,2.07312307612891,0,0,0,0,7.63775016703555,6.94508478184716,1.09861228866811,0
18027,115.31,1,78,78,115.31,98.1333333333333,21,0.0764463011146306,2.75338554802515,0,0,0,0,4.75625904035095,4.75625904035095,0.693147180559945,0
18028,192.05,1,133,133,192.05,583.015277777778,4,0.350902894074884,1.12759022947705,0,0,0,0,5.26294922271025,5.26294922271025,0.693147180559945,0
18029,433.77,1,253,253,433.77,641.888888888889,18,0.203362669973605,2.24160279541782,0,0,0,0,6.07481715562652,6.07481715562652,0.693147180559945,0
18030,209.8,2,33.5,44.75,104.9,3.84236111111111,8,0.267821344219062,1.5893176985706,9.95,1,-9.95,1,5.35090981666721,4.66249525260736,1.09861228866811,2.39333945626251
18031,466.42,1,300,300,466.42,378.076388888889,49,0.0463515195747279,3.33414658641918,0,0,0,0,6.14722821109088,6.14722821109088,0.693147180559945,0
18032,73.5,1,42,42,73.5,333.8875,5,0.206730528946272,1.59357485046057,0,0,0,0,4.31079912538551,4.31079912538551,0.693147180559945,0
18033,119.65,1,253,253,119.65,64.8486111111111,32,0.0651159069084523,3.06753559054364,0,0,0,0,4.79289379207104,4.79289379207104,0.693147180559945,0
18034,806.84,3,330.666666666667,426.3,268.946666666667,21.0194444444444,182,0.0145794994490626,4.71509209422243,0,0,0,0,6.69436401911061,5.59822440862239,1.38629436111989,0
18035,1263.54,5,227.4,474,252.708,35.0076388888889,52,0.047041644990107,3.33268298051686,0,0,0,0,7.14246369866625,5.53618399941513,1.79175946922805,0
18036,1566.26,11,68,122,142.387272727273,31.9236111111111,224,0.0266443272470553,4.60843905805788,0,0,0,0,7.35708415073669,4.96554917058144,2.484906649788,0
18037,161.52,15,2.46666666666667,6,10.768,154.007638888889,32,0.0600388588007784,3.08204939169306,0,0,0,0,5.09080107111953,2.46538398329914,2.77258872223978,0
18038,147.46,1,85,85,147.46,555.910416666667,25,0.0852101875956255,2.79403575194393,0,0,0,0,5.0003155616894,5.0003155616894,0.693147180559945,0
18039,580.17,4,142.5,186.85,145.0425,373.988194444444,137,0.0147315470071002,4.56727925630072,0,0,0,0,6.36504331302048,4.98389767523856,1.6094379124341,0
18040,357.2,2,74,93.8,178.6,18.9375,18,0.0632383309152059,2.82944489374006,0,0,0,0,5.88109148962661,5.1907321558681,1.09861228866811,0
18041,8762.97,38,206.815789473684,389.7,230.604473684211,11.0493055555556,483,0.0111855920000709,5.18698781249968,47.45,2,-82.73,0.573552520246585,9.07840427761502,5.44503106193806,3.66356164612965,3.88053233833678
18042,281.15,2,34.5,35.85,140.575,53.0840277777778,13,0.184652577007324,2.06783800049147,0,0,0,0,5.64243884441515,4.95282961199987,1.09861228866811,0
18043,875.97,3,151.333333333333,317,291.99,24.0013888888889,106,0.0174552132596006,4.30903366191941,0,0,0,0,6.77647278426144,5.6801384787418,1.38629436111989,0
18044,3505.61,18,88.7777777777778,157.9,194.756111111111,3.93333333333333,129,0.0260305325755294,4.39408700411571,2.95,1,-2.95,1,8.16240503779721,5.27686955334203,2.94443897916644,1.37371557891303
18045,189.4,1,142,142,189.4,45.0298611111111,43,0.0360226146258568,3.47368394406557,0,0,0,0,5.24912712235727,5.24912712235727,0.693147180559945,0
18046,167.68,1,44,44,167.68,649.051388888889,26,0.0563591327514969,3.04247329101828,0,0,0,0,5.12800342887836,5.12800342887836,0.693147180559945,0
18047,342.69,2,69,127.5,171.345,380.985416666667,74,0.0351311350804863,3.83149217065567,0,0,0,0,5.83974008829141,5.14949828180808,1.09861228866811,0
18048,401.73,3,86,130.2,133.91,202.952777777778,56,0.0637949460176106,3.40564705611594,0,0,0,0,5.99826636222691,4.90460788945073,1.38629436111989,0
18049,556.52,2,212.5,267.85,278.26,436.975,82,0.0371123263974783,3.82898840393989,0,0,0,0,6.32349837713026,5.63214324751405,1.09861228866811,0
18050,412.06,2,125,201.5,206.03,358.934027777778,22,0.0521074925651605,3.02124748794079,0,0,0,0,6.0235928608595,5.33286371030062,1.09861228866811,0
18051,2282.28,7,237.285714285714,323.6,326.04,633.952777777778,41,0.0482829191198384,3.28475307434698,6.3,1,-6.3,1,7.73336828465113,5.79008248757528,2.07944154167984,1.98787434815435
18052,1261.2,1,1920,1920,1261.2,564.110416666667,16,0.0798252038518886,2.63383396955715,0,0,0,0,7.14061150915014,7.14061150915014,0.693147180559945,0
18053,571.07,3,136.333333333333,282.2,190.356666666667,70.1979166666667,29,0.0590483763804402,3.11653597915342,43.3,3,-43.3,1,6.34926136151465,5.25413905143552,1.38629436111989,3.79098467705109
18054,176.5,1,96,96,176.5,392.188888888889,11,0.096831047516632,2.36554831211759,0,0,0,0,5.17897060891547,5.17897060891547,0.693147180559945,0
18055,11176.82,14,274.214285714286,513.25,798.344285714286,6.93402777777778,323,0.00811220244829934,5.27304554608376,32.05,1,-32.05,1,9.32168673664041,6.68379174871992,2.70805020110221,3.4980215662977
18056,536.65,2,167,206.6,268.325,287.932638888889,28,0.0418399516328896,3.24707706812635,14.85,1,-14.85,1,6.28720779083654,5.59591882878026,1.09861228866811,2.76316950032329
18057,1220.12,3,318,446.1,406.706666666667,392.829861111111,120,0.0233881323690226,4.26471532806068,0,0,0,0,7.10752374937981,6.01054796158425,1.38629436111989,0
18058,774.06,3,131.333333333333,171.4,258.02,9.175,12,0.333328410514274,1.55514543439214,0,0,0,0,6.65294044571146,5.55690527879544,1.38629436111989,0
18059,307.51,3,87.6666666666667,106.7,102.503333333333,22.8340277777778,17,0.0777750616759145,2.7066092252628,9.75,1,-9.75,1,5.73175425773095,4.63960381830598,1.38629436111989,2.37490575457367
18060,1202.02,2,439,497.5,601.01,407.88125,75,0.0150574622102333,4.25868296916612,0,0,0,0,7.09259034094039,6.40027405646654,1.09861228866811,0
18061,6002.25,28,111.25,244.25,214.366071428571,21.0625,32,0.0896243322945796,2.72387393504814,8.5,1,-8.5,1,8.70005626822842,5.37233923805643,3.36729582998647,2.2512917986065
18062,1632.67,6,138.5,222.25,272.111666666667,172.960416666667,46,0.0314717352040288,3.65502290706694,109.3,3,-109.3,1,7.39858429663927,5.60988074696182,1.94591014905531,4.70320392625946
18063,186.6,2,24,24,93.3,390.086111111111,2,0.766379586646126,0.395871738285999,0,0,0,0,5.23431203657212,4.54648118963941,1.09861228866811,0
18064,4373.83,11,235.363636363636,439,397.620909090909,132.882638888889,54,0.0428886672258836,3.45183116879316,53.85,4,-53.85,1,8.3836229408939,5.98801086272732,2.484906649788,4.00460218672124
18065,5855.73,29,78.1034482758621,227.4,201.921724137931,5.09722222222222,213,0.0144513631261451,4.97512399438203,29.75,3,-29.75,1,8.67534670634187,5.31282030930112,3.40119738166216,3.42588999425253
18066,1440.4,3,178.333333333333,293.1,480.133333333333,74.9305555555556,37,0.0544456090601202,3.25596893390486,0,0,0,0,7.27337014249034,6.17614443197006,1.38629436111989,0
18067,396.33,1,189,189,396.33,39.8694444444444,36,0.0507085488184869,3.2095189434957,0,0,0,0,5.98476716966025,5.98476716966025,0.693147180559945,0
18068,101.7,1,6,6,101.7,288.916666666667,1,1,0,0,0,0,0,4.63181211693451,4.63181211693451,0.693147180559945,0
18069,4542.86,11,293.363636363636,488,412.987272727273,25.8659722222222,615,0.00465187916657553,5.90616026029166,14.85,2,-14.85,1,8.4215321500672,6.02583523114811,2.484906649788,2.76316950032329
18070,314.1,1,86,86,314.1,668.973611111111,9,0.139012319325563,2.0852352679243,6.35,1,-6.35,1,5.75289004876323,5.75289004876323,0.693147180559945,1.99470031322475
18071,1431.15,6,141.166666666667,279.25,238.525,257.077083333333,54,0.0304575910816022,3.74621008009626,0,0,0,0,7.26693209063819,5.47865779553694,1.94591014905531,0
18072,250.08,1,288,288,250.08,185.129166666667,18,0.0830908005791314,2.70105550817212,247.92,1,-247.44,1.00193986420951,5.52577161344933,5.52577161344933,0.693147180559945,5.51713155970102
18073,3038,12,193,407.95,253.166666666667,113.991666666667,23,0.184275524896191,2.26512742644969,13.08,1,-13.08,1,8.01928379291679,5.53799021981346,2.56494935746154,2.6447553507299
18074,1509.04,2,275.5,369.55,754.52,373.122916666667,37,0.0692859089747844,3.10074944200724,0,0,0,0,7.31989141952434,6.62740625389715,1.09861228866811,0
18075,5777.13,20,164.05,286.4,288.8565,22.8951388888889,182,0.0165715332513657,4.72716023169605,199.43,11,-203.38,0.980578227947684,8.66183537990773,5.66938597292674,3.04452243772342,5.3004650586055
18076,151.49,1,164,164,151.49,379.95,8,0.313286824940949,1.42874267291195,0,0,0,0,5.02709902012692,5.02709902012692,0.693147180559945,0
18077,4338.56,18,179.611111111111,314.8,241.031111111111,7.97083333333333,146,0.0215187775108054,4.38406989328548,0,0,0,0,8.37552823946642,5.48906627620415,2.94443897916644,0
18078,844.6,4,107.75,192.65,211.15,216.970833333333,65,0.0526968325020527,3.34958534031025,0,0,0,0,6.74004643455603,5.35729357164833,1.6094379124341,0
18079,3320.97,5,1238,2034.8,664.194,44.9326388888889,109,0.0202444464926904,4.1956780362398,0,0,0,0,8.10831325942807,6.50007872743444,1.79175946922805,0
18080,456,2,120,120,228,18.2,2,0.558518005540166,0.633430670672573,0,0,0,0,6.12468339089421,5.43372200355424,1.09861228866811,0
18081,343.45,3,65,129.1,114.483333333333,35.8472222222222,14,0.0926447712988114,2.49937925440425,0,0,0,0,5.84194894203921,4.74912621940528,1.38629436111989,0
18082,704.81,1,621,621,704.81,25.0034722222222,62,0.0283953652095306,3.77331976123252,0,0,0,0,6.55934607946044,6.55934607946044,0.693147180559945,0
18083,470.73,1,270,270,470.73,397.045833333333,36,0.0753198563901927,2.98288279729443,0,0,0,0,6.15640678801344,6.15640678801344,0.693147180559945,0
18084,489,3,128,228,163,15.9534722222222,7,0.271883586134217,1.53907944055976,350.95,2,-619.2,0.566779715762274,6.19440539110467,5.0998664278242,1.38629436111989,5.86348912005414
18085,1645.75,4,146.25,182.35,411.4375,329.897916666667,43,0.0533844075519023,3.35440245696013,0,0,0,0,7.4065589275208,6.02208467914364,1.6094379124341,0
18086,101.34,1,106,106,101.34,273.969444444444,7,0.156080808463218,1.89612016606271,0,0,0,0,4.62830060337695,4.62830060337695,0.693147180559945,0
18087,9774.54,17,213.117647058824,719.199999999999,574.972941176471,97.9430555555556,46,0.0699406177277835,3.12554714778999,349.9,4,-349.9,1,9.18763862629448,6.35606068246825,2.89037175789616,5.86050128258917
18088,167.81,1,109,109,167.81,61.00625,35,0.0615375579717643,3.05478305620484,0,0,0,0,5.1287738221133,5.1287738221133,0.693147180559945,0
18089,424.55,1,95,95,424.55,446.078472222222,9,0.136242200984531,2.09559476077188,0,0,0,0,6.05338244992297,6.05338244992297,0.693147180559945,0
18090,349.4,1,321,321,349.4,421.054166666667,47,0.069806345590724,3.22540511285113,0,0,0,0,5.85907535906224,5.85907535906224,0.693147180559945,0
18091,360.85,1,539,539,360.85,593.022222222222,25,0.0433494269348373,3.17557791542851,0,0,0,0,5.89122976131214,5.89122976131214,0.693147180559945,0
18092,14375.32,18,342.777777777778,611.399999999999,798.628888888889,1.98333333333333,42,0.0530769150729497,3.2472168673376,6.25,2,-6.25,1,9.57333768753675,6.6841477311493,2.94443897916644,1.98100146886658
18093,4265.91,8,373.625,659.8,533.23875,92.9215277777778,43,0.0457104030535957,3.34854125246709,23.1,1,-23.1,1,8.35864519086338,6.28084283642022,2.19722457733622,3.18221184049661
18094,5839.4,13,248.307692307692,500.8,449.184615384615,81.1819444444444,55,0.0379319416808911,3.56222570244164,68.9,2,-68.9,1,8.67255456662741,6.10965775504247,2.63905732961526,4.24706564923976
18095,2277.17,5,315,540.8,455.434,312,37,0.0449617203012893,3.29111368379901,0,0,0,0,7.73112776808835,6.12344411126932,1.79175946922805,0
18096,1821.43,6,247.166666666667,510.5,303.571666666667,11.0041666666667,297,0.00780121502923114,5.24387884288078,0,0,0,0,7.50792605436603,5.7189064179687,1.94591014905531,0
18097,4674.12,11,249.090909090909,415,424.92,7.06527777777778,87,0.0338561375426925,3.87249759072899,11.15,3,-11.15,1,8.45001010984256,6.05425153520675,2.484906649788,2.49732916978656
18098,550.84,1,217,217,550.84,395.846527777778,85,0.0212324747494128,4.08753341960676,0,0,0,0,6.31325814918853,6.31325814918853,0.693147180559945,0
18099,168.31,1,149,149,168.31,126.915277777778,19,0.0920535839126363,2.61163804424292,0,0,0,0,5.13173135414014,5.13173135414014,0.693147180559945,0
18100,451.56,1,440,440,451.56,549.979861111111,30,0.0402338271292289,3.30369314178871,0,0,0,0,6.1149203510349,6.1149203510349,0.693147180559945,0
18101,622.21,5,50,69.4,124.442,10.9673611111111,89,0.0258231571210814,4.07631253367298,0,0,0,0,6.43488354064089,4.83184350035255,1.79175946922805,0
18102,335820.81,145,657.455172413793,1697.6,2316.0055862069,0.0416666666666667,413,0.00886344233217211,5.34123822655705,2233.2,8,-10606.43,0.210551523934066,12.7243359708911,7.7480309353949,4.98360662170834,7.71163850113675
18103,105.8,1,23,23,105.8,549.009722222222,10,0.23334589999321,1.73320735790896,0,0,0,0,4.67095792652609,4.67095792652609,0.693147180559945,0
18104,754.64,1,362,362,754.64,36.9465277777778,38,0.0328810892482368,3.51187490998245,0,0,0,0,6.62756507228865,6.62756507228865,0.693147180559945,0
18105,113.48,1,46,46,113.48,37.0319444444444,18,0.209463197743599,2.04073410070713,0,0,0,0,4.7404001352482,4.7404001352482,0.693147180559945,0
18106,1463.62,6,85.3333333333333,120.75,243.936666666667,329.01875,133,0.0316431712132831,4.10908299982385,0,0,0,0,7.28935110213936,5.5009996737256,1.94591014905531,0
18107,167.13,1,66,66,167.13,442.032638888889,38,0.0480196806602291,3.31799769873569,0,0,0,0,5.12473748969084,5.12473748969084,0.693147180559945,0
18108,848.81,3,87,156.9,282.936666666667,253.995833333333,44,0.0296784786638662,3.67044648191922,6.35,1,-6.35,1,6.74501279508617,5.64875120859713,1.38629436111989,1.99470031322475
18109,9278.24,38,84.9736842105263,191.3,244.164210526316,1.05138888888889,207,0.0662738862469414,3.69434821940341,139.3,7,-139.3,1,9.13553492587482,5.50192823307568,3.66356164612965,4.94378298710842
18110,435.53,2,93,99.3,217.765,19.0111111111111,58,0.039775717498546,3.6024731702269,30.25,1,-30.25,1,6.0788571014403,5.38799809431538,1.09861228866811,3.44201937618241
18111,405.85,1,232,232,405.85,589.036111111111,27,0.0387249285652913,3.27267193358261,6.95,1,-6.95,1,6.00844456714267,6.00844456714267,0.693147180559945,2.07317192866624
18112,775.96,4,111.75,157.75,193.99,11.9215277777778,59,0.0266412398460644,3.8181507229219,0,0,0,0,6.65538886899102,5.2729482751975,1.6094379124341,0
18113,152.64,1,144,144,152.64,368.013194444444,1,1,0,0,0,0,0,5.0346122034777,5.0346122034777,0.693147180559945,0
18114,213.15,1,55,55,213.15,289.979166666667,28,0.0506285392492636,3.12550800786508,0,0,0,0,5.36667670406138,5.36667670406138,0.693147180559945,0
18115,9.7,1,3,3,9.7,697.036805555556,3,0.452067169731109,0.932380998359373,0,0,0,0,2.37024374146786,2.37024374146786,0.693147180559945,0
18116,2163.48,13,98.5384615384615,173.2,166.421538461538,67.1180555555556,307,0.0114016902585518,5.07915262411898,0,0,0,0,7.67993542683011,5.12051481442358,2.63905732961526,0
18117,334.36,1,618,618,334.36,25.0020833333333,68,0.0293401992398167,3.80797290272541,0,0,0,0,5.81520458169262,5.81520458169262,0.693147180559945,0
18118,6733.58,29,117.827586206897,222,232.192413793103,10.0541666666667,449,0.00702509353533165,5.44026133863745,63.15,6,-63.15,1,8.81501072609817,5.45186392304284,3.40119738166216,4.16122409106165
18119,362.24,1,250,250,362.24,367.035416666667,29,0.130253969412154,2.62876653974161,0,0,0,0,5.89506377282163,5.89506377282163,0.693147180559945,0
18120,111.15,1,31,31,111.15,214.003472222222,17,0.0879876253837473,2.61768245946111,0,0,0,0,4.71983726096622,4.71983726096622,0.693147180559945,0
18121,673.1,2,225,412.2,336.55,149.039583333333,28,0.0441084208903911,3.20076754887438,0,0,0,0,6.51337846785939,5.82171364748788,1.09861228866811,0
18122,1805.42,6,205.666666666667,355.5,300.903333333333,7.9875,237,0.00923941448267851,5.03190972367171,0,0,0,0,7.49910226507901,5.71010687783545,1.94591014905531,0
18123,685.31,3,209.666666666667,373,228.436666666667,23.9354166666667,53,0.0430254931819399,3.50767670903925,0,0,0,0,6.5313294206958,5.43562702917927,1.38629436111989,0
18124,111.53,1,51,51,111.53,471.853472222222,20,0.0677325912851632,2.85405119741301,0,0,0,0,4.72321985276191,4.72321985276191,0.693147180559945,0
18125,1142.99,4,201,361.7,285.7475,29.0145833333333,164,0.0120892284800663,4.77399882245136,1.65,1,-1.65,1,7.0422774306428,5.65860203757566,1.6094379124341,0.974559639998131
18126,207.48,1,144,144,207.48,60.0631944444444,52,0.041795313906513,3.60333892393946,0,0,0,0,5.33984311337653,5.33984311337653,0.693147180559945,0
18127,555.25,4,63,102.25,138.8125,18.9479166666667,57,0.032895667223006,3.70165378710381,0,0,0,0,6.32121783348045,4.94030223925035,1.6094379124341,0
18128,420.04,1,221,221,420.04,537.021527777778,42,0.0339407604089855,3.54271199602191,0,0,0,0,6.04272784104552,6.04272784104552,0.693147180559945,0
18129,112.55,1,48,48,112.55,242.981944444444,13,0.134733938280257,2.19932099765909,0,0,0,0,4.73224326855157,4.73224326855157,0.693147180559945,0
18130,1059.39,3,274.666666666667,373.2,353.13,14.9236111111111,58,0.0201027033069604,3.98486439463844,13.65,1,-13.65,1,6.96639204396678,5.86966407735916,1.38629436111989,2.68444033546308
18131,170.4,1,240,240,170.4,631.168055555556,4,0.315909541757588,1.26681390500821,0,0,0,0,5.14400000616368,5.14400000616368,0.693147180559945,0
18132,226.9,1,216,216,226.9,503.872222222222,60,0.0268826875193872,3.8334479071799,0,0,0,0,5.42890693625164,5.42890693625164,0.693147180559945,0
18133,82.8,1,120,120,82.8,211.983333333333,1,1,0,25.2,1,-216,0.116666666666667,4.42843300748804,4.42843300748804,0.693147180559945,3.26575941076705
18134,445,2,64,81.1,222.5,597.991666666667,27,0.0405119050624921,3.25144344108356,0,0,0,0,6.10031895202006,5.40941141405362,1.09861228866811,0
18135,1236.42,10,72.9,111.95,123.642,28.7208333333333,23,0.140565954618878,2.27013853007887,20.4,3,-20.4,1,7.12078384588853,4.82544562820679,2.39789527279837,3.06339092202781
18136,1631.36,5,172,369.8,326.272,62.9236111111111,78,0.0209126416620517,4.13319668465947,99.65,4,-99.65,1,7.39778209943334,5.79079162942114,1.79175946922805,4.6116491520858
18137,145.99,2,29.5,48.85,72.995,550.980555555556,26,0.0619935783003039,2.9925488955753,0,0,0,0,4.9903645572539,4.30399752335381,1.09861228866811,0
18138,152.65,1,38,38,152.65,294.915972222222,8,0.188624506735413,1.859605263772,0,0,0,0,5.03467728857649,5.03467728857649,0.693147180559945,0
18139,7940.34,6,906.166666666667,1554,1323.39,17.0875,35,0.0560690034413492,3.205066356632,45.12,2,-45.12,1,8.97983730574492,7.18870725505564,1.94591014905531,3.83124669540086
18140,536.75,1,395,395,536.75,473.077777777778,49,0.0340313854819357,3.60165180363361,0,0,0,0,6.28739376814784,6.28739376814784,0.693147180559945,0
18141,882.47,2,216.5,234.95,441.235,401.045833333333,38,0.0524219218754133,3.34700865059475,43.9,2,-43.9,1,6.78385733532585,6.09184141499719,1.09861228866811,3.80443779474821
18142,749.28,2,434,561.8,374.64,157.021527777778,9,0.148963863733271,2.02171506441411,4.62,2,-4.62,1,6.62044647019214,5.92863123793641,1.09861228866811,1.7263316639056
18143,1000.16,2,285,305.7,500.08,116.071527777778,59,0.0201156588741994,4.00254092646652,0,0,0,0,6.90891460670198,6.21676576897599,1.09861228866811,0
18144,4710,19,105.210526315789,198.3,247.894736842105,7.00277777777778,52,0.120673978453036,3.0005302677914,0,0,0,0,8.45765547870004,5.51703006347743,2.99573227355399,0
18145,5607.52,11,464.272727272727,881,509.774545454545,12.0611111111111,268,0.00710030546388697,5.24418528498675,17.7,1,-17.7,1,8.63204214909479,6.2359282902122,2.484906649788,2.92852352386054
18146,160.35,2,76.5,121.05,80.175,140.070833333333,10,0.10412413444281,2.28285703240722,0,0,0,0,5.08357591849797,4.39660731798891,1.09861228866811,0
18147,179.34,2,101.5,120.85,89.67,45.0861111111111,7,0.161811217913883,1.87299614833246,0,0,0,0,5.19484395807176,4.50722654165796,1.09861228866811,0
18148,114.1,1,64,64,114.1,646.048611111111,9,0.133200868589372,2.0753409992938,0,0,0,0,4.74580131572784,4.74580131572784,0.693147180559945,0
18149,1624.71,7,131.142857142857,177.4,232.101428571429,50.0736111111111,56,0.0599963569309212,3.32462349701813,0,0,0,0,7.39369992241767,5.45147367460049,2.07944154167984,0
18150,566.58,3,110.666666666667,135.6,188.86,31.8340277777778,29,0.0400223060944912,3.29426985917113,0,0,0,0,6.34138170858333,5.24628695845365,1.38629436111989,0
18151,1813.59,6,164.333333333333,295,302.265,134.09375,100,0.0120787083880009,4.51435541277434,25.5,1,-25.5,1,7.50361482586396,5.71460701073935,1.94591014905531,3.27714473299218
18152,426.69,1,75,75,426.69,645.891666666667,10,0.154277717515296,2.04515044911931,0,0,0,0,6.05839863408508,6.05839863408508,0.693147180559945,0
18153,246.22,1,200,200,246.22,658.875,17,0.0671272275090325,2.76614948103692,0,0,0,0,5.51027862845968,5.51027862845968,0.693147180559945,0
18154,932.6,5,125.2,176.2,186.52,2.83958333333333,34,0.064766057265024,3.15636520450975,0,0,0,0,6.83904808097235,5.23388550638865,1.79175946922805,0
18155,371.62,3,88.6666666666667,103.6,123.873333333333,75.0125,19,0.0625196476974209,2.8589554791882,23.8,1,-23.8,1,5.92055913359221,4.82729989019964,1.38629436111989,3.21084365317094
18156,941.17,2,187,223.9,470.585,12.0180555555556,100,0.0161835179722166,4.32789303187176,0,0,0,0,6.84818572538543,6.1560993615416,1.09861228866811,0
18157,215.35,1,146,146,215.35,570.986805555556,25,0.0948757226924555,2.75359897905738,0,0,0,0,5.37689746667089,5.37689746667089,0.693147180559945,0
18158,453.4,2,177,246.3,226.7,8.85486111111111,24,0.0485951461379191,3.10681441792245,1.65,1,-1.65,1,6.11897786740694,5.42802897306969,1.09861228866811,0.974559639998131
18159,530.15,1,139,139,530.15,300.933333333333,23,0.129700897611284,2.70215503668819,0,0,0,0,6.27504446722602,6.27504446722602,0.693147180559945,0
18160,1003.88,3,173,217.2,334.626666666667,56.9166666666667,56,0.0212872078013206,3.94249500264958,0,0,0,0,6.912623410379,5.81599943111051,1.38629436111989,0
18161,1803.1,6,160.833333333333,238,300.516666666667,14.8402777777778,57,0.0394368769336522,3.61955587939117,5.9,1,-5.9,1,7.49781713145876,5.70882529379916,1.94591014905531,1.93152141160321
18162,379.16,1,335,335,379.16,731.976388888889,45,0.0357366736611381,3.55849181422922,0,0,0,0,5.94059221673423,5.94059221673423,0.693147180559945,0
18163,728.84,1,452,452,728.84,583.957638888889,33,0.0330666917895935,3.45227918437934,89.5,1,-89.5,1,6.59282533203722,6.59282533203722,0.693147180559945,4.50534985070588
18164,399.65,1,184,184,399.65,36.9958333333333,24,0.044877438032268,3.13954732986008,4.95,1,-4.95,1,5.99308822822408,5.99308822822408,0.693147180559945,1.78339121955754
18165,302.94,1,254,254,302.94,177.01875,10,0.291095883828283,1.55209285564233,0,0,0,0,5.71683031350546,5.71683031350546,0.693147180559945,0
18166,175.5,1,90,90,175.5,623.016666666667,10,0.106798159105851,2.27250421480942,0,0,0,0,5.17332087637335,5.17332087637335,0.693147180559945,0
18167,1384.86,3,127.333333333333,149,461.62,22.8708333333333,24,0.052621793846012,3.0439268810046,29.35,3,-29.35,1,7.23407616454698,6.13690598275815,1.38629436111989,3.41279651750551
18168,3781.07,16,136.0625,223.25,236.316875,175.770138888889,226,0.0163684975021495,4.75786062233326,100.15,6,-100.15,1,8.23802675777266,5.46939627342915,2.83321334405622,4.61660456361375
18169,202.65,1,61,61,202.65,60.0638888888889,9,0.161261812930314,1.94260776297682,0,0,0,0,5.31640283409442,5.31640283409442,0.693147180559945,0
18170,2878,9,131.555555555556,211.2,319.777777777778,32.9270833333333,60,0.0379070991939522,3.61926004745821,0,0,0,0,7.96519829061218,5.77074860232672,2.30258509299405,0
18171,2373.41,9,110.111111111111,153.6,263.712222222222,58.1923611111111,76,0.0310018683984942,3.95604013168304,22.8,2,-22.8,1,7.77250426455449,5.57864328203267,2.30258509299405,3.16968558067743
18172,17039.64,52,141.326923076923,343.25,327.685384615385,14.0680555555556,188,0.0351212178843424,4.45279529443047,178.01,11,-178.01,1,9.74335635836344,5.7951010154753,3.97029191355212,5.1874416702021
18173,2646.68,5,331.6,590,529.336,86.1,34,0.0679401319899158,3.1192071539142,0,0,0,0,7.88143906383299,6.27351076794113,1.79175946922805,0
18174,162.5,2,40,49,81.25,6.82916666666667,2,0.5392,0.653418194793702,0,0,0,0,5.09681299033731,4.40976338964548,1.09861228866811,0
18175,176.1,1,70,70,176.1,675.100694444444,7,0.195743087741497,1.78642645608227,0,0,0,0,5.17671454478879,5.17671454478879,0.693147180559945,0
18176,476.35,1,283,283,476.35,357.878472222222,30,0.0369082786362821,3.3526610509208,27.7,1,-27.7,1,6.16824997444404,6.16824997444404,0.693147180559945,3.35689712276558
18177,2216.87,9,137.666666666667,234.4,246.318888888889,30.9208333333333,71,0.0233588201549045,3.94687388551069,27.25,1,-27.25,1,7.70430255483101,5.5106785520751,2.30258509299405,3.34109345759245
18178,6081.79,11,350,650.5,552.89,128.180555555556,216,0.00717471559529628,5.15587281090751,49.25,4,-49.25,1,8.71321875128521,6.31696611107576,2.484906649788,3.91701054693918
18179,2242.27,8,182.875,245.1,280.28375,8.85208333333333,103,0.0237699707273217,4.30911988527311,0,0,0,0,7.71568990177422,5.63936394631921,2.19722457733622,0
18180,1845.67,6,286.833333333333,498.5,307.611666666667,4.17430555555556,108,0.0134492779027358,4.50926729624752,0,0,0,0,7.52113929612574,5.73208374435596,1.94591014905531,0
18181,1205.94,5,104.8,171.6,241.188,23.9041666666667,145,0.0146131811691758,4.53953802623278,21.73,2,-21.73,1,7.09584350983709,5.48971428406166,1.79175946922805,3.12368563786445
18182,291.13,1,167,167,291.13,462.975694444444,10,0.12395029258161,2.18650229662634,0,0,0,0,5.67719890867318,5.67719890867318,0.693147180559945,0
18183,632.07,2,185.5,244.45,316.035,226.933333333333,36,0.031753961088789,3.52988823279617,31.55,4,-31.55,1,6.45058100054833,5.75901217787717,1.09861228866811,3.48277736865458
18184,49.8,1,60,60,49.8,14.8902777777778,1,1,0,0,0,0,0,3.92789635458444,3.92789635458444,0.693147180559945,0
18185,304.25,1,183,183,304.25,249.005555555556,17,0.0674580123139123,2.76930812945574,0,0,0,0,5.72113111299081,5.72113111299081,0.693147180559945,0
18186,337.5,1,314,314,337.5,722.102777777778,11,0.153848888888889,2.15303905305972,0,0,0,0,5.82452409235233,5.82452409235233,0.693147180559945,0
18187,724.89,1,310,310,724.89,631.125694444444,48,0.0219467318681142,3.84274657473482,42.7,2,-42.7,1,6.5873984881937,6.5873984881937,0.693147180559945,3.77734810210154
18188,3280.59,6,314.666666666667,692.25,546.765,14.8361111111111,102,0.0293741556869688,4.21023760797542,17.4,2,-17.4,1,8.09608334001947,6.30584636285644,1.94591014905531,2.91235066461494
18189,1403.73,3,278.666666666667,343.8,467.91,77.0486111111111,80,0.0147652013826476,4.30144829933382,7.15,2,-7.15,1,7.24760039248216,6.15041085237698,1.38629436111989,2.09801792725277
18190,745.62,5,98,212.4,149.124,191.959722222222,34,0.0525033298349057,3.24625966375476,9.95,1,-9.95,1,6.61555635422777,5.01146161926223,1.79175946922805,2.39333945626251
18191,529.4,2,166,189.4,264.7,261.029166666667,15,0.0726113017010083,2.66427056539207,0,0,0,0,6.27363143887165,5.58236785276577,1.09861228866811,0
18192,957.97,1,339,339,957.97,71.1645833333333,45,0.0330737585587096,3.6622912029633,0,0,0,0,6.8658597918081,6.8658597918081,0.693147180559945,0
18193,1171.45,3,308.666666666667,613,390.483333333333,164.994444444444,66,0.022905888567798,4.00813747324395,51.65,2,-51.65,1,7.06685085548792,5.96994294321773,1.38629436111989,3.96366623857998
18194,3955.22,6,274.666666666667,538.5,659.203333333333,82.0145833333333,23,0.0731585192073279,2.85782402766687,69.2,1,-77.84,0.889003083247687,8.28304430292535,6.49254786838141,1.94591014905531,4.25134831103176
18195,101.16,1,60,60,101.16,386.907638888889,5,0.240750356364394,1.50375586380529,0,0,0,0,4.62654021172428,4.62654021172428,0.693147180559945,0
18196,1465.15,4,261.75,325.9,366.2875,94.8944444444444,210,0.0132120697028942,4.79864258773709,0,0,0,0,7.29039519644836,5.90614492012019,1.6094379124341,0
18197,230.1,1,166,166,230.1,575.127777777778,9,0.120160329361929,2.15676724544816,8.7,1,-8.7,1,5.44285051728033,5.44285051728033,0.693147180559945,2.27212588550934
18198,4687.8,17,198.705882352941,250,275.752941176471,3.91736111111111,83,0.0896459111631859,3.34183156242044,302.9,4,-342.5,0.884379562043796,8.45293196516222,5.62312519908953,2.89037175789616,5.71669869992275
18199,344.75,1,99,99,344.75,683.054166666667,20,0.0516918387855542,2.97893519187666,2.55,1,-2.55,1,5.84571597054487,5.84571597054487,0.693147180559945,1.26694760348732
18200,163.84,1,111,111,163.84,105.795138888889,29,0.0574580281972885,3.02867960304301,0,0,0,0,5.10497530647062,5.10497530647062,0.693147180559945,0
18201,447.53,1,191,191,447.53,722.163194444444,27,0.0400026056317166,3.25590456808009,0,0,0,0,6.10597556889395,6.10597556889395,0.693147180559945,0
18202,1396.99,3,193.666666666667,287.9,465.663333333333,199.068055555556,56,0.0235489461542761,3.88635214861407,0,0,0,0,7.24279076969235,6.14560808405259,1.38629436111989,0
18203,504.42,4,28.25,40.6,126.105,157.029861111111,40,0.0555325504829838,3.22078865205444,0,0,0,0,6.22538976678687,4.84501351652471,1.6094379124341,0
18204,1993.7,3,400,507.2,664.566666666667,70.8791666666667,160,0.0117641954511126,4.70132739303918,14.4,1,-14.4,1,7.59824894207652,6.50063880812474,1.38629436111989,2.73436750941958
18205,517.36,2,96,114,258.68,35.9777777777778,30,0.0396915416515899,3.31035905857858,0,0,0,0,6.25066998156721,5.55945010376628,1.09861228866811,0
18206,314.66,1,246,246,314.66,553.002083333333,19,0.0582673250220908,2.895795112886,0,0,0,0,5.75466568497077,5.75466568497077,0.693147180559945,0
18207,543.52,1,325,325,543.52,498.975,30,0.0398124137048318,3.31424999594988,38.4,2,-39.35,0.975857687420585,6.29990467264427,6.29990467264427,0.693147180559945,3.67376581630389
18208,359.13,1,82,82,359.13,565.080555555556,17,0.0678556040933436,2.76221819799518,0,0,0,0,5.88646507737634,5.88646507737634,0.693147180559945,0
18209,139.1,1,58,58,139.1,28.0298611111111,8,0.129559647337485,2.06237834938535,0,0,0,0,4.94235645334296,4.94235645334296,0.693147180559945,0
18210,2768.83,7,214.142857142857,517.4,395.547142857143,1.075,117,0.0115981880069157,4.61430531582155,0,0,0,0,7.9265412254569,5.9827949315031,2.07944154167984,0
18211,600.55,5,71.8,100,120.11,25.1944444444444,37,0.0463868764708309,3.29653555932226,0,0,0,0,6.39950965747953,4.79669922353296,1.79175946922805,0
18212,546.72,2,83.5,99.25,273.36,325.858333333333,40,0.0497439939316398,3.28843278422625,0,0,0,0,6.30576420746403,5.61444111263112,1.09861228866811,0
18213,232.48,1,232,232,232.48,236.145138888889,15,0.0741936107462596,2.6533029765518,0,0,0,0,5.45309642033559,5.45309642033559,0.693147180559945,0
18214,1780.34,4,247.25,432.15,445.085,530.103472222222,38,0.0957850052887426,2.72455572493305,299.35,1,-299.35,1,7.48512116905634,6.10050951682108,1.6094379124341,5.70494846129617
18215,2247.49,5,228.6,325.2,449.498,88.90625,56,0.0286169683095891,3.78365683246382,8.5,1,-8.5,1,7.71801415879149,6.11035363752688,1.79175946922805,2.2512917986065
18216,474.75,1,200,200,474.75,30.8298611111111,26,0.0421041169918149,3.21036308114976,0,0,0,0,6.16489250617626,6.16489250617626,0.693147180559945,0
18217,945.04,4,185,262.9,236.26,28.9805555555556,33,0.0436362668776417,3.31166526816076,42.24,2,-42.24,1,6.85228485145606,5.46915658623296,1.6094379124341,3.76676599277101
18218,1142,4,269,369.9,285.5,211.039583333333,25,0.12604669704117,2.64439499423198,35.7,2,-35.7,1,7.04141166379481,5.65773853615479,1.6094379124341,3.60277675506052
18219,3541.89,17,97.2352941176471,159.2,208.346470588235,2.04652777777778,88,0.0257630047840941,4.04629987173512,41.5,2,-55.5,0.747747747747748,8.1726980572483,5.34399063341803,2.89037175789616,3.74950407593037
18220,1845.44,6,213.333333333333,351,307.573333333333,226.199305555556,17,0.139720581668377,2.28182210449982,150.06,5,-150.06,1,7.52101473985729,5.73195952444335,1.94591014905531,5.0176771088853
18221,1424.94,6,166.666666666667,206,237.49,21.9236111111111,71,0.0212453711945785,4.09235020696496,54.6,2,-54.6,1,7.26258652435271,5.47432738072819,1.94591014905531,4.01818320125654
18222,444.28,1,335,335,444.28,92.1284722222222,19,0.0644151193824131,2.84137147541067,0,0,0,0,6.09870329777758,6.09870329777758,0.693147180559945,0
18223,13975.41,26,254.615384615385,596.75,537.515769230769,4.15208333333333,212,0.0118272840455596,4.83249445863082,503.27,26,-503.27,1,9.54512618738818,6.28881677979028,3.29583686600433,6.22311183891341
18224,158.95,1,69,69,158.95,263.097222222222,10,0.104989579994777,2.27805792299524,0,0,0,0,5.07486126639553,5.07486126639553,0.693147180559945,0
18225,13056.66,26,280.923076923077,795.75,502.179230769231,2.97430555555556,293,0.0147576644795532,4.87111436780772,403.35,8,-403.35,1,9.47713021372954,6.22094643022844,3.29583686600433,6.00228083954183
18226,11589.44,26,293.038461538462,483.5,445.747692307692,44.0097222222222,312,0.00744833820066476,5.30708715827665,130.3,12,-130.3,1,9.35793589937506,6.10199398851459,3.29583686600433,4.87748478130875
18227,111.75,2,11,20,55.875,217.060416666667,6,0.179136074951579,1.75522331672824,18,1,-295,0.0610169491525424,4.72517297838279,4.04085587727111,1.09861228866811,2.94443897916644
18228,779.9,2,119,138.8,389.95,56.1868055555556,24,0.053434743730563,3.05272989580497,10.7,1,-10.7,1,6.66044710066863,5.96857967457052,1.09861228866811,2.45958884180371
18229,10803.71,28,113.678571428571,213.7,385.846785714286,11.1263888888889,73,0.0428028876607612,3.65322862096016,0,0,0,0,9.28773742915461,5.95802871209261,3.36729582998647,0
18230,4291.06,9,221.777777777778,382.8,476.784444444444,8.97777777777778,42,0.0399911820769912,3.43022074619365,100.35,3,-100.35,1,8.36452208314961,6.16915967773646,2.30258509299405,4.61857987289801
18231,6880.97,28,104.392857142857,245.65,245.748928571429,191.980555555556,229,0.0113731394510574,4.91530132775135,32.8,2,-32.8,1,8.83666022715002,5.50837133614177,3.36729582998647,3.52046080248897
18232,592.97,4,75.5,112.1,148.2425,81.0840277777778,31,0.0491669045389388,3.24274524855188,10.5,1,-10.5,1,6.38682881303672,5.00557249975379,1.6094379124341,2.4423470353692
18233,72,1,4,4,72,325.170833333333,1,1,0,0,0,0,0,4.29045944114839,4.29045944114839,0.693147180559945,0
18234,179.6,1,80,80,179.6,551.102777777778,30,0.0587039808830313,3.07681756510876,0,0,0,0,5.19628464098288,5.19628464098288,0.693147180559945,0
18235,1796.48,3,526,822.2,598.826666666667,71.2243055555556,100,0.0131320997084993,4.47123308874769,0,0,0,0,7.49414096296863,6.39664072459082,1.38629436111989,0
18236,1795.35,12,58,104.5,149.6125,29.1972222222222,81,0.018271442522705,4.21825822272931,0,0,0,0,7.49351210738156,5.0147103132494,2.56494935746154,0
18237,987.1,5,124.4,189.2,197.42,2.00069444444444,40,0.0341518603868949,3.53508274467769,0,0,0,0,6.89578390720092,5.29038599622176,1.79175946922805,0
18238,270.92,1,114,114,270.92,515.040972222222,14,0.117716177885508,2.43680593306133,0,0,0,0,5.60550790538786,5.60550790538786,0.693147180559945,0
18239,2150.36,6,175.333333333333,368.5,358.393333333333,218.05,85,0.0166021388723393,4.27683924908797,0,0,0,0,7.67385547928067,5.88441742474317,1.94591014905531,0
18240,424.74,1,126,126,424.74,46.0305555555556,6,0.522233050802897,0.990283095303426,0,0,0,0,6.05382883130453,6.05382883130453,0.693147180559945,0
18241,2986.99,21,70.0476190476191,132,142.237619047619,9.02777777777778,103,0.0144456233546007,4.4281401250737,32.9,2,-32.9,1,8.00235619952689,4.9645049228727,3.09104245335832,3.5234150143864
18242,3605.21,8,252.625,428.95,450.65125,72.0048611111111,113,0.0225780629738061,4.31074252347798,0,0,0,0,8.19041263834048,6.11291031122182,2.19722457733622,0
18243,515.78,1,221,221,515.78,413.972916666667,26,0.0425421395511242,3.20783396809974,0,0,0,0,6.24761725202914,6.24761725202914,0.693147180559945,0
18244,447.04,2,238,283,223.52,430.107638888889,19,0.0940016713452849,2.67442091910811,0,0,0,0,6.10488251414354,5.413964790074,1.09861228866811,0
18245,6325.46,20,254.9,460.95,316.273,6.91805555555556,343,0.00463728864218821,5.63949839114548,88.75,3,-88.75,1,8.75249611699809,5.75976260199659,3.04452243772342,4.49702802736839
18246,758.82,3,71.3333333333333,93.4,252.94,23.0423611111111,3,0.371496786294621,1.04192797322444,0,0,0,0,6.63308156312359,5.53709801864164,1.38629436111989,0
18247,839.73,3,111.666666666667,141.8,279.91,414.167361111111,28,0.0635481770414454,3.06910597645217,118.3,3,-118.3,1,6.73427056205316,5.63803433333414,1.38629436111989,4.78164132910387
18248,760.6,2,255.5,267.65,380.3,122.146527777778,39,0.0314215748130256,3.55531716006559,21,2,-21,1,6.63542148347716,5.94358646686352,1.09861228866811,3.09104245335832
18249,96.78,1,128,128,96.78,16.9048611111111,8,0.133079070432463,2.04514005776405,0,0,0,0,4.5827200571505,4.5827200571505,0.693147180559945,0
18250,349.27,1,199,199,349.27,309.981944444444,21,0.0519836067017189,2.99803182646152,6.35,1,-6.35,1,5.85870428565681,5.85870428565681,0.693147180559945,1.99470031322475
18251,11011.19,9,1354.66666666667,2487.8,1223.46555555556,86.9493055555556,90,0.0196492344558772,4.18368240131368,0,0,0,0,9.30675812001848,7.11025974660137,2.30258509299405,0
18252,1538.19,7,133.857142857143,301.5,219.741428571429,50.0465277777778,125,0.0195758476146263,4.27623168966033,76.5,1,-76.5,1,7.33901158300884,5.39699201006172,2.07944154167984,4.3502779363593
18253,317.88,1,128,128,317.88,642.008333333333,7,0.166819505383984,1.84726396408082,0,0,0,0,5.76481485646448,5.76481485646448,0.693147180559945,0
18254,267.9,1,188,188,267.9,580.967361111111,16,0.0669171320046799,2.73895858623716,0,0,0,0,5.59433956327482,5.59433956327482,0.693147180559945,0
18255,303.15,2,100.5,124.35,151.575,89.0236111111111,17,0.0669599617997502,2.76558415728705,0,0,0,0,5.71752100076671,5.02765627843056,1.09861228866811,0
18256,110.7,1,180,180,110.7,387.164583333333,10,0.112824377024258,2.23665966851582,50.1,1,-50.1,1,4.71581670607516,4.71581670607516,0.693147180559945,3.93378449720966
18257,4600.15,12,197.416666666667,447.05,383.345833333333,38.9180555555556,228,0.00768149267803737,5.16483100393112,103.35,6,-103.35,1,8.43406155123239,5.95154275492288,2.56494935746154,4.64775063352321
18258,2024.15,6,322.166666666667,525.75,337.358333333333,463.979166666667,31,0.0507394146686834,3.15175551657403,18.7,2,-18.7,1,7.61339905087137,5.82410549170354,1.94591014905531,2.98061863574394
18259,4318.2,7,198.571428571429,313.8,616.885714285714,24.0111111111111,51,0.0584742617381443,3.2649046057614,0,0,0,0,8.37082547890408,6.42630351201607,2.07944154167984,0
18260,9234.61,23,222.913043478261,446.1,401.504782608696,172.050694444444,218,0.0174779897531511,4.80679711626601,210.16,9,-210.16,1,9.13082194351095,5.99770697904565,3.17805383034795,5.35261613995542
18261,324.24,2,73,99.1,162.12,42.9263888888889,19,0.0589100890653809,2.89099413851885,0,0,0,0,5.78456337133964,5.0944861262662,1.09861228866811,0
18262,581.86,3,184,246.8,193.953333333333,139.906944444444,40,0.0291343428912165,3.615001669616,0,0,0,0,6.36794702029166,5.27276021368373,1.38629436111989,0
18263,1216.12,3,489.333333333333,690,405.373333333333,25.1597222222222,58,0.0217501201981527,3.92391583458417,2.08,1,-2.08,1,7.10424269124899,6.0072722773135,1.38629436111989,1.12492959698548
18264,603.25,1,241,241,603.25,498.158333333333,36,0.0309478307599274,3.53316327752138,0,0,0,0,6.40398801958359,6.40398801958359,0.693147180559945,0
18265,801.51,2,155.5,217.15,400.755,71.9861111111111,44,0.0255848960235713,3.72763292437625,0,0,0,0,6.68774431598572,5.99584245009089,1.09861228866811,0
18266,251.1,1,138,138,251.1,433.928472222222,14,0.079996402923909,2.58095514336427,0,0,0,0,5.52982583419387,5.52982583419387,0.693147180559945,0
18267,269.37,1,135,135,269.37,672.171527777778,17,0.0668697317165081,2.77313972319559,16.5,1,-16.5,1,5.5997913912682,5.5997913912682,0.693147180559945,2.86220088092947
18268,1490.23,6,118.5,258.5,248.371666666667,133.775694444444,37,0.070261725416222,3.04822659846332,39.01,2,-39.01,1,7.30735656175471,5.51894442080458,1.94591014905531,3.68912942286914
18269,337.2,1,152,152,337.2,365.95625,7,0.155646458378187,1.90552535297718,29.7,1,-29.7,1,5.82363743646448,5.82363743646448,0.693147180559945,3.42426265459315
18270,444.55,3,69.6666666666667,103.2,148.183333333333,37.9534722222222,17,0.0684456564836575,2.75370260605647,44.2,1,-44.2,1,6.09930947405873,5.00517597464884,1.38629436111989,3.81109708683819
18271,680.85,2,159.5,222.95,340.425,609.183333333333,19,0.0744561794161016,2.75023364008877,0,0,0,0,6.52480969230384,5.83312803556449,1.09861228866811,0
18272,4385.98,9,320,464,487.331111111111,2.00486111111111,148,0.0100528386482999,4.7988422005289,38.65,2,-38.65,1,8.38639634223173,6.19099368214699,2.30258509299405,3.68009094808086
18273,357,4,35,57,89.25,1.98194444444444,1,1,0,0,0,0,0,5.8805329864007,4.50258359721299,1.6094379124341,0
18274,175.92,1,88,88,175.92,29.8243055555556,11,0.0940027736469572,2.38034626703686,175.92,1,-175.92,1,5.17569765300013,5.17569765300013,0.693147180559945,5.17569765300013
18275,741.85,2,208.5,222.45,370.925,577.919444444444,19,0.0588879636804006,2.87891037820948,0,0,0,0,6.61049414008336,5.91869222104331,1.09861228866811,0
18276,1656.52,6,207.666666666667,259.5,276.086666666667,43.1222222222222,81,0.0235790068450721,4.11405123128938,35.85,4,-35.85,1,7.41307778835223,5.62433033330478,1.94591014905531,3.60685561863535
18277,1118.1,5,89.8,156.8,223.62,57.9361111111111,54,0.0233541887105635,3.87231348047837,38.7,3,-68.67,0.563564875491481,7.02028006982398,5.41441008553489,1.79175946922805,3.68135118769314
18278,414.2,2,70,73.6,207.1,73.0777777777778,22,0.0534953501260538,3.01587833427107,0,0,0,0,6.02876033185168,5.33801873339959,1.09861228866811,0
18279,222.7,1,606,606,222.7,518.959722222222,13,0.10012164461585,2.43056232353632,0,0,0,0,5.41030586849608,5.41030586849608,0.693147180559945,0
18280,488.15,2,97,143.8,244.075,277.123611111111,28,0.0416830328126176,3.25971592986848,15.7,1,-15.7,1,6.19266919090344,5.50156428614779,1.09861228866811,2.81540871942271
18281,201.14,2,73,90.1,100.57,180.122916666667,17,0.0722958434922335,2.71058867157024,0,0,0,0,5.30896052664652,4.62074821595141,1.09861228866811,0
18282,178.05,2,51.5,72.65,89.025,7.04652777777778,12,0.0952225066697706,2.40966442594884,1.45,1,-1.45,1,5.18766509644444,4.50008740953494,1.09861228866811,0.896088024556636
18283,2736.65,22,78.7727272727273,156.25,124.393181818182,3.03333333333333,372,0.00694819130212685,5.38547476683989,0,0,0,0,7.91485516714414,4.83145425525478,3.13549421592915,0
18284,429.68,1,494,494,429.68,431.095138888889,28,0.0428696275373089,3.24681855096839,18,1,-25,0.72,6.06536535494752,6.06536535494752,0.693147180559945,2.94443897916644
18285,395,1,145,145,395,660.101388888889,12,0.292733087646211,1.80027744176919,0,0,0,0,5.98141421125448,5.98141421125448,0.693147180559945,0
18286,1243.58,2,304,475,621.79,476.078472222222,67,0.0187445624602256,4.10095096408798,108,1,-108,1,7.12655340258611,6.43420938331199,1.09861228866811,4.69134788222914
18287,4150.99,7,430.428571428571,912.6,592.998571428571,42.18125,120,0.0221357192277478,4.2996443844837,5.1,1,-5.1,1,8.33134301636498,6.38687691435735,2.07944154167984,1.80828877117927
NA,2556297.1,4968,149.84883252818,682.299999999999,514.552556360709,0.1,4624,0.00215830053597107,7.18903779231834,45840.05,3784,-431531.07,0.106226534279444,14.7540707152221,6.24523925046336,8.51097389160232,10.7329352568855
